Store,Holiday_Flag,Temperature,Fuel_Price,CPI,Unemployment,Year,Month,Week,DayOfWeek,IsWeekend,lag_1,lag_2,lag_4,rolling_mean_4,rolling_mean_12
1,0,67.41,2.78,210.3895456,7.808,2010,4,17,4,0,1391256.12,1466058.28,1594968.28,1499425.3025,1514694.9408333332
1,0,72.55,2.835,210.3399684,7.808,2010,5,18,4,0,1425100.71,1391256.12,1545418.53,1456958.41,1496479.0916666668
1,0,74.78,2.854,210.3374261,7.808,2010,5,19,4,0,1603955.12,1425100.71,1466058.28,1471592.5575,1493312.2316666667
1,0,76.44,2.826,210.6170934,7.808,2010,5,20,4,0,1494251.5,1603955.12,1391256.12,1478640.8625,1483502.5091666665
1,0,80.44,2.759,210.8967606,7.808,2010,5,21,4,0,1399662.07,1494251.5,1425100.71,1480742.35,1482663.7158333333
1,0,80.69,2.705,211.1764278,7.808,2010,6,22,4,0,1432069.95,1399662.07,1603955.12,1482484.6600000001,1472435.655
1,0,80.43,2.668,211.4560951,7.808,2010,6,23,4,0,1615524.71,1432069.95,1494251.5,1485377.0575,1487100.915
1,0,84.11,2.637,211.4537719,7.808,2010,6,24,4,0,1542561.09,1615524.71,1399662.07,1497454.455,1492938.0233333334
1,0,84.34,2.653,211.3386526,7.808,2010,6,25,4,0,1503284.06,1542561.09,1432069.95,1523359.9525,1501175.8683333334
1,0,80.91,2.669,211.2235333,7.787,2010,7,26,4,0,1422711.6,1503284.06,1615524.71,1521020.365,1486821.1450000003
1,0,80.48,2.642,211.108414,7.787,2010,7,27,4,0,1492418.14,1422711.6,1542561.09,1490243.7225,1482404.4458333335
1,0,83.15,2.623,211.1003854,7.787,2010,7,28,4,0,1546074.18,1492418.14,1503284.06,1491121.9949999999,1489072.4375
1,0,83.36,2.608,211.2351443,7.787,2010,7,29,4,0,1448938.92,1546074.18,1422711.6,1477535.71,1493879.3375000001
1,0,81.84,2.64,211.3699032,7.787,2010,7,30,4,0,1385065.2,1448938.92,1492418.14,1468124.1099999999,1490543.045
1,0,87.16,2.627,211.5046621,7.787,2010,8,31,4,0,1371986.6,1385065.2,1546074.18,1438016.225,1471212.335
1,0,87.0,2.692,211.6394211,7.787,2010,8,32,4,0,1605491.78,1371986.6,1448938.92,1452870.625,1480482.3583333334
1,0,86.65,2.664,211.6033633,7.787,2010,8,33,4,0,1508237.76,1605491.78,1385065.2,1467695.335,1489530.3325000003
1,0,85.22,2.619,211.5673056,7.787,2010,8,34,4,0,1513080.49,1508237.76,1371986.6,1499699.1575,1496281.2108333334
1,0,81.21,2.577,211.5312479,7.787,2010,9,35,4,0,1449142.92,1513080.49,1605491.78,1518988.2374999998,1482416.0616666668
1,1,78.69,2.565,211.4951902,7.787,2010,9,36,4,0,1540163.53,1449142.92,1508237.76,1502656.175,1482216.265
1,0,82.11,2.582,211.5224596,7.787,2010,9,37,4,0,1507460.69,1540163.53,1513080.49,1502461.9074999997,1482564.3175
1,0,80.94,2.624,211.5972246,7.787,2010,9,38,4,0,1430378.67,1507460.69,1449142.92,1481786.4525000001,1483203.24
1,0,71.89,2.603,211.6719895,7.838,2010,10,39,4,0,1351791.03,1430378.67,1540163.53,1457448.48,1471484.3141666667
1,0,63.93,2.633,211.7467544,7.838,2010,10,40,4,0,1453329.5,1351791.03,1507460.69,1435739.9725,1463755.5908333333
1,0,67.18,2.72,211.8137436,7.838,2010,10,41,4,0,1508239.93,1453329.5,1430378.67,1435934.7824999997,1468697.3416666668
1,0,69.86,2.725,211.8612937,7.838,2010,10,42,4,0,1459409.1,1508239.93,1351791.03,1443192.39,1474892.6666666667
1,0,69.64,2.716,211.9088438,7.838,2010,10,43,4,0,1345454.0,1459409.1,1453329.5,1441608.1325,1472681.6166666665
1,0,58.74,2.689,211.9563939,7.838,2010,11,44,4,0,1384209.22,1345454.0,1508239.93,1424328.0625,1454241.4033333333
1,0,59.61,2.728,212.003944,7.838,2010,11,45,4,0,1551659.28,1384209.22,1459409.1,1435182.9,1457859.8633333333
1,0,51.41,2.771,211.8896737,7.838,2010,11,46,4,0,1494479.49,1551659.28,1345454.0,1443950.4975,1456309.78
1,1,64.52,2.735,211.7484333,7.838,2010,11,47,4,0,1483784.18,1494479.49,1384209.22,1478533.0425,1459196.5516666668
1,0,49.27,2.708,211.607193,7.838,2010,12,48,4,0,1955624.11,1483784.18,1551659.28,1621386.765,1493818.2666666666
1,0,46.33,2.843,211.4659526,7.838,2010,12,49,4,0,1548033.78,1955624.11,1494479.49,1620480.39,1497199.3575
1,0,49.84,2.869,211.4053124,7.838,2010,12,50,4,0,1682614.26,1548033.78,1483784.18,1667514.0825,1518218.99
1,0,52.33,2.886,211.4051222,7.838,2010,12,51,4,0,1891034.93,1682614.26,1955624.11,1769326.77,1563155.9816666665
1,1,48.43,2.943,211.4049321,7.838,2010,12,52,4,0,2387950.2,1891034.93,1548033.78,1877408.2925,1641041.0399999998
1,0,48.27,2.976,211.4047419,7.742,2011,1,1,4,0,1367320.01,2387950.2,1682614.26,1832229.85,1629297.7133333331
1,0,35.4,2.983,211.4574109,7.742,2011,1,2,4,0,1444732.28,1367320.01,1891034.93,1772759.355,1628074.6450000003
1,0,44.04,3.016,211.8272343,7.742,2011,1,3,4,0,1391013.96,1444732.28,2387950.2,1647754.1125000003,1631871.3083333336
1,0,43.83,3.01,212.1970577,7.742,2011,1,4,4,0,1327405.42,1391013.96,1367320.01,1382617.9175,1627137.6583333332
1,0,42.27,2.989,212.5668812,7.742,2011,2,5,4,0,1316899.31,1327405.42,1444732.28,1370012.7425,1607574.3275
1,1,36.39,3.022,212.9367046,7.742,2011,2,6,4,0,1606629.58,1316899.31,1391013.96,1410487.0675,1616920.1683333332
1,0,57.36,3.045,213.2478853,7.742,2011,2,7,4,0,1649614.93,1606629.58,1327405.42,1475137.31,1630739.3975
1,0,62.9,3.065,213.535609,7.742,2011,2,8,4,0,1686842.78,1649614.93,1316899.31,1564996.65,1608340.9533333334
1,0,59.58,3.288,213.8233327,7.742,2011,3,9,4,0,1456800.28,1686842.78,1606629.58,1599971.8924999998,1600738.1616666664
1,0,53.56,3.459,214.1110564,7.742,2011,3,10,4,0,1636263.41,1456800.28,1649614.93,1607380.35,1596875.5908333333
1,0,62.76,3.488,214.3627114,7.742,2011,3,11,4,0,1553191.63,1636263.41,1686842.78,1583274.525,1568721.9825
1,0,69.97,3.473,214.5999389,7.742,2011,3,12,4,0,1576818.06,1553191.63,1456800.28,1555768.3450000002,1501127.6375
1,0,59.17,3.524,214.8371664,7.682,2011,4,13,4,0,1541102.38,1576818.06,1636263.41,1576843.87,1515609.5016666667
1,0,67.84,3.622,215.0743939,7.682,2011,4,14,4,0,1495064.75,1541102.38,1553191.63,1541544.205,1519803.8741666665
1,0,71.27,3.743,215.2918561,7.682,2011,4,15,4,0,1614259.35,1495064.75,1576818.06,1556811.135,1538407.656666667
1,0,72.99,3.807,215.4599053,7.682,2011,4,16,4,0,1559889.0,1614259.35,1541102.38,1552578.87,1557781.2883333333
1,0,72.03,3.81,215.6279544,7.682,2011,4,17,4,0,1564819.81,1559889.0,1495064.75,1558508.2275,1578441.33
1,0,64.61,3.906,215.7960035,7.682,2011,5,18,4,0,1455090.69,1564819.81,1614259.35,1548514.7125,1565813.0891666666
1,0,75.64,3.899,215.9640526,7.682,2011,5,19,4,0,1629391.28,1455090.69,1559889.0,1552297.695,1564127.785
1,0,67.63,3.907,215.7339202,7.682,2011,5,20,4,0,1604775.58,1629391.28,1564819.81,1563519.34,1557288.8516666666
1,0,77.72,3.786,215.5037878,7.682,2011,5,21,4,0,1428218.27,1604775.58,1455090.69,1529368.955,1554907.0175
1,0,83.0,3.699,215.2736553,7.682,2011,6,22,4,0,1466046.67,1428218.27,1629391.28,1532107.95,1540722.2891666668
1,0,83.13,3.648,215.0435229,7.682,2011,6,23,4,0,1635078.41,1466046.67,1604775.58,1533529.7325,1547546.1875
1,0,86.41,3.637,214.9980596,7.682,2011,6,24,4,0,1588948.32,1635078.41,1428218.27,1529572.9175,1548557.0424999997
1,0,83.58,3.594,215.0910982,7.682,2011,6,25,4,0,1532114.86,1588948.32,1466046.67,1555547.065,1547808.0825000003
1,0,85.55,3.524,215.1841368,7.962,2011,7,26,4,0,1438830.15,1532114.86,1635078.41,1548742.935,1543121.8658333335
1,0,85.83,3.48,215.2771754,7.962,2011,7,27,4,0,1488538.09,1438830.15,1588948.32,1512107.855,1532645.0941666665
1,0,88.54,3.575,215.3611087,7.962,2011,7,28,4,0,1534849.64,1488538.09,1532114.86,1498583.185,1530558.4808333332
1,0,85.77,3.651,215.4222784,7.962,2011,7,29,4,0,1455119.97,1534849.64,1438830.15,1479334.4625000001,1521416.8275
1,0,86.83,3.682,215.4834482,7.962,2011,7,30,4,0,1396926.82,1455119.97,1488538.09,1468858.63,1516569.8383333331
1,0,91.65,3.684,215.544618,7.962,2011,8,31,4,0,1352219.79,1396926.82,1534849.64,1434779.0550000002,1493472.2141666666
1,0,90.76,3.638,215.6057878,7.962,2011,8,32,4,0,1624383.75,1352219.79,1455119.97,1457162.5825,1495106.2283333333
1,0,89.94,3.554,215.6693107,7.962,2011,8,33,4,0,1525147.09,1624383.75,1396926.82,1474669.3625,1503183.63
1,0,87.96,3.523,215.7332258,7.962,2011,8,34,4,0,1530761.43,1525147.09,1352219.79,1508128.0150000001,1508576.5266666666
1,0,87.83,3.533,215.7971409,7.962,2011,9,35,4,0,1464693.46,1530761.43,1624383.75,1536246.4324999999,1494377.7808333335
1,1,76.0,3.546,215.861056,7.962,2011,9,36,4,0,1550229.22,1464693.46,1525147.09,1517707.8,1491151.1891666667
1,0,79.94,3.526,216.0410526,7.962,2011,9,37,4,0,1540471.24,1550229.22,1530761.43,1521538.8375,1491847.5541666665
1,0,75.8,3.467,216.3758246,7.962,2011,9,38,4,0,1514259.78,1540471.24,1464693.46,1517413.425,1498133.3566666667
1,0,79.69,3.355,216.7105965,7.962,2011,9,39,4,0,1380020.27,1514259.78,1550229.22,1496245.1275,1489090.205
1,0,69.31,3.285,217.0453684,7.866,2011,10,40,4,0,1394561.83,1380020.27,1540471.24,1457328.28,1477399.5541666665
1,0,71.74,3.274,217.3552733,7.866,2011,10,41,4,0,1630989.95,1394561.83,1514259.78,1479957.9575,1492055.3858333335
1,0,63.71,3.353,217.5159762,7.866,2011,10,42,4,0,1493525.93,1630989.95,1380020.27,1474774.4949999999,1500105.3116666668
1,0,66.57,3.372,217.6766791,7.866,2011,10,43,4,0,1502562.78,1493525.93,1394561.83,1505410.1225,1512633.8941666668
1,0,54.98,3.332,217.837382,7.866,2011,11,44,4,0,1445249.09,1502562.78,1630989.95,1518081.9375,1497706.0058333334
1,0,59.11,3.297,217.9980849,7.866,2011,11,45,4,0,1697229.58,1445249.09,1493525.93,1534641.845,1512046.2133333331
1,0,62.25,3.308,218.2205088,7.866,2011,11,46,4,0,1594938.89,1697229.58,1502562.78,1559995.085,1517394.335
1,1,60.14,3.236,218.4676211,7.866,2011,11,47,4,0,1539483.7,1594938.89,1445249.09,1569225.315,1523626.8549999997
1,0,48.91,3.172,218.7147333,7.866,2011,12,48,4,0,2033320.66,1539483.7,1697229.58,1716243.2075,1563884.4749999999
1,0,43.93,3.158,218.9618456,7.866,2011,12,49,4,0,1584083.95,2033320.66,1594938.89,1687956.8,1567518.8675
1,0,51.63,3.159,219.1794533,7.866,2011,12,50,4,0,1799682.38,1584083.95,1539483.7,1739142.6725,1591304.0841666667
1,0,47.96,3.112,219.3577216,7.866,2011,12,51,4,0,1881176.67,1799682.38,2033320.66,1824565.915,1633067.1175
1,1,44.55,3.129,219.5359898,7.866,2011,12,52,4,0,2270188.99,1881176.67,1584083.95,1883782.9975,1706036.0475
1,0,49.01,3.157,219.7142581,7.348,2012,1,1,4,0,1497462.72,2270188.99,1799682.38,1862127.69,1694908.7783333333
1,0,48.53,3.261,219.8925263,7.348,2012,1,2,4,0,1550369.92,1497462.72,1881176.67,1799799.575,1699645.7775
1,0,54.11,3.268,219.9856893,7.348,2012,1,3,4,0,1459601.17,1550369.92,2270188.99,1694405.7,1696065.6433333333
1,0,54.26,3.29,220.0788523,7.348,2012,1,4,4,0,1394393.84,1459601.17,1497462.72,1475456.9125,1691827.7058333333
1,0,56.55,3.36,220.1720153,7.348,2012,2,5,4,0,1319325.59,1394393.84,1550369.92,1430922.6300000001,1660335.7066666668
1,1,48.02,3.409,220.2651783,7.348,2012,2,6,4,0,1636339.65,1319325.59,1459601.17,1452415.0625,1663785.7700000003
1,0,45.32,3.51,220.4257586,7.348,2012,2,7,4,0,1802477.43,1636339.65,1394393.84,1538134.1275,1685701.9141666668
1,0,57.25,3.555,220.636902,7.348,2012,2,8,4,0,1819870.0,1802477.43,1319325.59,1644503.1675,1667914.3591666669
1,0,60.96,3.63,220.8480454,7.348,2012,3,9,4,0,1539387.83,1819870.0,1636339.65,1699518.7275,1664189.6825
1,0,58.76,3.669,221.0591887,7.348,2012,3,10,4,0,1688420.76,1539387.83,1802477.43,1712539.0050000001,1654917.8808333334
1,0,64.74,3.734,221.2118132,7.348,2012,3,11,4,0,1675431.16,1688420.76,1819870.0,1680777.4375,1637772.4216666669
1,0,65.93,3.787,221.2864126,7.348,2012,3,12,4,0,1677472.78,1675431.16,1539387.83,1645178.1324999998,1588379.4041666666
1,0,67.61,3.845,221.3610119,7.348,2012,3,13,4,0,1511068.07,1677472.78,1688420.76,1638098.1925,1589513.1833333333
1,0,70.43,3.891,221.4356112,7.143,2012,4,14,4,0,1649604.63,1511068.07,1675431.16,1628394.16,1597782.7424999997
1,0,69.07,3.891,221.5102105,7.143,2012,4,15,4,0,1899676.88,1649604.63,1677472.78,1684455.59,1634455.7183333335
1,0,66.76,3.877,221.5640737,7.143,2012,4,16,4,0,1621031.7,1899676.88,1511068.07,1670345.32,1653342.2066666668
1,0,67.23,3.814,221.6179368,7.143,2012,4,17,4,0,1521577.87,1621031.7,1649604.63,1672972.77,1670196.5633333335
1,0,75.55,3.749,221.6718,7.143,2012,5,18,4,0,1468928.37,1521577.87,1899676.88,1627803.705,1656245.623333333
1,0,73.77,3.688,221.7256632,7.143,2012,5,19,4,0,1684519.99,1468928.37,1621031.7,1574014.4825,1646415.8366666667
1,0,70.33,3.63,221.742674,7.143,2012,5,20,4,0,1611096.05,1684519.99,1521577.87,1571530.57,1629018.0075
1,0,77.22,3.561,221.744944,7.143,2012,5,21,4,0,1595901.87,1611096.05,1468928.37,1590111.57,1633727.5108333332
1,0,77.95,3.501,221.7472139,7.143,2012,6,22,4,0,1555444.55,1595901.87,1684519.99,1611740.615,1622646.16
1,0,78.3,3.452,221.7494839,7.143,2012,6,23,4,0,1624477.58,1555444.55,1611096.05,1596730.0125000002,1618400.0283333333
1,0,79.35,3.393,221.7626421,7.143,2012,6,24,4,0,1697230.96,1624477.58,1595901.87,1618263.74,1620046.5433333337
1,0,78.39,3.346,221.8030211,7.143,2012,6,25,4,0,1630607.0,1697230.96,1555444.55,1626940.0225,1630008.1208333336
1,0,84.88,3.286,221.8434,7.143,2012,6,26,4,0,1527845.81,1630607.0,1624477.58,1620040.3375,1619861.5525
1,0,81.57,3.227,221.8837789,6.908,2012,7,27,4,0,1540421.49,1527845.81,1697230.96,1599026.315,1589923.6033333333
1,0,77.12,3.256,221.9241579,6.908,2012,7,28,4,0,1769854.16,1540421.49,1630607.0,1617182.115,1602325.4749999999
1,0,80.42,3.311,221.9327267,6.908,2012,7,29,4,0,1527014.04,1769854.16,1527845.81,1591283.875,1602778.4891666665
1,0,82.66,3.407,221.9412954,6.908,2012,7,30,4,0,1497954.76,1527014.04,1540421.49,1583811.1124999998,1605197.3550000002
1,0,86.11,3.417,221.9498642,6.908,2012,8,31,4,0,1439123.71,1497954.76,1769854.16,1558486.6675,1584747.665
2,0,66.98,2.78,210.0505833,8.2,2010,4,17,4,0,1821990.93,1874957.94,2066187.72,1929456.45,1971661.5975000001
2,0,71.28,2.835,210.0011018,8.2,2010,5,18,4,0,1802450.29,1821990.93,1954689.21,1863522.0925,1943783.3333333333
2,0,73.31,2.854,209.9984585,8.2,2010,5,19,4,0,2042581.71,1802450.29,1874957.94,1885495.2175,1935847.6841666668
2,0,74.83,2.826,210.2768443,8.2,2010,5,20,4,0,1880752.36,2042581.71,1821990.93,1886943.8224999998,1915539.4191666667
2,0,81.13,2.759,210.5552301,8.2,2010,5,21,4,0,1896937.1,1880752.36,1802450.29,1905680.365,1918192.7383333333
2,0,81.81,2.705,210.833616,8.2,2010,6,22,4,0,1957113.89,1896937.1,2042581.71,1944346.265,1915367.8016666665
2,0,83.4,2.668,211.1120018,8.2,2010,6,23,4,0,2102539.93,1957113.89,1880752.36,1959335.82,1924705.814166667
2,0,85.81,2.637,211.1096543,8.2,2010,6,24,4,0,2025538.76,2102539.93,1896937.1,1995532.42,1931328.1375
2,0,86.26,2.653,210.9950134,8.2,2010,6,25,4,0,2001636.96,2025538.76,1957113.89,2021707.385,1952281.4000000001
2,0,82.74,2.669,210.8803726,8.099,2010,7,26,4,0,1939927.09,2001636.96,2102539.93,2017410.685,1941759.6808333334
2,0,82.59,2.642,210.7657317,8.099,2010,7,27,4,0,2003940.64,1939927.09,2025538.76,1992760.8625,1945863.9666666668
2,0,85.32,2.623,210.7577954,8.099,2010,7,28,4,0,1880902.62,2003940.64,2001636.96,1956601.8275000001,1946359.3566666665
2,0,87.66,2.608,210.8921319,8.099,2010,7,29,4,0,1845879.79,1880902.62,1939927.09,1917662.5350000001,1948350.095
2,0,83.49,2.64,211.0264684,8.099,2010,7,30,4,0,1781717.71,1845879.79,2003940.64,1878110.1900000002,1946622.38
2,0,89.53,2.627,211.1608049,8.099,2010,8,31,4,0,1804246.16,1781717.71,1880902.62,1828186.5699999998,1926761.0841666665
2,0,89.05,2.692,211.2951413,8.099,2010,8,32,4,0,1991909.98,1804246.16,1845879.79,1855938.41,1936024.2191666665
2,0,88.7,2.664,211.2596586,8.099,2010,8,33,4,0,1895601.05,1991909.98,1781717.71,1868368.7249999999,1935912.8816666668
2,0,87.12,2.619,211.2241759,8.099,2010,8,34,4,0,1964335.23,1895601.05,1804246.16,1914023.105,1936514.6600000001
2,0,81.83,2.577,211.1886931,8.099,2010,9,35,4,0,1863840.49,1964335.23,1991909.98,1928921.6875,1916623.04
2,1,79.09,2.565,211.1532104,8.099,2010,9,36,4,0,1904608.09,1863840.49,1895601.05,1907096.215,1906545.4841666666
2,0,82.05,2.582,211.1806415,8.099,2010,9,37,4,0,1839128.83,1904608.09,1964335.23,1892978.1600000001,1893003.14
2,0,81.79,2.624,211.2552578,8.099,2010,9,38,4,0,1793903.6,1839128.83,1863840.49,1850370.2525,1880834.5158333334
2,0,69.24,2.603,211.3298742,8.163,2010,10,39,4,0,1724557.22,1793903.6,1904608.09,1815549.435,1857552.5641666667
2,0,63.19,2.633,211.4044906,8.163,2010,10,40,4,0,1827440.43,1724557.22,1839128.83,1796257.52,1853097.3816666668
2,0,65.8,2.72,211.4713286,8.163,2010,10,41,4,0,1849921.44,1827440.43,1793903.6,1798955.6724999999,1853434.1858333333
2,0,68.5,2.725,211.5187208,8.163,2010,10,42,4,0,1794355.49,1849921.44,1724557.22,1799068.645,1854487.3341666667
2,0,66.24,2.716,211.5661131,8.163,2010,10,43,4,0,1737947.64,1794355.49,1827440.43,1802416.2499999998,1848962.4575000003
2,0,57.85,2.689,211.6135053,8.163,2010,11,44,4,0,1802755.11,1737947.64,1849921.44,1796244.92,1833199.5516666668
2,0,59.69,2.728,211.6608975,8.163,2010,11,45,4,0,1939061.41,1802755.11,1794355.49,1818529.9125,1836821.2483333333
2,0,50.81,2.771,211.5470304,8.163,2010,11,46,4,0,1916812.74,1939061.41,1737947.64,1849144.225,1832861.0408333333
2,1,62.98,2.735,211.4062867,8.163,2010,11,47,4,0,1956739.17,1916812.74,1802755.11,1903842.1075,1840602.5975000001
2,0,49.33,2.708,211.265543,8.163,2010,12,48,4,0,2658725.29,1956739.17,1939061.41,2117834.6525,1903445.6975
2,0,45.5,2.843,211.1247993,8.163,2010,12,49,4,0,2015781.27,2658725.29,1916812.74,2137014.6174999997,1918166.7341666666
2,0,47.55,2.869,211.0645458,8.163,2010,12,50,4,0,2378726.55,2015781.27,1956739.17,2252493.07,1966901.9799999997
2,0,49.97,2.886,211.0646599,8.163,2010,12,51,4,0,2609166.75,2378726.55,2658725.29,2415599.965,2040619.4408333332
2,1,47.3,2.943,211.064774,8.163,2010,12,52,4,0,3436007.68,2609166.75,2015781.27,2609920.5625,2174666.7116666664
2,0,44.69,2.976,211.0648881,8.028,2011,1,1,4,0,1750434.55,3436007.68,2378726.55,2543583.8825000003,2166376.1374999997
2,0,33.02,2.983,211.1176713,8.028,2011,1,2,4,0,1758050.79,1750434.55,2609166.75,2388414.9425,2163350.745833333
2,0,41.4,3.016,211.4864691,8.028,2011,1,3,4,0,1744193.58,1758050.79,3436007.68,2172171.65,2163871.240833333
2,0,42.83,3.01,211.8552668,8.028,2011,1,4,4,0,1751384.9,1744193.58,1750434.55,1751015.955,2159590.39
2,0,38.25,2.989,212.2240646,8.028,2011,2,5,4,0,1695371.68,1751384.9,1758050.79,1737250.2374999998,2139282.9125
2,1,33.19,3.022,212.5928624,8.028,2011,2,6,4,0,1929346.23,1695371.68,1744193.58,1780074.0975,2140327.37
2,0,57.83,3.045,212.9033115,8.028,2011,2,7,4,0,2168041.61,1929346.23,1751384.9,1886036.105,2157935.9066666667
2,0,60.8,3.065,213.190421,8.028,2011,2,8,4,0,2080884.82,2168041.61,1695371.68,1968411.085,2109782.5341666667
2,0,57.77,3.288,213.4775305,8.028,2011,3,9,4,0,1833511.08,2080884.82,1929346.23,2002945.935,2094593.3516666668
2,0,52.7,3.459,213.7646401,8.028,2011,3,10,4,0,1981607.78,1833511.08,2168041.61,2016011.3225,2061500.1208333333
2,0,62.32,3.488,214.0156238,8.028,2011,3,11,4,0,1879107.31,1981607.78,2080884.82,1943777.7475,2000661.8341666667
2,0,69.42,3.473,214.2521573,8.028,2011,3,12,4,0,1902557.66,1879107.31,1833511.08,1899195.9575,1872874.3325000003
2,0,55.43,3.524,214.4886908,7.931,2011,4,13,4,0,1766162.05,1902557.66,1981607.78,1882358.7000000002,1874184.9574999998
2,0,67.0,3.622,214.7252242,7.931,2011,4,14,4,0,1800171.36,1766162.05,1879107.31,1836999.595,1877695.0050000001
2,0,69.48,3.743,214.9420631,7.931,2011,4,15,4,0,1847552.61,1800171.36,1902557.66,1829110.9200000002,1886308.2575
2,0,69.39,3.807,215.1096657,7.931,2011,4,16,4,0,1856467.84,1847552.61,1766162.05,1817588.465,1895065.1691666667
2,0,69.21,3.81,215.2772683,7.931,2011,4,17,4,0,1886339.6,1856467.84,1800171.36,1847632.8525000003,1910979.1624999999
2,0,61.48,3.906,215.4448709,7.931,2011,5,18,4,0,1745545.28,1886339.6,1847552.61,1833976.3325,1895662.4166666667
2,0,74.61,3.899,215.6124735,7.931,2011,5,19,4,0,1837743.6,1745545.28,1856467.84,1831524.08,1868137.5825000003
2,0,67.14,3.907,215.3834778,7.931,2011,5,20,4,0,1838513.07,1837743.6,1886339.6,1827035.3875000002,1847939.9366666668
2,0,76.42,3.786,215.1544822,7.931,2011,5,21,4,0,1688281.86,1838513.07,1745545.28,1777520.9525000001,1835837.5016666667
2,0,83.07,3.699,214.9254865,7.931,2011,6,22,4,0,1797732.56,1688281.86,1837743.6,1790567.7725000002,1820514.5666666667
2,0,83.4,3.648,214.6964908,7.931,2011,6,23,4,0,1933756.21,1797732.56,1838513.07,1814570.925,1825068.6416666666
2,0,86.53,3.637,214.6513538,7.931,2011,6,24,4,0,1929153.16,1933756.21,1688281.86,1837230.9475,1827284.9333333333
2,0,85.17,3.594,214.7441108,7.931,2011,6,25,4,0,1953771.99,1929153.16,1797732.56,1903603.48,1842919.095
2,0,85.69,3.524,214.8368678,7.852,2011,7,26,4,0,1790925.8,1953771.99,1933756.21,1901901.79,1842148.6316666666
2,0,87.7,3.48,214.9296249,7.852,2011,7,27,4,0,1866243.0,1790925.8,1929153.16,1885023.4875,1843706.1641666666
2,0,89.83,3.575,215.0134426,7.852,2011,7,28,4,0,1853161.99,1866243.0,1953771.99,1866025.6949999998,1843430.6766666668
2,0,89.34,3.651,215.0749122,7.852,2011,7,29,4,0,1785187.29,1853161.99,1790925.8,1823879.52,1835001.3175000001
2,0,90.07,3.682,215.1363819,7.852,2011,7,30,4,0,1743816.41,1785187.29,1866243.0,1812102.1724999999,1834857.245
2,0,93.34,3.684,215.1978515,7.852,2011,8,31,4,0,1680693.06,1743816.41,1853161.99,1765714.6875,1821769.7
2,0,91.58,3.638,215.2593211,7.852,2011,8,32,4,0,1876704.26,1680693.06,1785187.29,1771600.255,1824952.2991666666
2,0,89.86,3.554,215.3229307,7.852,2011,8,33,4,0,1812768.26,1876704.26,1743816.41,1778495.4975,1835326.1658333333
2,0,90.45,3.523,215.386897,7.852,2011,8,34,4,0,1844094.59,1812768.26,1680693.06,1803565.0425,1839189.6683333332
2,0,89.64,3.533,215.4508632,7.852,2011,9,35,4,0,1821139.91,1844094.59,1876704.26,1838676.755,1829804.9766666666
2,1,77.97,3.546,215.5148295,7.852,2011,9,36,4,0,1809119.7,1821139.91,1812768.26,1821780.615,1819802.1883333332
2,0,78.85,3.526,215.6944378,7.852,2011,9,37,4,0,1748000.65,1809119.7,1844094.59,1805588.7125,1802654.576666667
2,0,75.58,3.467,216.0282356,7.852,2011,9,38,4,0,1691439.52,1748000.65,1821139.91,1767424.945,1794364.0533333335
2,0,78.14,3.355,216.3620333,7.852,2011,9,39,4,0,1669299.78,1691439.52,1809119.7,1729464.9125,1777952.1183333334
2,0,69.92,3.285,216.6958311,7.441,2011,10,40,4,0,1650394.44,1669299.78,1748000.65,1689783.5975,1761054.8224999998
2,0,71.67,3.274,217.0048261,7.441,2011,10,41,4,0,1837553.43,1650394.44,1691439.52,1712171.7925,1765418.6674999997
2,0,64.53,3.353,217.1650042,7.441,2011,10,42,4,0,1743882.19,1837553.43,1669299.78,1725282.46,1765424.1491666667
2,0,65.87,3.372,217.3251824,7.441,2011,10,43,4,0,1834680.25,1743882.19,1650394.44,1766627.5775,1778256.415
2,0,55.53,3.332,217.4853605,7.441,2011,11,44,4,0,1769296.25,1834680.25,1837553.43,1796353.03,1769305.7474999998
2,0,59.33,3.297,217.6455387,7.441,2011,11,45,4,0,1959707.9,1769296.25,1743882.19,1826891.6475,1781550.7175
2,0,62.01,3.308,217.8670218,7.441,2011,11,46,4,0,1920725.15,1959707.9,1834680.25,1871102.3875,1787936.5975000001
2,1,56.36,3.236,218.1130269,7.441,2011,11,47,4,0,1902762.5,1920725.15,1769296.25,1888122.95,1794738.4800000002
2,0,48.74,3.172,218.3590319,7.441,2011,12,48,4,0,2614202.3,1902762.5,1959707.9,2099349.4625,1861828.6966666665
2,0,41.76,3.158,218.605037,7.441,2011,12,49,4,0,1954952.0,2614202.3,1920725.15,2098160.4875,1879074.6425
2,0,50.13,3.159,218.8217928,7.441,2011,12,50,4,0,2290549.32,1954952.0,1902762.5,2190616.53,1929000.4591666665
2,0,46.66,3.112,218.9995495,7.441,2011,12,51,4,0,2432736.52,2290549.32,2614202.3,2323110.035,1992620.1875
2,1,44.57,3.129,219.1773063,7.441,2011,12,52,4,0,3224369.8,2432736.52,1954952.0,2475651.91,2123784.8008333333
2,0,46.75,3.157,219.355063,7.057,2012,1,1,4,0,1874226.52,3224369.8,2290549.32,2455470.54,2126840.8916666666
2,0,45.99,3.261,219.5328198,7.057,2012,1,2,4,0,1799520.14,1874226.52,2432736.52,2332713.2449999996,2131477.3874999997
2,0,51.7,3.268,219.6258417,7.057,2012,1,3,4,0,1744725.48,1799520.14,3224369.8,2160710.485,2123981.1566666667
2,0,50.5,3.29,219.7188636,7.057,2012,1,4,4,0,1711769.11,1744725.48,1874226.52,1782560.3125,2119187.228333333
2,0,55.21,3.36,219.8118854,7.057,2012,2,5,4,0,1660906.14,1711769.11,1799520.14,1729230.2175,2094287.0816666668
2,1,46.98,3.409,219.9049073,7.057,2012,2,6,4,0,1935299.94,1660906.14,1744725.48,1763175.1675,2095501.6475
2,0,43.82,3.51,220.0651993,7.057,2012,2,7,4,0,2103322.68,1935299.94,1711769.11,1852824.4675,2112214.995833333
2,0,54.63,3.555,220.275944,7.057,2012,2,8,4,0,2196688.46,2103322.68,1660906.14,1974054.305,2077422.1758333333
2,0,58.79,3.63,220.4866886,7.057,2012,3,9,4,0,1861802.7,2196688.46,1935299.94,2024278.445,2069659.7341666666
2,0,57.11,3.669,220.6974332,7.057,2012,3,10,4,0,1952555.66,1861802.7,2103322.68,2028592.375,2041493.5958333334
2,0,63.68,3.734,220.8498468,7.057,2012,3,11,4,0,1937628.26,1952555.66,2196688.46,1987168.77,2000234.5741666667
2,0,64.01,3.787,220.9244858,7.057,2012,3,12,4,0,1976082.13,1937628.26,1861802.7,1932017.1875,1896210.6016666666
2,0,66.83,3.845,220.9991248,7.057,2012,3,13,4,0,1790439.16,1976082.13,1952555.66,1914176.3024999998,1889228.3216666665
2,0,68.43,3.891,221.0737638,6.891,2012,4,14,4,0,1857480.84,1790439.16,1937628.26,1890407.5975,1894058.38
2,0,68.08,3.891,221.1484028,6.891,2012,4,15,4,0,2129035.91,1857480.84,1976082.13,1938259.51,1926084.2491666668
2,0,65.69,3.877,221.2021074,6.891,2012,4,16,4,0,1935869.1,2129035.91,1790439.16,1928206.2525,1944759.2483333333
2,0,67.2,3.814,221.255812,6.891,2012,4,17,4,0,1847344.45,1935869.1,1857480.84,1942432.575,1960295.7741666667
2,0,76.73,3.749,221.3095166,6.891,2012,5,18,4,0,1764133.09,1847344.45,2129035.91,1919095.6375000002,1946031.8699999999
2,0,73.87,3.688,221.3632212,6.891,2012,5,19,4,0,1923957.09,1764133.09,1935869.1,1867825.9325,1931084.7374999998
2,0,71.27,3.63,221.380331,6.891,2012,5,20,4,0,1917520.99,1923957.09,1847344.45,1863238.9050000003,1907820.781666667
2,0,78.19,3.561,221.3828029,6.891,2012,5,21,4,0,2000940.67,1917520.99,1764133.09,1901637.96,1919415.6124999998
2,0,78.38,3.501,221.3852748,6.891,2012,6,22,4,0,1912791.09,2000940.67,1923957.09,1938802.4600000002,1916101.8983333332
2,0,78.69,3.452,221.3877467,6.891,2012,6,23,4,0,1910092.37,1912791.09,1917520.99,1935336.28,1913807.2408333335
2,0,80.56,3.393,221.4009901,6.891,2012,6,24,4,0,2010216.49,1910092.37,2000940.67,1958510.1550000003,1916651.7708333337
2,0,81.04,3.346,221.4411622,6.891,2012,6,25,4,0,1962924.3,2010216.49,1912791.09,1949006.0625000002,1931025.5325
2,0,86.32,3.286,221.4813343,6.891,2012,6,26,4,0,1887733.21,1962924.3,1910092.37,1942741.5925,1933546.5633333335
2,0,84.2,3.227,221.5215064,6.565,2012,7,27,4,0,1881046.12,1887733.21,2010216.49,1935480.03,1912880.7475000003
2,0,80.17,3.256,221.5616784,6.565,2012,7,28,4,0,2041507.4,1881046.12,1962924.3,1943302.7575,1921683.9391666667
2,0,83.23,3.311,221.5701123,6.565,2012,7,29,4,0,1830075.13,2041507.4,1887733.21,1910090.4649999999,1920244.8291666668
2,0,86.37,3.407,221.5785461,6.565,2012,7,30,4,0,1819666.46,1830075.13,1881046.12,1893073.7774999999,1924872.61
2,0,90.22,3.417,221.5869799,6.565,2012,8,31,4,0,1757923.88,1819666.46,2041507.4,1862293.2174999998,1911036.509166667
3,0,70.24,2.78,213.6716815,7.343,2010,4,17,4,0,339976.65,354993.26,423294.4,383533.6475,398334.45083333337
3,0,73.47,2.835,213.6211778,7.343,2010,5,18,4,0,361248.39,339976.65,415870.28,368022.145,389969.965
3,0,77.18,2.854,213.6196139,7.343,2010,5,19,4,0,399323.86,361248.39,354993.26,363885.54000000004,388186.2066666667
3,0,75.81,2.826,213.9116886,7.343,2010,5,20,4,0,384357.94,399323.86,339976.65,371226.71,385079.18583333335
3,0,78.6,2.759,214.2037634,7.343,2010,5,21,4,0,343763.17,384357.94,361248.39,372173.33999999997,379792.3783333334
3,0,78.53,2.705,214.4958382,7.343,2010,6,22,4,0,350089.23,343763.17,399323.86,369383.55,374366.31083333335
3,0,82.1,2.668,214.787913,7.343,2010,6,23,4,0,396968.8,350089.23,384357.94,368794.785,375430.32
3,0,83.52,2.637,214.7858259,7.343,2010,6,24,4,0,355017.09,396968.8,343763.17,361459.5725,373737.695
3,0,83.79,2.653,214.6660741,7.343,2010,6,25,4,0,364076.85,355017.09,350089.23,366537.9925,374081.66
3,0,82.2,2.669,214.5463222,7.346,2010,7,26,4,0,357346.48,364076.85,396968.8,368352.305,368586.0
3,0,81.75,2.642,214.4265704,7.346,2010,7,27,4,0,381151.72,357346.48,355017.09,364398.035,365692.7866666667
3,0,84.32,2.623,214.4176476,7.346,2010,7,28,4,0,349214.18,381151.72,364076.85,362947.3075,365211.1966666666
3,0,83.32,2.608,214.5564968,7.346,2010,7,29,4,0,352728.78,349214.18,357346.48,360110.29000000004,366273.8741666667
3,0,82.04,2.64,214.695346,7.346,2010,7,30,4,0,352864.49,352728.78,381151.72,358989.7925,365575.2158333333
3,0,85.13,2.627,214.8341952,7.346,2010,8,31,4,0,347955.05,352864.49,349214.18,350690.625,361294.4816666667
3,0,86.74,2.692,214.9730444,7.346,2010,8,32,4,0,402635.76,347955.05,352728.78,364046.01999999996,362817.6333333333
3,0,88.02,2.664,214.9314191,7.346,2010,8,33,4,0,339597.38,402635.76,352864.49,360763.17,362470.48416666663
3,0,86.15,2.619,214.8897938,7.346,2010,8,34,4,0,351728.21,339597.38,347955.05,360479.1,362607.06583333336
3,0,84.16,2.577,214.8481685,7.346,2010,9,35,4,0,362134.09,351728.21,402635.76,364023.86000000004,359704.17333333334
3,1,80.84,2.565,214.8065431,7.346,2010,9,36,4,0,366473.97,362134.09,339597.38,354983.41250000003,360658.91333333333
3,0,82.36,2.582,214.8322484,7.346,2010,9,37,4,0,352260.97,366473.97,351728.21,358149.31,359674.25666666665
3,0,76.9,2.624,214.9084516,7.346,2010,9,38,4,0,363064.64,352260.97,362134.09,360983.4175,360150.77
3,0,73.6,2.603,214.9846548,7.564,2010,10,39,4,0,355626.87,363064.64,366473.97,359356.6125,358023.69916666666
3,0,66.99,2.633,215.060858,7.564,2010,10,40,4,0,358784.1,355626.87,352260.97,357434.14499999996,358821.19249999995
3,0,69.71,2.72,215.1293114,7.564,2010,10,41,4,0,395107.35,358784.1,363064.64,368145.74,362352.74
3,0,71.64,2.725,215.17839,7.564,2010,10,42,4,0,345584.39,395107.35,355626.87,363775.6775,361746.065
3,0,72.04,2.716,215.2274686,7.564,2010,10,43,4,0,348895.98,345584.39,358784.1,362092.95499999996,361824.47583333333
3,0,62.94,2.689,215.2765472,7.564,2010,11,44,4,0,348591.74,348895.98,395107.35,359544.865,357320.80749999994
3,0,62.79,2.728,215.3256258,7.564,2010,11,45,4,0,423175.56,348591.74,345584.39,366561.9175,364285.6558333333
3,0,57.72,2.771,215.2074519,7.564,2010,11,46,4,0,386635.03,423175.56,348895.98,376824.5775,367194.55749999994
3,1,68.71,2.735,215.0614025,7.564,2010,11,47,4,0,372545.32,386635.03,348591.74,382736.91250000003,368062.16
3,0,53.76,2.708,214.9153531,7.564,2010,12,48,4,0,565567.84,372545.32,423175.56,436980.9375,384653.31583333336
3,0,51.13,2.843,214.7693037,7.564,2010,12,49,4,0,476420.77,565567.84,386635.03,450292.24,394999.9658333333
3,0,52.2,2.869,214.704919,7.564,2010,12,50,4,0,467642.03,476420.77,372545.32,470543.99,403714.7483333333
3,0,57.16,2.886,214.7017828,7.564,2010,12,51,4,0,498159.39,467642.03,565567.84,501947.50749999995,415592.4583333333
3,1,53.2,2.943,214.6986466,7.564,2010,12,52,4,0,605990.41,498159.39,476420.77,512053.15,436192.98416666663
3,0,53.35,2.976,214.6955104,7.551,2011,1,1,4,0,382677.76,605990.41,467642.03,488617.3975,435157.18500000006
3,0,44.76,2.983,214.7470729,7.551,2011,1,2,4,0,378241.34,382677.76,498159.39,466267.22500000003,437878.5975
3,0,50.74,3.016,215.1268275,7.551,2011,1,3,4,0,381061.1,378241.34,605990.41,436992.6525,440559.02416666667
3,0,48.71,3.01,215.5065821,7.551,2011,1,4,4,0,350876.7,381061.1,382677.76,373214.225,440749.4375
3,0,45.95,2.989,215.8863367,7.551,2011,2,5,4,0,364866.24,350876.7,378241.34,368761.345,435890.3275000001
3,1,43.57,3.022,216.2660913,7.551,2011,2,6,4,0,438516.53,364866.24,381061.1,383830.14249999996,440213.7858333333
3,0,61.58,3.045,216.5843571,7.551,2011,2,7,4,0,430526.21,438516.53,350876.7,396196.42000000004,445045.5266666666
3,0,67.4,3.065,216.8780275,7.551,2011,2,8,4,0,432782.1,430526.21,364866.24,416672.76999999996,433980.04833333334
3,0,65.11,3.288,217.1716979,7.551,2011,3,9,4,0,397211.19,432782.1,438516.53,424759.00749999995,427379.25
3,0,61.29,3.459,217.4653683,7.551,2011,3,10,4,0,437084.51,397211.19,430526.21,424401.00250000006,424832.79000000004
3,0,69.47,3.488,217.7235226,7.551,2011,3,11,4,0,404753.3,437084.51,432782.1,417957.77499999997,417048.9491666667
3,0,72.94,3.473,217.9674705,7.551,2011,3,12,4,0,392109.51,404753.3,397211.19,407789.6275,399225.54083333333
3,0,68.76,3.524,218.2114184,7.574,2011,4,13,4,0,380683.67,392109.51,437084.51,403657.74749999994,399059.3666666667
3,0,72.55,3.622,218.4553663,7.574,2011,4,14,4,0,374556.08,380683.67,404753.3,388025.64,398752.26166666666
3,0,75.88,3.743,218.6788642,7.574,2011,4,15,4,0,384075.31,374556.08,392109.51,382856.1425,399003.4458333333
3,0,76.91,3.807,218.851237,7.574,2011,4,16,4,0,366250.69,384075.31,380683.67,376391.4375,400284.61166666663
3,0,78.69,3.81,219.0236099,7.574,2011,4,17,4,0,391860.04,366250.69,374556.08,379185.53,402534.095
3,0,69.45,3.906,219.1959827,7.574,2011,5,18,4,0,367405.4,391860.04,384075.31,377397.86,396608.16750000004
3,0,79.87,3.899,219.3683556,7.574,2011,5,19,4,0,413042.12,367405.4,366250.69,384639.5625,395151.16
3,0,75.79,3.907,219.127216,7.574,2011,5,20,4,0,386312.68,413042.12,391860.04,389655.06,391278.7083333333
3,0,84.41,3.786,218.8860765,7.574,2011,5,21,4,0,364603.13,386312.68,367405.4,382840.8325,388561.37000000005
3,0,84.29,3.699,218.6449369,7.574,2011,6,22,4,0,369350.6,364603.13,413042.12,383327.1325,382916.87749999994
3,0,84.84,3.648,218.4037974,7.574,2011,6,23,4,0,394507.84,369350.6,386312.68,378693.5625,382063.0891666667
3,0,86.96,3.637,218.3551748,7.574,2011,6,24,4,0,391638.75,394507.84,364603.13,380025.08,382023.8591666667
3,0,84.94,3.594,218.45094,7.574,2011,6,25,4,0,403423.34,391638.75,369350.6,389730.1325,383918.8316666667
3,0,85.1,3.524,218.5467052,7.567,2011,7,26,4,0,385520.71,403423.34,394507.84,393772.66000000003,384832.55083333334
3,0,85.38,3.48,218.6424704,7.567,2011,7,27,4,0,368962.72,385520.71,391638.75,387386.38,383573.1683333334
3,0,87.14,3.575,218.7275216,7.567,2011,7,28,4,0,395146.24,368962.72,403423.34,388263.2525,385981.13083333336
3,0,86.19,3.651,218.7857881,7.567,2011,7,29,4,0,373454.33,395146.24,385520.71,380771.0,384447.3216666667
3,0,88.07,3.682,218.8440545,7.567,2011,7,30,4,0,360617.37,373454.33,368962.72,374545.165,383881.6525
3,0,88.45,3.684,218.9023209,7.567,2011,8,31,4,0,345381.29,360617.37,395146.24,368649.8075,378243.25
3,0,88.88,3.638,218.9605873,7.567,2011,8,32,4,0,409981.25,345381.29,373454.33,372358.56,380215.63083333336
3,0,88.44,3.554,219.023271,7.567,2011,8,33,4,0,380376.85,409981.25,360617.37,374089.18999999994,381530.1075
3,0,87.67,3.523,219.0866908,7.567,2011,8,34,4,0,379716.91,380376.85,345381.29,378864.075,382393.96666666673
3,0,89.12,3.533,219.1501106,7.567,2011,9,35,4,0,366367.55,379716.91,409981.25,384110.64,380048.94249999995
3,1,81.72,3.546,219.2135305,7.567,2011,9,36,4,0,375988.69,366367.55,380376.85,375612.5,378744.7708333333
3,0,83.63,3.526,219.3972867,7.567,2011,9,37,4,0,377347.49,375988.69,379716.91,374855.16,376571.7833333334
3,0,80.19,3.467,219.7414914,7.567,2011,9,38,4,0,375629.51,377347.49,366367.55,373833.31,375747.51666666666
3,0,82.58,3.355,220.085696,7.567,2011,9,39,4,0,365248.94,375629.51,375988.69,373553.6575,375438.035
3,0,75.54,3.285,220.4299007,7.197,2011,10,40,4,0,368477.93,365248.94,377347.49,371675.96749999997,373215.6758333333
3,0,73.75,3.274,220.7486167,7.197,2011,10,41,4,0,403342.4,368477.93,375629.51,378174.695,375706.3483333333
3,0,69.03,3.353,220.9144005,7.197,2011,10,42,4,0,368282.57,403342.4,365248.94,376337.95999999996,376345.115
3,0,71.04,3.372,221.0801842,7.197,2011,10,43,4,0,394976.36,368282.57,368477.93,383769.815,380478.03750000003
3,0,59.31,3.332,221.245968,7.197,2011,11,44,4,0,389540.62,394976.36,403342.4,389035.48750000005,378774.6516666667
3,0,61.7,3.297,221.4117517,7.197,2011,11,45,4,0,459443.22,389540.62,368282.57,403060.6925,385363.5158333333
3,0,63.91,3.308,221.6432852,7.197,2011,11,46,4,0,407764.25,459443.22,394976.36,412931.11250000005,387700.79416666663
3,1,68.0,3.236,221.9011185,7.197,2011,11,47,4,0,398838.97,407764.25,389540.62,413896.765,390406.74583333335
3,0,54.97,3.172,222.1589519,7.197,2011,12,48,4,0,556925.19,398838.97,459443.22,455742.9075,405484.78750000003
3,0,49.26,3.158,222.4167852,7.197,2011,12,49,4,0,472511.32,556925.19,407764.25,459009.9325,413415.1066666667
3,0,57.95,3.159,222.6426418,7.197,2011,12,50,4,0,468772.8,472511.32,398838.97,474262.07,421177.04750000004
3,0,53.41,3.112,222.8258628,7.197,2011,12,51,4,0,510747.62,468772.8,556925.19,502239.23250000004,433301.9375
3,1,48.29,3.129,223.0090839,7.197,2011,12,52,4,0,551221.21,510747.62,472511.32,500813.23750000005,448530.5441666667
3,0,52.42,3.157,223.1923049,6.833,2012,1,1,4,0,410553.88,551221.21,468772.8,485323.8775,449131.5008333333
3,0,51.86,3.261,223.3755259,6.833,2012,1,2,4,0,398178.21,410553.88,510747.62,467675.23,451622.80416666664
3,0,56.2,3.268,223.4700552,6.833,2012,1,3,4,0,367438.62,398178.21,551221.21,431847.98,449327.9925
3,0,58.06,3.29,223.5645845,6.833,2012,1,4,4,0,365818.61,367438.62,410553.88,385497.32999999996,447351.1583333334
3,0,59.33,3.36,223.6591137,6.833,2012,2,5,4,0,349518.1,365818.61,398178.21,370238.385,438190.7316666667
3,1,51.65,3.409,223.753643,6.833,2012,2,6,4,0,424960.66,349518.1,367438.62,376933.9975,439623.76583333337
3,0,52.39,3.51,223.9170153,6.833,2012,2,7,4,0,473292.47,424960.66,365818.61,403397.45999999996,445828.2241666666
3,0,60.12,3.555,224.1320199,6.833,2012,2,8,4,0,475591.08,473292.47,349518.1,430840.5775,439050.38166666665
3,0,61.65,3.63,224.3470245,6.833,2012,3,9,4,0,418925.47,475591.08,424960.66,448192.42,434584.8941666666
3,0,60.71,3.669,224.5620291,6.833,2012,3,10,4,0,469752.56,418925.47,473292.47,459390.395,434666.54083333333
3,0,64.0,3.734,224.7166953,6.833,2012,3,11,4,0,445162.05,469752.56,475591.08,452357.79,429201.07666666666
3,0,66.53,3.787,224.7909104,6.833,2012,3,12,4,0,411775.8,445162.05,418925.47,436403.97,417580.6258333333
3,0,69.36,3.845,224.8651254,6.833,2012,3,13,4,0,413907.25,411775.8,469752.56,435149.415,417860.0733333333
3,0,73.01,3.891,224.9393405,6.664,2012,4,14,4,0,407488.84,413907.25,445162.05,419583.48500000004,418635.95916666667
3,0,72.83,3.891,225.0135556,6.664,2012,4,15,4,0,503232.13,407488.84,411775.8,434101.005,429952.08499999996
3,0,72.05,3.877,225.0689541,6.664,2012,4,16,4,0,420789.74,503232.13,413907.25,436354.49,434533.01249999995
3,0,73.39,3.814,225.1243526,6.664,2012,4,17,4,0,434822.13,420789.74,407488.84,441583.21,441641.68166666664
3,0,79.51,3.749,225.1797511,6.664,2012,5,18,4,0,394616.11,434822.13,503232.13,438365.02749999997,439112.9691666667
3,0,75.19,3.688,225.2351496,6.664,2012,5,19,4,0,439913.57,394616.11,420789.74,422535.3875,436331.3941666667
3,0,72.38,3.63,225.2512024,6.664,2012,5,20,4,0,431985.36,439913.57,434822.13,425334.2925,432697.58416666667
3,0,78.58,3.561,225.2515168,6.664,2012,5,21,4,0,418112.76,431985.36,394616.11,421156.94999999995,432629.85833333334
3,0,81.55,3.501,225.2518313,6.664,2012,6,22,4,0,413701.29,418112.76,439913.57,425928.245,427958.91916666663
3,0,81.65,3.452,225.2521458,6.664,2012,6,23,4,0,432268.53,413701.29,431985.36,424016.985,426884.45916666667
3,0,84.66,3.393,225.2644795,6.664,2012,6,24,4,0,446336.8,432268.53,418112.76,427604.84500000003,429764.5425
3,0,82.7,3.346,225.3068615,6.664,2012,6,25,4,0,442074.79,446336.8,413701.29,433595.35250000004,432111.83749999997
3,0,86.42,3.286,225.3492435,6.664,2012,6,26,4,0,419497.95,442074.79,432268.53,435044.5175,433112.5966666667
3,0,83.14,3.227,225.3916254,6.334,2012,7,27,4,0,422965.33,419497.95,446336.8,432718.7175,426423.6966666667
3,0,82.28,3.256,225.4340074,6.334,2012,7,28,4,0,411206.5,422965.33,442074.79,423936.1425,425625.0933333333
3,0,81.38,3.311,225.4438827,6.334,2012,7,29,4,0,416913.1,411206.5,419497.95,417645.72,424132.67416666663
3,0,84.94,3.407,225.4537579,6.334,2012,7,30,4,0,432424.85,416913.1,422965.33,420877.445,427283.4025
3,0,86.55,3.417,225.4636332,6.334,2012,8,31,4,0,389427.9,432424.85,411206.5,412493.08749999997,423076.26333333325
4,0,53.04,2.787,126.3805667,7.896,2010,4,17,4,0,1802677.9,1851519.69,1979247.12,1862974.3575,1939690.665
4,0,56.77,2.836,126.2898,7.896,2010,5,18,4,0,1817273.28,1802677.9,1818452.72,1822480.8974999997,1913201.4491666667
4,0,62.35,2.845,126.2085484,7.896,2010,5,19,4,0,2000626.14,1817273.28,1851519.69,1868024.2525,1897561.345
4,0,67.4,2.82,126.1843871,7.896,2010,5,20,4,0,1875597.28,2000626.14,1802677.9,1874043.65,1883039.43
4,0,67.73,2.756,126.1602258,7.896,2010,5,21,4,0,1903752.6,1875597.28,1817273.28,1899312.325,1881208.076666667
4,0,70.83,2.701,126.1360645,7.896,2010,6,22,4,0,1857533.7,1903752.6,2000626.14,1909377.4299999997,1871747.765
4,0,78.45,2.668,126.1119032,7.896,2010,6,23,4,0,1903290.58,1857533.7,1875597.28,1885043.54,1872494.9725000001
4,0,81.53,2.635,126.114,7.896,2010,6,24,4,0,1870619.23,1903290.58,1903752.6,1883799.0274999999,1870260.795
4,0,81.1,2.654,126.1266,7.896,2010,6,25,4,0,1929736.35,1870619.23,1857533.7,1890294.9649999999,1884193.8825
4,0,73.66,2.668,126.1392,7.372,2010,7,26,4,0,1846651.95,1929736.35,1903290.58,1887574.5274999999,1873144.285
4,0,80.35,2.637,126.1518,7.372,2010,7,27,4,0,1881337.21,1846651.95,1870619.23,1882086.1849999998,1878384.6591666667
4,0,78.53,2.621,126.1498065,7.372,2010,7,28,4,0,1812208.22,1881337.21,1929736.35,1867483.4325,1875108.7033333331
4,0,79.78,2.612,126.1283548,7.372,2010,7,29,4,0,1898427.66,1812208.22,1846651.95,1859656.2599999998,1883087.8499999999
4,0,80.7,2.65,126.1069032,7.372,2010,7,30,4,0,1848426.78,1898427.66,1881337.21,1860099.9674999998,1885683.9749999999
4,0,76.53,2.64,126.0854516,7.372,2010,8,31,4,0,1796637.61,1848426.78,1812208.22,1838925.0675,1868684.9308333332
4,0,78.08,2.698,126.064,7.372,2010,8,32,4,0,1907638.58,1796637.61,1898427.66,1862782.6575,1871355.0391666668
4,0,78.83,2.671,126.0766452,7.372,2010,8,33,4,0,2007050.75,1907638.58,1848426.78,1889938.43,1879963.2183333335
4,0,74.44,2.621,126.0892903,7.372,2010,8,34,4,0,1997181.09,2007050.75,1796637.61,1927127.0074999998,1891600.5008333335
4,0,76.8,2.584,126.1019355,7.372,2010,9,35,4,0,1848403.92,1997181.09,1907638.58,1940068.585,1887026.6124999998
4,1,73.54,2.574,126.1145806,7.372,2010,9,36,4,0,1935857.58,1848403.92,2007050.75,1947123.335,1892463.1416666666
4,0,64.91,2.594,126.1454667,7.372,2010,9,37,4,0,1865820.81,1935857.58,1997181.09,1911815.85,1887136.8466666667
4,0,60.96,2.642,126.1900333,7.372,2010,9,38,4,0,1899959.61,1865820.81,1848403.92,1887510.48,1891579.1516666666
4,0,63.96,2.619,126.2346,7.127,2010,10,39,4,0,1810684.68,1899959.61,1935857.58,1878080.67,1885691.4408333332
4,0,67.73,2.645,126.2791667,7.127,2010,10,40,4,0,1842821.02,1810684.68,1865820.81,1854821.53,1888242.5075000003
4,0,62.03,2.732,126.3266774,7.127,2010,10,41,4,0,1951494.85,1842821.02,1899959.61,1876240.04,1892664.7733333334
4,0,64.17,2.736,126.3815484,7.127,2010,10,42,4,0,1867345.09,1951494.85,1810684.68,1868086.41,1894241.2991666666
4,0,56.94,2.718,126.4364194,7.127,2010,10,43,4,0,1927610.06,1867345.09,1842821.02,1897317.755,1905155.6700000002
4,0,51.6,2.699,126.4912903,7.127,2010,11,44,4,0,1933333.0,1927610.06,1951494.85,1919945.75,1907296.8716666668
4,0,52.65,2.741,126.5461613,7.127,2010,11,45,4,0,2013115.79,1933333.0,1867345.09,1935350.9849999999,1907802.2916666667
4,0,48.05,2.78,126.6072,7.127,2010,11,46,4,0,1999794.26,2013115.79,1927610.06,1968463.2774999999,1908020.0558333332
4,1,48.08,2.752,126.6692667,7.127,2010,11,47,4,0,2097809.4,1999794.26,1933333.0,2011013.1124999998,1928803.8458333334
4,0,46.4,2.727,126.7313333,7.127,2010,12,48,4,0,2789469.45,2097809.4,2013115.79,2225047.2249999996,1999938.1683333332
4,0,42.4,2.86,126.7934,7.127,2010,12,49,4,0,2102530.17,2789469.45,1999794.26,2247400.82,2019663.9483333335
4,0,46.57,2.884,126.8794839,7.127,2010,12,50,4,0,2302504.86,2102530.17,2097809.4,2323078.4699999997,2053209.3858333335
4,0,43.21,2.887,126.9835806,7.127,2010,12,51,4,0,2740057.14,2302504.86,2789469.45,2483640.405,2130657.090833334
4,1,38.09,2.955,127.0876774,7.127,2010,12,52,4,0,3526713.39,2740057.14,2102530.17,2667951.39,2270981.4549999996
4,0,39.34,2.98,127.1917742,6.51,2011,1,1,4,0,1794868.74,3526713.39,2302504.86,2591036.0325,2257929.279166667
4,0,31.6,2.992,127.3009355,6.51,2011,1,2,4,0,1862476.27,1794868.74,2740057.14,2481028.885,2257523.544166667
4,0,38.34,3.017,127.4404839,6.51,2011,1,3,4,0,1865502.46,1862476.27,3526713.39,2262390.215,2252347.910833333
4,0,40.6,3.022,127.5800323,6.51,2011,1,4,4,0,1886393.94,1865502.46,1794868.74,1852310.3524999998,2248436.3225
4,0,34.61,2.996,127.7195806,6.51,2011,2,5,4,0,1814240.85,1886393.94,1862476.27,1857153.38,2231863.410833333
4,1,33.29,3.033,127.859129,6.51,2011,2,6,4,0,2119086.04,1814240.85,1865502.46,1921305.8225,2241804.3925
4,0,48.17,3.058,127.99525,6.51,2011,2,7,4,0,2187847.29,2119086.04,1886393.94,2001892.03,2249307.5500000003
4,0,49.0,3.087,128.13,6.51,2011,2,8,4,0,2316495.56,2187847.29,1814240.85,2109417.435,2209893.0591666666
4,0,46.56,3.305,128.26475,6.51,2011,3,9,4,0,2078094.69,2316495.56,2119086.04,2175380.895,2207856.7691666665
4,0,50.93,3.461,128.3995,6.51,2011,3,10,4,0,2103455.75,2078094.69,2187847.29,2171473.3225,2191269.3433333333
4,0,51.86,3.495,128.5121935,6.51,2011,3,11,4,0,2039818.41,2103455.75,2316495.56,2134466.1025,2132916.115833333
4,0,59.1,3.48,128.6160645,6.51,2011,3,12,4,0,2116475.38,2039818.41,2078094.69,2084461.0574999999,2015396.281666667
4,0,56.99,3.521,128.7199355,5.946,2011,4,13,4,0,1944164.32,2116475.38,2103455.75,2050978.465,2027837.58
4,0,62.61,3.605,128.8238065,5.946,2011,4,14,4,0,1900246.47,1944164.32,2039818.41,2000176.145,2030985.0966666667
4,0,62.34,3.724,128.9107333,5.946,2011,4,15,4,0,2074953.46,1900246.47,2116475.38,2008959.9075,2048439.3466666667
4,0,68.8,3.781,128.9553,5.946,2011,4,16,4,0,1960587.76,2074953.46,1944164.32,1969988.0025,2054622.165
4,0,64.22,3.781,128.9998667,5.946,2011,4,17,4,0,2220600.76,1960587.76,1900246.47,2039097.1124999998,2088485.4908333335
4,0,63.41,3.866,129.0444333,5.946,2011,5,18,4,0,1878167.44,2220600.76,2074953.46,2033577.355,2068408.9408333332
4,0,70.65,3.872,129.089,5.946,2011,5,19,4,0,2063682.76,1878167.44,1960587.76,2030759.68,2058061.8966666667
4,0,70.49,3.881,129.0756774,5.946,2011,5,20,4,0,2002362.37,2063682.76,2220600.76,2041203.3325,2031884.1308333334
4,0,73.65,3.771,129.0623548,5.946,2011,5,21,4,0,2015563.48,2002362.37,1878167.44,1989944.0125,2026673.196666667
4,0,78.26,3.683,129.0490323,5.946,2011,6,22,4,0,1986597.95,2015563.48,2063682.76,2017051.64,2016935.0466666666
4,0,80.05,3.64,129.0357097,5.946,2011,6,23,4,0,2065377.15,1986597.95,2002362.37,2017475.2374999998,2019064.9416666667
4,0,83.51,3.618,129.0432,5.946,2011,6,24,4,0,2073951.38,2065377.15,2015563.48,2035372.4899999998,2015521.2749999997
4,0,81.85,3.57,129.0663,5.946,2011,6,25,4,0,2141210.62,2073951.38,1986597.95,2066784.275,2031941.7999999998
4,0,84.54,3.504,129.0894,5.644,2011,7,26,4,0,2008344.92,2141210.62,2065377.15,2072221.0175,2040950.0041666667
4,0,84.59,3.469,129.1125,5.644,2011,7,27,4,0,2051533.53,2008344.92,2073951.38,2068760.1124999998,2038998.343333333
4,0,83.27,3.563,129.1338387,5.644,2011,7,28,4,0,2066541.86,2051533.53,2141210.62,2066907.7325000002,2047827.8516666666
4,0,82.84,3.627,129.1507742,5.644,2011,7,29,4,0,2049046.95,2066541.86,2008344.92,2043866.8150000002,2033531.7008333334
4,0,84.36,3.659,129.1677097,5.644,2011,7,30,4,0,2036231.39,2049046.95,2051533.53,2050838.4324999999,2046703.6966666665
4,0,86.09,3.662,129.1846452,5.644,2011,8,31,4,0,1989674.07,2036231.39,2066541.86,2035373.5675000001,2040536.3058333332
4,0,82.98,3.617,129.2015806,5.644,2011,8,32,4,0,2160057.39,1989674.07,2049046.95,2058752.45,2053677.5574999999
4,0,82.77,3.55,129.2405806,5.644,2011,8,33,4,0,2105668.74,2160057.39,2036231.39,2072907.8975,2061186.3291666666
4,0,81.47,3.523,129.2832581,5.644,2011,8,34,4,0,2232892.1,2105668.74,1989674.07,2122073.075,2081710.8416666666
4,0,77.99,3.533,129.3259355,5.644,2011,9,35,4,0,1988490.21,2232892.1,2160057.39,2121777.11,2075303.5966666667
4,1,73.34,3.554,129.3686129,5.644,2011,9,36,4,0,2078420.31,1988490.21,2105668.74,2101367.84,2075676.0075000003
4,0,72.76,3.532,129.4306,5.644,2011,9,37,4,0,2093139.01,2078420.31,2232892.1,2098235.4075,2071670.04
4,0,69.23,3.473,129.5183333,5.644,2011,9,38,4,0,2075577.33,2093139.01,1988490.21,2058906.715,2077272.7408333335
4,0,72.15,3.371,129.6060667,5.644,2011,9,39,4,0,2031406.41,2075577.33,2078420.31,2069635.7650000001,2075595.4808333337
4,0,65.79,3.299,129.6938,5.143,2011,10,40,4,0,1929486.63,2031406.41,2093139.01,2032402.345,2064174.211666667
4,0,63.75,3.283,129.7706452,5.143,2011,10,41,4,0,2166737.65,1929486.63,2075577.33,2050802.005,2073981.7699999998
4,0,64.79,3.361,129.7821613,5.143,2011,10,42,4,0,2074548.85,2166737.65,2031406.41,2050544.885,2077174.8916666668
4,0,55.31,3.362,129.7936774,5.143,2011,10,43,4,0,2207742.13,2074548.85,1929486.63,2094628.815,2095347.2300000002
4,0,49.86,3.322,129.8051935,5.143,2011,11,44,4,0,2151659.59,2207742.13,2166737.65,2150172.0549999997,2094647.4133333333
4,0,47.12,3.286,129.8167097,5.143,2011,11,45,4,0,2281217.31,2151659.59,2074548.85,2178791.9699999997,2109276.460833333
4,0,50.44,3.294,129.8268333,5.143,2011,11,46,4,0,2203028.96,2281217.31,2207742.13,2210911.9975,2106787.865833333
4,1,47.96,3.225,129.8364,5.143,2011,11,47,4,0,2243946.59,2203028.96,2151659.59,2219963.1125,2128075.8975
4,0,38.71,3.176,129.8459667,5.143,2011,12,48,4,0,3004702.33,2243946.59,2281217.31,2433223.7975,2205266.0658333334
4,0,31.64,3.153,129.8555333,5.143,2011,12,49,4,0,2180999.26,3004702.33,2203028.96,2408169.2849999997,2212587.7533333334
4,0,36.44,3.149,129.8980645,5.143,2011,12,50,4,0,2508955.24,2180999.26,2243946.59,2484650.855,2248702.5791666666
4,0,35.92,3.103,129.9845484,5.143,2011,12,51,4,0,2771397.17,2508955.24,3004702.33,2616513.5,2310368.475833333
4,1,36.89,3.119,130.0710323,5.143,2011,12,52,4,0,3676388.98,2771397.17,2180999.26,2784435.1625,2455943.6716666664
4,0,38.64,3.158,130.1575161,4.607,2012,1,1,4,0,2007105.86,3676388.98,2508955.24,2740961.8125,2442641.0225
4,0,34.41,3.263,130.244,4.607,2012,1,2,4,0,2047766.07,2007105.86,2771397.17,2625664.52,2440409.1241666665
4,0,42.09,3.273,130.2792258,4.607,2012,1,3,4,0,1941676.61,2047766.07,3676388.98,2418234.3800000004,2418236.9975
4,0,40.31,3.29,130.3144516,4.607,2012,1,4,4,0,2005097.76,1941676.61,2007105.86,2000411.5750000002,2406023.5116666667
4,0,41.81,3.354,130.3496774,4.607,2012,2,5,4,0,1928720.51,2005097.76,2047766.07,1980815.2375,2376648.7783333333
4,1,33.0,3.411,130.3849032,4.607,2012,2,6,4,0,2173373.91,1928720.51,1941676.61,2012217.1975000002,2374177.5241666664
4,0,34.19,3.493,130.4546207,4.607,2012,2,7,4,0,2374660.64,2173373.91,2005097.76,2120463.205,2385070.361666667
4,0,41.31,3.541,130.5502069,4.607,2012,2,8,4,0,2427640.17,2374660.64,1928720.51,2226098.8075,2336981.848333333
4,0,50.38,3.619,130.6457931,4.607,2012,3,9,4,0,2226662.17,2427640.17,2173373.91,2300584.2225,2340787.0908333333
4,0,53.63,3.667,130.7413793,4.607,2012,3,10,4,0,2206319.9,2226662.17,2374660.64,2308820.7199999997,2315567.4791666665
4,0,59.81,3.707,130.8261935,4.607,2012,3,11,4,0,2202450.81,2206319.9,2427640.17,2265768.2624999997,2268155.2825
4,0,59.07,3.759,130.8966452,4.607,2012,3,12,4,0,2214967.44,2202450.81,2226662.17,2212600.08,2146370.154166667
4,0,72.63,3.82,130.9670968,4.607,2012,3,13,4,0,2091592.54,2214967.44,2206319.9,2178832.6725,2153410.7108333334
4,0,67.69,3.864,131.0375484,4.308,2012,4,14,4,0,2089381.77,2091592.54,2202450.81,2149598.14,2156878.6858333335
4,0,68.69,3.881,131.108,4.308,2012,4,15,4,0,2470206.13,2089381.77,2214967.44,2216536.9699999997,2200922.8125
4,0,68.6,3.864,131.1173333,4.308,2012,4,16,4,0,2105301.39,2470206.13,2091592.54,2189120.4575,2209273.1149999998
4,0,76.47,3.81,131.1266667,4.308,2012,4,17,4,0,2144336.89,2105301.39,2089381.77,2202306.545,2227241.146666667
4,0,80.14,3.747,131.136,4.308,2012,5,18,4,0,2064065.66,2144336.89,2470206.13,2195977.5175,2218132.1258333335
4,0,67.64,3.685,131.1453333,4.308,2012,5,19,4,0,2196968.33,2064065.66,2105301.39,2127668.0675,2203324.4333333336
4,0,68.43,3.62,131.0983226,4.308,2012,5,20,4,0,2127661.17,2196968.33,2144336.89,2133258.0125,2178326.183333333
4,0,77.47,3.551,131.0287742,4.308,2012,5,21,4,0,2207214.81,2127661.17,2064065.66,2148977.4924999997,2176705.57
4,0,77.41,3.483,130.9592258,4.308,2012,6,22,4,0,2154137.67,2207214.81,2196968.33,2171495.495,2172357.0508333333
4,0,78.11,3.433,130.8896774,4.308,2012,6,23,4,0,2179360.94,2154137.67,2127661.17,2167093.6475,2170432.895
4,0,80.94,3.372,130.8295333,4.308,2012,6,24,4,0,2245257.18,2179360.94,2207214.81,2196492.65,2172957.04
4,0,81.63,3.329,130.7929,4.308,2012,6,25,4,0,2234190.93,2245257.18,2154137.67,2203236.6799999997,2184840.2391666668
4,0,84.23,3.257,130.7562667,4.308,2012,6,26,4,0,2197299.65,2234190.93,2179360.94,2214027.175,2193833.3958333335
4,0,80.37,3.187,130.7196333,4.077,2012,7,27,4,0,2128362.92,2197299.65,2245257.18,2201277.67,2165346.461666667
4,0,76.86,3.224,130.683,4.077,2012,7,28,4,0,2224499.28,2128362.92,2234190.93,2196088.1950000003,2175279.6191666666
4,0,79.14,3.263,130.7012903,4.077,2012,7,29,4,0,2100252.61,2224499.28,2197299.65,2162603.6149999998,2171605.9291666667
4,0,81.06,3.356,130.7195806,4.077,2012,7,30,4,0,2175563.69,2100252.61,2128362.92,2157169.625,2180897.4316666666
4,0,83.86,3.374,130.737871,4.077,2012,8,31,4,0,2048613.65,2175563.69,2224499.28,2137232.3074999996,2168534.5416666665
5,0,67.53,2.78,210.939388,6.465,2010,4,17,4,0,288839.73,306858.69,331406.0,313781.22750000004,299915.9658333333
5,0,71.53,2.835,210.8896556,6.465,2010,5,18,4,0,298697.84,288839.73,328020.49,305604.1875,298376.36083333334
5,0,74.79,2.854,210.8872772,6.465,2010,5,19,4,0,333522.6,298697.84,306858.69,306979.715,300184.43583333335
5,0,75.2,2.826,211.169023,6.465,2010,5,20,4,0,296673.77,333522.6,288839.73,304433.485,299619.95249999996
5,0,79.81,2.759,211.4507688,6.465,2010,5,21,4,0,301615.49,296673.77,298697.84,307627.425,302231.1075
5,0,79.54,2.705,211.7325146,6.465,2010,6,22,4,0,310013.11,301615.49,333522.6,310456.2425,303994.2241666667
5,0,80.7,2.668,212.0142605,6.465,2010,6,23,4,0,337825.89,310013.11,296673.77,311532.065,307371.91583333333
5,0,83.91,2.637,212.0119769,6.465,2010,6,24,4,0,296641.91,337825.89,301615.49,311524.1,308616.54083333333
5,0,83.72,2.653,211.8960815,6.465,2010,6,25,4,0,313795.6,296641.91,310013.11,314569.1275,311992.5933333333
5,0,81.25,2.669,211.7801861,6.496,2010,7,26,4,0,295257.3,313795.6,337825.89,310880.175,308980.20166666666
5,0,81.14,2.642,211.6642907,6.496,2010,7,27,4,0,305993.27,295257.3,296641.91,302922.02,307144.60000000003
5,0,83.98,2.623,211.6561123,6.496,2010,7,28,4,0,291808.87,305993.27,313795.6,301713.76,305890.4483333333
5,0,83.66,2.608,211.7915565,6.496,2010,7,29,4,0,280701.7,291808.87,295257.3,293440.28500000003,305212.2791666667
5,0,82.46,2.64,211.9270006,6.496,2010,7,30,4,0,274742.63,280701.7,305993.27,288311.6175,303216.01166666666
5,0,86.1,2.627,212.0624447,6.496,2010,8,31,4,0,268929.03,274742.63,291808.87,279045.5575,297833.2141666667
5,0,87.41,2.692,212.1978889,6.496,2010,8,32,4,0,303043.02,268929.03,280701.7,281854.09500000003,298363.98500000004
5,0,87.71,2.664,212.1608984,6.496,2010,8,33,4,0,286477.35,303043.02,274742.63,283298.0075,297102.4733333333
5,0,87.05,2.619,212.123908,6.496,2010,8,34,4,0,287205.38,286477.35,268929.03,286413.695,295201.82916666666
5,0,84.06,2.577,212.0869176,6.496,2010,9,35,4,0,288519.75,287205.38,303043.02,291311.375,291092.9841666667
5,1,79.86,2.565,212.0499271,6.496,2010,9,36,4,0,323798.0,288519.75,286477.35,296500.12,293355.9916666667
5,0,82.28,2.582,212.0769346,6.496,2010,9,37,4,0,306533.08,323798.0,287205.38,301514.0525,292750.7816666667
5,0,78.53,2.624,212.1519404,6.496,2010,9,38,4,0,282558.65,306533.08,288519.75,300352.37,291692.56083333335
5,0,71.1,2.603,212.2269463,6.768,2010,10,39,4,0,293131.58,282558.65,323798.0,301505.3275,290620.75333333336
5,0,64.99,2.633,212.3019522,6.768,2010,10,40,4,0,283178.12,293131.58,306533.08,291350.35750000004,289901.52416666667
5,0,68.11,2.72,212.3691867,6.768,2010,10,41,4,0,290494.85,283178.12,282558.65,287340.8,290717.62
5,0,70.96,2.725,212.4169928,6.768,2010,10,42,4,0,280681.2,290494.85,293131.58,286871.4375,291212.50083333335
5,0,70.58,2.716,212.464799,6.768,2010,10,43,4,0,284988.27,280681.2,283178.12,284835.61,292550.7708333333
5,0,58.88,2.689,212.5126051,6.768,2010,11,44,4,0,278031.81,284988.27,290494.85,283549.0325,290466.50333333336
5,0,62.37,2.728,212.5604113,6.768,2010,11,45,4,0,325310.3,278031.81,280681.2,292252.895,293702.5825
5,0,52.52,2.771,212.445487,6.768,2010,11,46,4,0,301827.36,325310.3,284988.27,297539.435,294921.0808333333
5,1,66.15,2.735,212.303441,6.768,2010,11,47,4,0,297384.81,301827.36,278031.81,300638.57,295659.8358333333
5,0,51.31,2.708,212.1613951,6.768,2010,12,48,4,0,488362.61,297384.81,325310.3,353221.27,309373.5533333333
5,0,48.27,2.843,212.0193491,6.768,2010,12,49,4,0,344490.88,488362.61,301827.36,358016.415,312536.7033333333
5,0,51.61,2.869,211.9580815,6.768,2010,12,50,4,0,352811.53,344490.88,297384.81,370762.4575,318391.11
5,0,55.01,2.886,211.9573978,6.768,2010,12,51,4,0,367801.19,352811.53,488362.61,388366.5525,324613.57749999996
5,1,49.79,2.943,211.9567142,6.768,2010,12,52,4,0,466010.25,367801.19,344490.88,382778.4625,339849.5883333333
5,0,48.3,2.976,211.9560305,6.634,2011,1,1,4,0,298180.18,466010.25,352811.53,371200.7875,340490.03250000003
5,0,37.74,2.983,212.008514,6.634,2011,1,2,4,0,286347.26,298180.18,367801.19,354584.72,340962.20416666666
5,0,45.41,3.016,212.3800012,6.634,2011,1,3,4,0,260636.71,286347.26,466010.25,327793.60000000003,338932.90750000003
5,0,44.5,3.01,212.7514884,6.634,2011,1,4,4,0,275313.34,260636.71,298180.18,280119.37250000006,338706.36833333335
5,0,41.67,2.989,213.1229755,6.634,2011,2,5,4,0,279088.39,275313.34,286347.26,275346.42500000005,334854.54250000004
5,1,38.25,3.022,213.4944627,6.634,2011,2,6,4,0,329613.2,279088.39,260636.71,286162.91000000003,337170.0291666667
5,0,58.83,3.045,213.8068304,6.634,2011,2,7,4,0,311590.54,329613.2,275313.34,298901.36750000005,338353.84
5,0,63.35,3.065,214.0955503,6.634,2011,2,8,4,0,356622.61,311590.54,279088.39,319228.685,327375.50666666665
5,0,60.35,3.288,214.3842702,6.634,2011,3,9,4,0,294659.5,356622.61,329613.2,323121.4625,323222.89166666666
5,0,55.74,3.459,214.6729901,6.634,2011,3,10,4,0,329033.66,294659.5,311590.54,322976.5775,321241.4025
5,0,64.31,3.488,214.9257339,6.634,2011,3,11,4,0,293098.1,329033.66,356622.61,318353.46749999997,315016.145
5,0,70.71,3.473,215.1640872,6.634,2011,3,12,4,0,312177.67,293098.1,294659.5,307242.2325,302196.76333333337
5,0,61.5,3.524,215.4024406,6.489,2011,4,13,4,0,294732.5,312177.67,329033.66,307260.4825,301909.45666666667
5,0,69.64,3.622,215.6407939,6.489,2011,4,14,4,0,314316.55,294732.5,293098.1,303581.205,304240.2308333333
5,0,72.02,3.743,215.8592673,6.489,2011,4,15,4,0,307333.62,314316.55,312177.67,307140.08499999996,308131.63999999996
5,0,74.34,3.807,216.0280407,6.489,2011,4,16,4,0,307913.58,307333.62,294732.5,306074.0625,310848.32666666666
5,0,74.75,3.81,216.1968142,6.489,2011,4,17,4,0,328415.44,307913.58,314316.55,314494.7975,314958.9141666666
5,0,66.27,3.906,216.3655877,6.489,2011,5,18,4,0,307291.56,328415.44,307333.62,312738.55,313098.7775
5,0,77.38,3.899,216.5343611,6.489,2011,5,19,4,0,322904.68,307291.56,307913.58,316631.315,314041.6225
5,0,71.37,3.907,216.3023847,6.489,2011,5,20,4,0,290930.01,322904.68,328415.44,312385.4225,308567.2391666667
5,0,80.14,3.786,216.0704083,6.489,2011,5,21,4,0,299614.33,290930.01,307291.56,305185.145,308980.14166666666
5,0,83.81,3.699,215.8384319,6.489,2011,6,22,4,0,297149.69,299614.33,322904.68,302649.6775,306323.14416666667
5,0,83.61,3.648,215.6064555,6.489,2011,6,23,4,0,329183.92,297149.69,290930.01,304219.48750000005,309330.29583333334
5,0,86.84,3.637,215.560463,6.489,2011,6,24,4,0,304984.14,329183.92,299614.33,307733.02,308730.835
5,0,84.76,3.594,215.6539583,6.489,2011,6,25,4,0,304811.82,304984.14,297149.69,309032.3925,309570.7783333333
5,0,85.81,3.524,215.7474537,6.529,2011,7,26,4,0,302881.64,304811.82,329183.92,310465.38,308617.8691666667
5,0,86.64,3.48,215.8409491,6.529,2011,7,27,4,0,327093.89,302881.64,304984.14,309942.8725,310264.55833333335
5,0,88.64,3.575,215.9250696,6.529,2011,7,28,4,0,310804.93,327093.89,304811.82,311398.07,310505.50416666665
5,0,86.97,3.651,215.985753,6.529,2011,7,29,4,0,283248.62,310804.93,302881.64,306007.27,306741.6025
5,0,89.42,3.682,216.0464364,6.529,2011,7,30,4,0,292539.73,283248.62,327093.89,303421.7925,305512.2833333333
5,0,91.07,3.684,216.1071198,6.529,2011,8,31,4,0,275142.17,292539.73,310804.93,290433.8625,301532.07416666666
5,0,90.16,3.638,216.1678032,6.529,2011,8,32,4,0,317738.56,275142.17,283248.62,292167.27,303766.12
5,0,89.35,3.554,216.2311855,6.529,2011,8,33,4,0,289886.16,317738.56,292539.73,293826.65499999997,302955.43916666665
5,0,89.18,3.523,216.2950176,6.529,2011,8,34,4,0,303643.84,289886.16,275142.17,296602.6825,303496.61833333335
5,0,90.38,3.533,216.3588498,6.529,2011,9,35,4,0,310338.17,303643.84,317738.56,305401.6825,301926.13916666666
5,1,79.04,3.546,216.4226819,6.529,2011,9,36,4,0,315645.53,310338.17,289886.16,304878.425,302814.5883333333
5,0,83.55,3.526,216.6033083,6.529,2011,9,37,4,0,321110.22,315645.53,303643.84,312684.44,304172.78833333333
5,0,78.01,3.467,216.9396605,6.529,2011,9,38,4,0,278529.71,321110.22,310338.17,306405.9075,302143.4608333334
5,0,81.16,3.355,217.2760127,6.529,2011,9,39,4,0,291024.98,278529.71,315645.53,301577.61,299137.7183333333
5,0,71.64,3.285,217.6123648,6.3,2011,10,40,4,0,292315.38,291024.98,321110.22,295745.0725,297596.92250000004
5,0,72.36,3.274,217.9237458,6.3,2011,10,41,4,0,309111.47,292315.38,278529.71,292745.385,299752.16
5,0,66.9,3.353,218.0852999,6.3,2011,10,42,4,0,286117.72,309111.47,291024.98,294642.38749999995,299216.9925
5,0,69.27,3.372,218.2468539,6.3,2011,10,43,4,0,306069.18,286117.72,292315.38,298403.4375,301794.24333333335
5,0,56.71,3.332,218.408408,6.3,2011,11,44,4,0,307035.11,306069.18,309111.47,302083.37,300902.2891666667
5,0,60.71,3.297,218.5699621,6.3,2011,11,45,4,0,353652.23,307035.11,286117.72,313218.56,306216.12833333336
5,0,64.33,3.308,218.793912,6.3,2011,11,46,4,0,311906.7,353652.23,306069.18,319665.805,306904.7
5,1,61.93,3.236,219.0428204,6.3,2011,11,47,4,0,307944.37,311906.7,307035.11,320134.60250000004,306705.2166666667
5,0,51.14,3.172,219.2917287,6.3,2011,12,48,4,0,507900.07,307944.37,353652.23,370350.84249999997,322726.4283333333
5,0,44.12,3.158,219.540637,6.3,2011,12,49,4,0,376225.61,507900.07,311906.7,375994.1875,327319.3775
5,0,54.42,3.159,219.7596266,6.3,2011,12,50,4,0,367433.77,376225.61,307944.37,389875.955,334728.0491666667
5,0,50.33,3.112,219.9387246,6.3,2011,12,51,4,0,379530.3,367433.77,507900.07,407772.4375,342103.4925
5,1,45.62,3.129,220.1178226,6.3,2011,12,52,4,0,458562.24,379530.3,376225.61,395437.98,355957.39749999996
5,0,50.21,3.157,220.2969205,5.943,2012,1,1,4,0,349624.88,458562.24,367433.77,388787.7975,359333.51499999996
5,0,48.86,3.261,220.4760185,5.943,2012,1,2,4,0,312078.71,349624.88,379530.3,374949.0325,361496.93083333335
5,0,54.65,3.268,220.5694104,5.943,2012,1,3,4,0,291454.52,312078.71,458562.24,352930.0875,360279.0425
5,0,54.63,3.29,220.6628023,5.943,2012,1,4,4,0,287523.98,291454.52,349624.88,310170.5225,358653.115
5,0,57.35,3.36,220.7561941,5.943,2012,2,5,4,0,295974.22,287523.98,312078.71,296757.8575,353846.6141666667
5,1,48.57,3.409,220.849586,5.943,2012,2,6,4,0,333948.0,295974.22,291454.52,302225.18,355683.38916666666
5,0,48.25,3.51,221.0106341,5.943,2012,2,7,4,0,349239.88,333948.0,287523.98,316671.52,359124.68166666664
5,0,57.75,3.555,221.2224243,5.943,2012,2,8,4,0,356427.98,349239.88,295974.22,333897.52,346502.0075
5,0,60.66,3.63,221.4342146,5.943,2012,3,9,4,0,312220.47,356427.98,333948.0,337959.0825,341168.2458333333
5,0,57.69,3.669,221.6460048,5.943,2012,3,10,4,0,359206.21,312220.47,349239.88,344273.635,340482.6158333333
5,0,63.55,3.734,221.7989713,5.943,2012,3,11,4,0,347295.6,359206.21,356427.98,343787.56499999994,337796.3908333333
5,0,64.44,3.787,221.8735063,5.943,2012,3,12,4,0,339392.54,347295.6,312220.47,339528.70499999996,327865.5825
5,0,67.76,3.845,221.9480412,5.943,2012,3,13,4,0,321299.99,339392.54,359206.21,341798.58499999996,325505.175
5,0,70.4,3.891,222.0225762,5.801,2012,4,14,4,0,331318.73,321299.99,347295.6,334826.71499999997,327108.50999999995
5,0,70.56,3.891,222.0971111,5.801,2012,4,15,4,0,402985.7,331318.73,339392.54,348749.24,336402.77499999997
5,0,67.33,3.877,222.1512315,5.801,2012,4,16,4,0,351832.03,402985.7,321299.99,351859.1125,341761.7791666666
5,0,68.96,3.814,222.2053519,5.801,2012,4,17,4,0,330063.06,351832.03,331318.73,354049.88,344602.5158333333
5,0,77.1,3.749,222.2594722,5.801,2012,5,18,4,0,324839.74,330063.06,402985.7,352430.1325,343843.4941666667
5,0,73.45,3.688,222.3135926,5.801,2012,5,19,4,0,360932.69,324839.74,351832.03,341916.88,344817.89499999996
5,0,70.45,3.63,222.330443,5.801,2012,5,20,4,0,333870.52,360932.69,330063.06,337426.5025,342938.10666666663
5,0,78.23,3.561,222.3323853,5.801,2012,5,21,4,0,336189.66,333870.52,324839.74,338958.15249999997,344935.5391666667
5,0,79.72,3.501,222.3343277,5.801,2012,6,22,4,0,341994.48,336189.66,360932.69,343246.83749999997,343501.22833333333
5,0,81.02,3.452,222.33627,5.801,2012,6,23,4,0,359867.8,341994.48,333870.52,342980.615,344548.9116666667
5,0,81.64,3.393,222.3492901,5.801,2012,6,24,4,0,341704.59,359867.8,336189.66,344939.1325,344741.58249999996
5,0,80.57,3.346,222.3900046,5.801,2012,6,25,4,0,327383.64,341704.59,341994.48,342737.6275,345248.55333333334
5,0,87.08,3.286,222.4307191,5.801,2012,6,26,4,0,325041.68,327383.64,359867.8,338499.4275,344725.4658333334
5,0,82.35,3.227,222.4714336,5.603,2012,7,27,4,0,329658.1,325041.68,341704.59,330947.0025,338614.8325
5,0,80.78,3.256,222.5121481,5.603,2012,7,28,4,0,341214.43,329658.1,327383.64,330824.46249999997,337730.0325
5,0,81.05,3.311,222.5209358,5.603,2012,7,29,4,0,316203.64,341214.43,325041.68,328029.4625,336575.08083333337
5,0,85.06,3.407,222.5297234,5.603,2012,7,30,4,0,321205.12,316203.64,329658.1,327070.3225,336272.19583333336
5,0,86.91,3.417,222.5385111,5.603,2012,8,31,4,0,306827.36,321205.12,341214.43,321362.6375,331763.41833333333
6,0,68.91,2.78,211.8942725,7.092,2010,4,17,4,0,1540435.99,1519846.36,1770333.9,1624449.5175,1590155.8983333334
6,0,73.68,2.835,211.8442706,7.092,2010,5,18,4,0,1498080.16,1540435.99,1667181.82,1556386.0825,1577276.32
6,0,74.95,2.854,211.8421769,7.092,2010,5,19,4,0,1619920.04,1498080.16,1519846.36,1544570.6375,1578412.6683333332
6,0,74.8,2.826,212.1275324,7.092,2010,5,20,4,0,1524059.4,1619920.04,1540435.99,1545623.8975,1574822.7791666668
6,0,78.89,2.759,212.412888,7.092,2010,5,21,4,0,1531938.44,1524059.4,1498080.16,1543499.51,1583071.548333333
6,0,79.44,2.705,212.6982436,7.092,2010,6,22,4,0,1644470.66,1531938.44,1619920.04,1580097.135,1586665.035
6,0,81.81,2.668,212.9835992,7.092,2010,6,23,4,0,1857380.09,1644470.66,1524059.4,1639462.1475,1611561.5958333332
6,0,83.89,2.637,212.9813843,7.092,2010,6,24,4,0,1685652.35,1857380.09,1531938.44,1679860.3849999998,1610944.3825
6,0,84.2,2.653,212.8641412,7.092,2010,6,25,4,0,1677248.24,1685652.35,1644470.66,1716187.835,1628045.6208333333
6,0,80.34,2.669,212.746898,6.973,2010,7,26,4,0,1640681.88,1677248.24,1857380.09,1715240.64,1617241.2858333334
6,0,80.93,2.642,212.6296549,6.973,2010,7,27,4,0,1759777.25,1640681.88,1685652.35,1690839.93,1624957.5716666665
6,0,83.75,2.623,212.6212163,6.973,2010,7,28,4,0,1690317.99,1759777.25,1677248.24,1692006.3399999999,1639163.5408333335
6,0,83.9,2.608,212.7578505,6.973,2010,7,29,4,0,1560120.8,1690317.99,1640681.88,1662724.48,1640803.9416666667
6,0,81.37,2.64,212.8944846,6.973,2010,7,30,4,0,1585240.92,1560120.8,1759777.25,1648864.24,1648067.3383333331
6,0,86.61,2.627,213.0311188,6.973,2010,8,31,4,0,1532308.78,1585240.92,1690317.99,1591997.1225,1640766.4000000001
6,0,86.83,2.692,213.1677529,6.973,2010,8,32,4,0,1633241.59,1532308.78,1560120.8,1577728.0225,1649864.9158333333
6,0,87.36,2.664,213.1291427,6.973,2010,8,33,4,0,1547654.98,1633241.59,1585240.92,1574611.5675000001,1651174.6275000002
6,0,85.71,2.619,213.0905324,6.973,2010,8,34,4,0,1539930.5,1547654.98,1532308.78,1563283.9625000001,1642462.9475
6,0,82.15,2.577,213.0519222,6.973,2010,9,35,4,0,1450766.12,1539930.5,1633241.59,1542898.2975,1608578.4500000002
6,1,78.78,2.565,213.013312,6.973,2010,9,36,4,0,1510925.32,1450766.12,1547654.98,1512319.23,1594017.8641666665
6,0,81.78,2.582,213.0398643,6.973,2010,9,37,4,0,1424225.44,1510925.32,1539930.5,1481461.845,1572932.6308333334
6,0,76.49,2.624,213.1152886,6.973,2010,9,38,4,0,1308537.75,1424225.44,1450766.12,1423613.6575,1545253.9533333334
6,0,70.69,2.603,213.1907129,7.007,2010,10,39,4,0,1275591.84,1308537.75,1510925.32,1379820.0875,1504905.1691666667
6,0,65.21,2.633,213.2661373,7.007,2010,10,40,4,0,1328468.89,1275591.84,1424225.44,1334205.98,1474751.0775
6,0,68.93,2.72,213.3337977,7.007,2010,10,41,4,0,1360317.9,1328468.89,1308537.75,1318229.095,1458100.8358333334
6,0,70.97,2.725,213.3820486,7.007,2010,10,42,4,0,1344580.92,1360317.9,1275591.84,1327239.8875,1438045.8358333334
6,0,70.39,2.716,213.4302994,7.007,2010,10,43,4,0,1332716.53,1344580.92,1328468.89,1341521.06,1421413.1483333334
6,0,59.9,2.689,213.4785503,7.007,2010,11,44,4,0,1385323.7,1332716.53,1360317.9,1355734.7625,1400753.3241666667
6,0,62.11,2.728,213.5268011,7.007,2010,11,45,4,0,1505442.15,1385323.7,1344580.92,1392015.825,1397235.5883333331
6,0,52.99,2.771,213.4107412,7.007,2010,11,46,4,0,1495536.46,1505442.15,1332716.53,1429754.71,1393536.085
6,1,65.79,2.735,213.2672961,7.007,2010,11,47,4,0,1518841.45,1495536.46,1385323.7,1476285.94,1399209.0291666668
6,0,52.3,2.708,213.123851,7.007,2010,12,48,4,0,2267452.4,1518841.45,1505442.15,1696818.115,1462252.9525
6,0,48.46,2.843,212.9804059,7.007,2010,12,49,4,0,1677067.24,2267452.4,1495536.46,1739724.3875,1483323.1025
6,0,52.24,2.869,212.918049,7.007,2010,12,50,4,0,1834737.58,1677067.24,1518841.45,1824524.6675,1527173.0883333331
6,0,55.07,2.886,212.9165082,7.007,2010,12,51,4,0,2090268.95,1834737.58,2267452.4,1967381.5425,1595062.8475000001
6,1,49.14,2.943,212.9149674,7.007,2010,12,52,4,0,2727575.18,2090268.95,1677067.24,2082412.2375,1711655.0383333333
6,0,47.78,2.976,212.9134266,6.858,2011,1,1,4,0,1464050.02,2727575.18,1834737.58,2029157.9325,1720299.3816666668
6,0,38.37,2.983,212.9655882,6.858,2011,1,2,4,0,1350441.68,1464050.02,2090268.95,1908083.9575,1720787.7783333333
6,0,46.2,3.016,213.3399647,6.858,2011,1,3,4,0,1306194.55,1350441.68,2727575.18,1712065.3575000002,1718577.6133333333
6,0,44.98,3.01,213.7143412,6.858,2011,1,4,4,0,1261253.18,1306194.55,1464050.02,1345484.8575,1708238.4033333333
6,0,40.59,2.989,214.0887176,6.858,2011,2,5,4,0,1287034.7,1261253.18,1350441.68,1301231.0274999999,1690037.7825
6,1,39.38,3.022,214.4630941,6.858,2011,2,6,4,0,1514999.17,1287034.7,1306194.55,1342370.4,1691659.675
6,0,59.61,3.045,214.7775231,6.858,2011,2,7,4,0,1486920.17,1514999.17,1261253.18,1387551.805,1688999.5683333334
6,0,62.86,3.065,215.0679731,6.858,2011,2,8,4,0,1572117.54,1486920.17,1287034.7,1465267.895,1631054.9966666668
6,0,60.45,3.288,215.3584231,6.858,2011,3,9,4,0,1422600.43,1572117.54,1514999.17,1499159.3275,1609849.4291666665
6,0,57.71,3.459,215.6488731,6.858,2011,3,10,4,0,1502617.99,1422600.43,1486920.17,1496064.0325,1582172.7966666669
6,0,65.07,3.488,215.9035078,6.858,2011,3,11,4,0,1494497.39,1502617.99,1572117.54,1497958.3375,1532525.1666666667
6,0,70.83,3.473,216.1438163,6.858,2011,3,12,4,0,1685375.47,1494497.39,1422600.43,1526272.8199999998,1445675.1908333332
6,0,62.25,3.524,216.3841249,6.855,2011,4,13,4,0,1438465.81,1685375.47,1502617.99,1530239.165,1443543.173333333
6,0,70.35,3.622,216.6244334,6.855,2011,4,14,4,0,1459276.77,1438465.81,1494497.39,1519403.8599999999,1452612.7641666664
6,0,73.17,3.743,216.8446627,6.855,2011,4,15,4,0,1534594.0,1459276.77,1685375.47,1529428.0125000002,1471646.0516666665
6,0,74.24,3.807,217.0146941,6.855,2011,4,16,4,0,1448797.02,1534594.0,1438465.81,1470283.4,1487274.705
6,0,75.27,3.81,217.1847255,6.855,2011,4,17,4,0,1639358.93,1448797.02,1459276.77,1520506.68,1516635.0575
6,0,65.42,3.906,217.3547569,6.855,2011,5,18,4,0,1479249.9,1639358.93,1534594.0,1525499.9625,1513655.9516666664
6,0,76.95,3.899,217.5247882,6.855,2011,5,19,4,0,1504651.57,1479249.9,1448797.02,1518014.355,1515133.5683333334
6,0,72.01,3.907,217.2896095,6.855,2011,5,20,4,0,1453185.65,1504651.57,1639358.93,1519111.5125,1505222.5775
6,0,80.83,3.786,217.0544307,6.855,2011,5,21,4,0,1382783.83,1453185.65,1479249.9,1454967.7375,1501904.5274999999
6,0,84.01,3.699,216.819252,6.855,2011,6,22,4,0,1523979.11,1382783.83,1504651.57,1466150.04,1503684.6208333333
6,0,84.49,3.648,216.5840732,6.855,2011,6,23,4,0,1705506.29,1523979.11,1453185.65,1516363.72,1521268.6958333335
6,0,87.08,3.637,216.5371616,6.855,2011,6,24,4,0,1598643.65,1705506.29,1382783.83,1552728.22,1514041.0441666667
6,0,85.51,3.594,216.6314502,6.855,2011,6,25,4,0,1622150.33,1598643.65,1523979.11,1612569.845,1529348.0875000001
6,0,87.0,3.524,216.7257388,6.925,2011,7,26,4,0,1543365.9,1622150.33,1705506.29,1617416.5425,1536355.515
6,0,88.36,3.48,216.8200275,6.925,2011,7,27,4,0,1694551.15,1543365.9,1598643.65,1614677.7574999998,1549685.2775
6,0,88.93,3.575,216.9044732,6.925,2011,7,28,4,0,1709373.62,1694551.15,1622150.33,1642360.25,1571399.9941666669
6,0,88.06,3.651,216.964312,6.925,2011,7,29,4,0,1526801.24,1709373.62,1543365.9,1618522.9775,1562020.1866666665
6,0,90.22,3.682,217.0241507,6.925,2011,7,30,4,0,1526506.08,1526801.24,1694551.15,1614308.0225,1565958.201666667
6,0,91.46,3.684,217.0839894,6.925,2011,8,31,4,0,1483991.05,1526506.08,1709373.62,1561667.9975,1564236.4916666665
6,0,90.49,3.638,217.1438281,6.925,2011,8,32,4,0,1601584.57,1483991.05,1526801.24,1534720.735,1576603.0683333334
6,0,89.26,3.554,217.2069662,6.925,2011,8,33,4,0,1484995.38,1601584.57,1526506.08,1524269.27,1585120.6974999998
6,0,90.07,3.523,217.2706543,6.925,2011,8,34,4,0,1493544.04,1484995.38,1483991.05,1516028.76,1582584.4416666667
6,0,91.22,3.533,217.3343423,6.925,2011,9,35,4,0,1420405.41,1493544.04,1601584.57,1500132.35,1558826.0350000001
6,1,80.21,3.546,217.3980304,6.925,2011,9,36,4,0,1481618.74,1420405.41,1484995.38,1470140.8925,1549073.9591666665
6,0,84.94,3.526,217.5797506,6.925,2011,9,37,4,0,1483574.38,1481618.74,1493544.04,1469785.6425,1537525.9633333331
6,0,78.49,3.467,217.9188471,6.925,2011,9,38,4,0,1351407.79,1483574.38,1420405.41,1434251.58,1521529.4541666668
6,0,82.51,3.355,218.2579435,6.925,2011,9,39,4,0,1336044.75,1351407.79,1481618.74,1413161.415,1491653.9208333334
6,0,74.1,3.285,218.59704,6.551,2011,10,40,4,0,1307551.92,1336044.75,1483574.38,1369644.71,1458168.7791666668
6,0,71.24,3.274,218.9109844,6.551,2011,10,41,4,0,1481739.2,1307551.92,1351407.79,1369185.915,1454413.6091666666
6,0,68.53,3.353,219.0740167,6.551,2011,10,42,4,0,1386520.99,1481739.2,1336044.75,1377964.2149999999,1442748.1849999998
6,0,69.51,3.372,219.237049,6.551,2011,10,43,4,0,1417922.37,1386520.99,1307551.92,1398433.62,1437242.4616666667
6,0,58.54,3.332,219.4000812,6.551,2011,11,44,4,0,1419445.12,1417922.37,1481739.2,1426406.92,1422064.1741666666
6,0,61.33,3.297,219.5631135,6.551,2011,11,45,4,0,1523420.38,1419445.12,1386520.99,1436827.2149999999,1425266.2575
6,0,63.89,3.308,219.7897137,6.551,2011,11,46,4,0,1536176.54,1523420.38,1417922.37,1474241.1025,1428818.9658333333
6,1,62.78,3.236,220.0417412,6.551,2011,11,47,4,0,1524390.07,1536176.54,1419445.12,1500858.0275,1437484.3541666667
6,0,51.18,3.172,220.2937686,6.551,2011,12,48,4,0,2249811.55,1524390.07,1523420.38,1708449.635,1501500.4216666669
6,0,43.64,3.158,220.5457961,6.551,2011,12,49,4,0,1688531.34,2249811.55,1536176.54,1749727.375,1518580.1683333332
6,0,53.27,3.159,220.7671856,6.551,2011,12,50,4,0,1903385.14,1688531.34,1524390.07,1841529.525,1564578.2808333335
6,0,49.45,3.112,220.9477245,6.551,2011,12,51,4,0,2034695.56,1903385.14,2249811.55,1969105.8975,1622799.1816666666
6,1,46.8,3.129,221.1282634,6.551,2011,12,52,4,0,2644633.02,2034695.56,1688531.34,2067811.2650000001,1734222.6066666665
6,0,50.82,3.157,221.3088023,6.132,2012,1,1,4,0,1598080.52,2644633.02,1903385.14,2045198.56,1743917.7166666668
6,0,48.33,3.261,221.4893412,6.132,2012,1,2,4,0,1395339.71,1598080.52,2034695.56,1918187.2025,1744652.61
6,0,55.37,3.268,221.5831306,6.132,2012,1,3,4,0,1344243.17,1395339.71,2644633.02,1745574.105,1738512.6766666668
6,0,53.95,3.29,221.6769199,6.132,2012,1,4,4,0,1326255.7,1344243.17,1598080.52,1415979.7750000001,1730746.8916666666
6,0,57.45,3.36,221.7707093,6.132,2012,2,5,4,0,1315610.66,1326255.7,1395339.71,1345362.31,1713429.415
6,1,48.58,3.409,221.8644987,6.132,2012,2,6,4,0,1496305.78,1315610.66,1344243.17,1370603.8275,1710106.8516666668
6,0,49.03,3.51,222.026359,6.132,2012,2,7,4,0,1620603.92,1496305.78,1326255.7,1439694.015,1718124.6725
6,0,59.17,3.555,222.2392726,6.132,2012,2,8,4,0,1632616.09,1620603.92,1315610.66,1516284.1124999998,1666691.7175
6,0,60.32,3.63,222.4521862,6.132,2012,3,9,4,0,1465187.71,1632616.09,1496305.78,1553678.375,1648079.7483333333
6,0,57.89,3.669,222.6650998,6.132,2012,3,10,4,0,1550385.65,1465187.71,1620603.92,1567198.3425,1618663.1241666665
6,0,62.8,3.734,222.8186603,6.132,2012,3,11,4,0,1569304.4,1550385.65,1632616.09,1554373.4625,1579880.5275
6,0,63.71,3.787,222.8930835,6.132,2012,3,12,4,0,1748010.29,1569304.4,1465187.71,1583222.0125000002,1505161.9666666666
6,0,67.91,3.845,222.9675066,6.132,2012,3,13,4,0,1495143.62,1748010.29,1550385.65,1590710.9899999998,1496583.8916666666
6,0,71.6,3.891,223.0419298,5.964,2012,4,14,4,0,1508933.26,1495143.62,1569304.4,1580347.8925,1506050.0208333333
6,0,71.29,3.891,223.1163529,5.964,2012,4,15,4,0,1840131.19,1508933.26,1748010.29,1648054.5899999999,1547374.0225
6,0,68.64,3.877,223.17092,5.964,2012,4,16,4,0,1616394.45,1840131.19,1495143.62,1615150.6300000001,1571552.251666667
6,0,71.5,3.814,223.2254871,5.964,2012,4,17,4,0,1456073.24,1616394.45,1508933.26,1605383.0350000001,1583257.4666666668
6,0,77.66,3.749,223.2800541,5.964,2012,5,18,4,0,1456221.1,1456073.24,1840131.19,1592204.9949999999,1579917.076666667
6,0,72.66,3.688,223.3346212,5.964,2012,5,19,4,0,1543461.12,1456221.1,1616394.45,1518037.4775,1573488.5099999998
6,0,70.5,3.63,223.3511928,5.964,2012,5,20,4,0,1517075.67,1543461.12,1456073.24,1493207.7825,1563860.1416666666
6,0,78.47,3.561,223.3525662,5.964,2012,5,21,4,0,1513635.64,1517075.67,1456221.1,1507598.3824999998,1567897.469166667
6,0,80.39,3.501,223.3539397,5.964,2012,6,22,4,0,1603793.42,1513635.64,1543461.12,1544491.4625,1572348.1166666665
6,0,80.5,3.452,223.3553131,5.964,2012,6,23,4,0,1681121.38,1603793.42,1517075.67,1578906.5274999999,1581666.1983333332
6,0,82.1,3.393,223.3680933,5.964,2012,6,24,4,0,1696619.52,1681121.38,1513635.64,1623792.49,1577383.6341666665
6,0,81.2,3.346,223.4093906,5.964,2012,6,25,4,0,1642247.48,1696619.52,1603793.42,1655945.4500000002,1589642.2891666666
6,0,87.35,3.286,223.4506878,5.964,2012,6,26,4,0,1618272.25,1642247.48,1681121.38,1659565.1575000002,1598753.8716666664
6,0,82.95,3.227,223.4919851,5.668,2012,7,27,4,0,1648863.46,1618272.25,1696619.52,1651500.6774999998,1582814.8941666668
6,0,80.27,3.256,223.5332824,5.668,2012,7,28,4,0,1876359.39,1648863.46,1642247.48,1696435.645,1604478.639166667
6,0,81.57,3.311,223.5424501,5.668,2012,7,29,4,0,1588142.26,1876359.39,1618272.25,1682909.3399999999,1615484.3908333331
6,0,85.78,3.407,223.5516178,5.668,2012,7,30,4,0,1574361.97,1588142.26,1648863.46,1671931.7699999998,1625329.4633333331
6,0,87.55,3.417,223.5607856,5.668,2012,8,31,4,0,1513229.16,1574361.97,1876359.39,1638023.1949999998,1622810.1333333335
7,0,38.99,2.766,189.575127,8.963,2010,4,17,4,0,404751.25,406228.19,561145.14,464096.9575,495092.95416666666
7,0,40.07,2.771,189.5312483,8.963,2010,5,18,4,0,373655.61,404751.25,484263.25,417224.57499999995,484837.13499999995
7,0,41.41,2.788,189.4904116,8.963,2010,5,19,4,0,395453.83,373655.61,406228.19,395022.22,474116.21083333326
7,0,46.6,2.776,189.467827,8.963,2010,5,20,4,0,372673.61,395453.83,404751.25,386633.57499999995,462942.3
7,0,54.24,2.737,189.4452425,8.963,2010,5,21,4,0,395195.65,372673.61,373655.61,384244.675,454535.0008333333
7,0,53.63,2.7,189.422658,8.963,2010,6,22,4,0,442734.55,395195.65,395453.83,401514.41000000003,450477.9175
7,0,63.59,2.684,189.4000734,8.963,2010,6,23,4,0,509183.22,442734.55,372673.61,429946.7575,452872.1775
7,0,52.7,2.674,189.4185259,8.963,2010,6,24,4,0,498580.87,509183.22,395195.65,461423.57249999995,446549.7308333334
7,0,59.94,2.715,189.4533931,8.963,2010,6,25,4,0,481144.09,498580.87,442734.55,482910.6825,443750.77166666667
7,0,61.31,2.728,189.4882603,9.017,2010,7,26,4,0,553714.87,481144.09,509183.22,510655.76249999995,443131.5825
7,0,58.0,2.711,189.5231276,9.017,2010,7,27,4,0,575570.77,553714.87,498580.87,527252.65,450740.5425
7,0,62.19,2.699,189.6125456,9.017,2010,7,28,4,0,593462.34,575570.77,481144.09,550973.0175000001,466343.38833333337
7,0,64.64,2.691,189.774698,9.017,2010,7,29,4,0,557166.35,593462.34,553714.87,569978.5825,479044.64666666667
7,0,66.07,2.69,189.9368504,9.017,2010,7,30,4,0,570231.21,557166.35,575570.77,574107.6675,495425.9466666667
7,0,61.7,2.69,190.0990028,9.017,2010,8,31,4,0,603547.16,570231.21,593462.34,581101.7649999999,512767.05750000005
7,0,60.13,2.723,190.2611552,9.017,2010,8,32,4,0,643854.17,603547.16,557166.35,593699.7225,535365.4375
7,0,59.59,2.732,190.2948237,9.017,2010,8,33,4,0,598185.4,643854.17,570231.21,603954.485,552281.25
7,0,57.57,2.731,190.3284922,9.017,2010,8,34,4,0,582353.17,598185.4,603547.16,606984.975,563916.135
7,0,49.84,2.773,190.3621607,9.017,2010,9,35,4,0,554309.24,582353.17,643854.17,594675.495,567676.6366666666
7,1,48.5,2.78,190.3958293,9.017,2010,9,36,4,0,532765.05,554309.24,598185.4,566903.2150000001,570525.3183333334
7,0,48.56,2.8,190.4688287,9.017,2010,9,37,4,0,535769.32,532765.05,582353.17,551299.1950000001,575077.4208333333
7,0,47.55,2.793,190.5713264,9.017,2010,9,38,4,0,489408.53,535769.32,554309.24,528063.035,569718.5591666667
7,0,49.99,2.759,190.6738241,9.137,2010,10,39,4,0,488008.83,489408.53,532765.05,511487.9325,562421.7308333333
7,0,44.13,2.745,190.7763218,9.137,2010,10,40,4,0,448998.73,488008.83,535769.32,490546.35250000004,550383.0966666666
7,0,35.86,2.762,190.8623087,9.137,2010,10,41,4,0,480239.88,448998.73,489408.53,476663.9925,543972.5575
7,0,36.84,2.762,190.9070184,9.137,2010,10,42,4,0,463370.48,480239.88,488008.83,470154.48,535067.4966666667
7,0,34.78,2.748,190.951728,9.137,2010,10,43,4,0,472450.81,463370.48,448998.73,466264.975,524142.8008333333
7,0,49.44,2.729,190.9964377,9.137,2010,11,44,4,0,465493.15,472450.81,480239.88,470388.57999999996,509279.3825
7,0,22.12,2.737,191.0411474,9.137,2010,11,45,4,0,480512.44,465493.15,463370.48,470456.72000000003,499473.3025
7,0,25.56,2.758,191.0312172,9.137,2010,11,46,4,0,507584.29,480512.44,472450.81,481510.1725,493242.5625
7,1,17.95,2.742,191.0121805,9.137,2010,11,47,4,0,482528.36,507584.29,465493.15,484029.56,487260.8225
7,0,21.88,2.712,190.9931437,9.137,2010,12,48,4,0,835189.26,482528.36,480512.44,576453.5874999999,512462.84
7,0,24.24,2.728,190.9741069,9.137,2010,12,49,4,0,552811.62,835189.26,507584.29,594528.3825,513883.0316666667
7,0,20.74,2.778,191.0303376,9.137,2010,12,50,4,0,599730.07,552811.62,482528.36,617564.8274999999,523076.49333333335
7,0,26.04,2.781,191.1430189,9.137,2010,12,51,4,0,716388.81,599730.07,835189.26,676029.94,542108.1583333333
7,1,13.76,2.829,191.2557002,9.137,2010,12,52,4,0,1045124.88,716388.81,552811.62,728513.845,591785.3375
7,0,10.09,2.882,191.3683815,8.818,2011,1,1,4,0,729572.08,1045124.88,599730.07,772703.96,612563.0208333334
7,0,11.32,2.911,191.4784939,8.818,2011,1,2,4,0,661163.94,729572.08,716388.81,788062.4275,629045.8091666667
7,0,25.4,2.973,191.5731924,8.818,2011,1,3,4,0,547384.9,661163.94,1045124.88,745811.45,635290.3166666668
7,0,10.11,3.008,191.667891,8.818,2011,1,4,4,0,521539.46,547384.9,729572.08,614915.095,639960.8425
7,0,-2.06,3.011,191.7625895,8.818,2011,2,5,4,0,513372.17,521539.46,661163.94,560865.1174999999,642699.1533333333
7,1,10.24,3.037,191.8572881,8.818,2011,2,6,4,0,558027.77,513372.17,547384.9,535081.075,646902.7766666666
7,0,17.3,3.051,191.9178331,8.818,2011,2,7,4,0,559903.13,558027.77,521539.46,538210.6325000001,653350.6741666667
7,0,17.46,3.101,191.9647167,8.818,2011,2,8,4,0,572387.47,559903.13,513372.17,550922.635,631450.525
7,0,21.84,3.232,192.0116004,8.818,2011,3,9,4,0,546690.84,572387.47,558027.77,559252.3025,630940.4600000001
7,0,20.7,3.372,192.058484,8.818,2011,3,10,4,0,551378.39,546690.84,559903.13,557589.9575,626911.1533333333
7,0,27.69,3.406,192.1237981,8.818,2011,3,11,4,0,558963.83,551378.39,572387.47,557355.1325000001,613792.4049999999
7,0,25.69,3.414,192.1964844,8.818,2011,3,12,4,0,635014.69,558963.83,546690.84,573011.9375,579616.5558333333
7,0,24.83,3.461,192.2691707,8.595,2011,4,13,4,0,559061.58,635014.69,551378.39,576104.6224999999,565407.3474999999
7,0,30.64,3.532,192.3418571,8.595,2011,4,14,4,0,513409.67,559061.58,558963.83,566612.4424999999,553094.4916666666
7,0,27.79,3.611,192.4225954,8.595,2011,4,15,4,0,500552.16,513409.67,635014.69,552009.5249999999,549191.7633333333
7,0,31.84,3.636,192.5234638,8.595,2011,4,16,4,0,423380.14,500552.16,559061.58,499100.88749999995,541011.82
7,0,26.79,3.663,192.6243322,8.595,2011,4,17,4,0,466594.89,423380.14,513409.67,475984.21499999997,537113.7133333333
7,0,26.54,3.735,192.7252006,8.595,2011,5,18,4,0,410429.73,466594.89,500552.16,450239.23,524813.8766666666
7,0,36.61,3.767,192.826069,8.595,2011,5,19,4,0,407012.47,410429.73,423380.14,426854.3075,512072.98833333334
7,0,36.16,3.828,192.831317,8.595,2011,5,20,4,0,414094.05,407012.47,466594.89,424532.785,498881.86999999994
7,0,37.51,3.795,192.8365651,8.595,2011,5,21,4,0,424670.98,414094.05,410429.73,414051.8075,488713.5483333333
7,0,45.77,3.763,192.8418131,8.595,2011,6,22,4,0,457216.87,424670.98,407012.47,425748.59249999997,480866.75499999995
7,0,53.3,3.735,192.8470612,8.595,2011,6,23,4,0,542295.37,457216.87,414094.05,459569.3175,479477.7166666666
7,0,48.79,3.697,192.9034759,8.595,2011,6,24,4,0,621099.95,542295.37,424670.98,511320.7925,478318.155
7,0,46.85,3.661,192.9982655,8.595,2011,6,25,4,0,610991.35,621099.95,457216.87,557900.885,482645.6358333333
7,0,58.54,3.597,193.0930552,8.622,2011,7,26,4,0,640043.97,610991.35,542295.37,603607.66,493198.4941666667
7,0,59.08,3.54,193.1878448,8.622,2011,7,27,4,0,704344.21,640043.97,621099.95,644119.87,510181.16500000004
7,0,54.37,3.532,193.3125484,8.622,2011,7,28,4,0,761793.94,704344.21,610991.35,679293.3674999999,538382.315
7,0,56.22,3.545,193.5120367,8.622,2011,7,29,4,0,642748.21,761793.94,640043.97,687232.5824999999,553061.7583333333
7,0,56.66,3.547,193.711525,8.622,2011,7,30,4,0,688043.96,642748.21,704344.21,699232.58,576196.2775
7,0,55.91,3.554,193.9110133,8.622,2011,8,31,4,0,653382.62,688043.96,761793.94,686492.1825,596727.1233333333
7,0,54.56,3.542,194.1105017,8.622,2011,8,32,4,0,695392.84,653382.62,642748.21,669891.9075,620168.6891666666
7,0,56.06,3.499,194.2500634,8.622,2011,8,33,4,0,670670.46,695392.84,688043.96,676872.47,640668.6458333334
7,0,57.6,3.485,194.3796374,8.622,2011,8,34,4,0,645156.21,670670.46,653382.62,666150.5325,656330.2575
7,0,53.4,3.511,194.5092113,8.622,2011,9,35,4,0,629994.47,645156.21,695392.84,660303.495,663638.5158333333
7,1,45.61,3.566,194.6387853,8.622,2011,9,36,4,0,592355.24,629994.47,670670.46,634544.095,661243.1233333333
7,0,43.67,3.596,194.7419707,8.622,2011,9,37,4,0,613135.23,592355.24,645156.21,620160.2875,661421.78
7,0,43.67,3.581,194.8099713,8.622,2011,9,38,4,0,558981.45,613135.23,629994.47,598616.5975,654666.57
7,0,47.34,3.538,194.8779718,8.622,2011,9,39,4,0,536144.81,558981.45,592355.24,575154.1825,640649.9533333333
7,0,40.65,3.498,194.9459724,8.513,2011,10,40,4,0,488880.26,536144.81,613135.23,549285.4375,617907.1466666666
7,0,32.65,3.491,195.0261012,8.513,2011,10,41,4,0,525866.36,488880.26,558981.45,527468.22,608166.9925
7,0,37.49,3.548,195.1789994,8.513,2011,10,42,4,0,501959.19,525866.36,536144.81,513212.65499999997,592659.9283333333
7,0,28.82,3.55,195.3318977,8.513,2011,10,43,4,0,558691.43,501959.19,488880.26,518849.31000000006,584768.9958333333
7,0,23.41,3.527,195.4847959,8.513,2011,11,44,4,0,527339.52,558691.43,525866.36,528464.125,570764.5525
7,0,19.53,3.505,195.6376941,8.513,2011,11,45,4,0,564536.01,527339.52,501959.19,538131.5375000001,561920.015
7,0,29.53,3.479,195.7184713,8.513,2011,11,46,4,0,556015.59,564536.01,558691.43,551645.6375000001,554491.63
7,1,27.6,3.424,195.7704,8.513,2011,11,47,4,0,539826.56,556015.59,527339.52,546929.42,546977.6375000001
7,0,20.38,3.378,195.8223287,8.513,2011,12,48,4,0,949075.87,539826.56,564536.01,652363.5075000001,576704.3566666667
7,0,11.17,3.331,195.8742575,8.513,2011,12,49,4,0,591907.88,949075.87,556015.59,659206.475,574935.4108333333
7,0,15.2,3.266,195.9841685,8.513,2011,12,50,4,0,653845.45,591907.88,539826.56,683663.9400000001,582840.7441666668
7,0,12.19,3.173,196.1713893,8.513,2011,12,51,4,0,720242.19,653845.45,949075.87,728767.8475,598182.1925
7,1,15.56,3.119,196.3586101,8.513,2011,12,52,4,0,1059715.27,720242.19,591907.88,756427.6975,645751.7766666667
7,0,18.67,3.095,196.5458309,8.256,2012,1,1,4,0,815915.52,1059715.27,653845.45,812429.6075,669922.54
7,0,7.46,3.077,196.7330517,8.256,2012,1,2,4,0,713117.66,815915.52,720242.19,827247.66,687519.0791666667
7,0,27.41,3.055,196.7796652,8.256,2012,1,3,4,0,593875.46,713117.66,1059715.27,795655.9775,690451.0816666667
7,0,26.9,3.038,196.8262786,8.256,2012,1,4,4,0,578002.85,593875.46,815915.52,675227.8725,694673.0258333334
7,0,22.2,3.031,196.8728921,8.256,2012,2,5,4,0,541037.98,578002.85,713117.66,606508.4875,692714.8566666667
7,1,18.79,3.103,196.9195056,8.256,2012,2,6,4,0,580453.32,541037.98,593875.46,573342.4025,694751.3341666666
7,0,27.03,3.113,196.9432711,8.256,2012,2,7,4,0,563460.77,580453.32,578002.85,565738.73,696720.8516666667
7,0,24.41,3.129,196.9499007,8.256,2012,2,8,4,0,620908.18,563460.77,541037.98,576465.0625,669373.5441666667
7,0,21.64,3.191,196.9565303,8.256,2012,3,9,4,0,603041.14,620908.18,580453.32,591965.8525,670301.3158333333
7,0,30.1,3.286,196.9631599,8.256,2012,3,10,4,0,551058.13,603041.14,563460.77,584617.055,661735.7058333333
7,0,37.29,3.486,197.0457208,8.256,2012,3,11,4,0,579166.5,551058.13,620908.18,588543.4875,649979.3983333333
7,0,35.06,3.664,197.2295234,8.256,2012,3,12,4,0,669205.73,579166.5,603041.14,600617.875,617436.9366666666
7,0,44.99,3.75,197.4133259,8.256,2012,3,13,4,0,615997.29,669205.73,551058.13,603856.9125,600777.0841666667
7,0,44.29,3.854,197.5971285,8.09,2012,4,14,4,0,583322.2,615997.29,579166.5,611922.9299999999,589960.7958333334
7,0,41.43,3.901,197.780931,8.09,2012,4,15,4,0,621425.98,583322.2,669205.73,622487.8,592256.6725
7,0,39.3,3.936,197.7227385,8.09,2012,4,16,4,0,517420.23,621425.98,615997.29,584541.425,587208.1208333332
7,0,51.49,3.927,197.664546,8.09,2012,4,17,4,0,457340.06,517420.23,583322.2,544877.1174999999,580233.2941666667
7,0,45.38,3.903,197.6063534,8.09,2012,5,18,4,0,467827.75,457340.06,621425.98,516003.505,570847.83
7,0,48.54,3.87,197.5481609,8.09,2012,5,19,4,0,465198.89,467827.75,517420.23,476946.7325,562659.34
7,0,49.41,3.837,197.5553137,8.09,2012,5,20,4,0,460397.41,465198.89,457340.06,462691.02749999997,549283.4425
7,0,50.6,3.804,197.5886046,8.09,2012,5,21,4,0,468428.3,460397.41,467827.75,465463.08749999997,538065.7058333333
7,0,55.06,3.764,197.6218954,8.09,2012,6,22,4,0,532739.77,468428.3,465198.89,481691.09249999997,536539.1758333334
7,0,63.07,3.741,197.6551863,8.09,2012,6,23,4,0,598495.02,532739.77,460397.41,515015.125,538149.8858333334
7,0,59.33,3.723,197.692292,8.09,2012,6,24,4,0,642963.75,598495.02,468428.3,560656.71,535963.0541666666
7,0,63.69,3.735,197.7389345,8.09,2012,6,25,4,0,666942.02,642963.75,532739.77,610285.14,540208.4483333334
7,0,68.84,3.693,197.785577,8.09,2012,6,26,4,0,687344.68,666942.02,598495.02,648936.3675,548876.9883333333
7,0,64.67,3.646,197.8322195,7.872,2012,7,27,4,0,704335.41,687344.68,642963.75,675396.4650000001,555786.1075
7,0,64.21,3.613,197.8788621,7.872,2012,7,28,4,0,805642.61,704335.41,666942.02,716066.18,579804.6391666668
7,0,62.87,3.585,197.9290378,7.872,2012,7,29,4,0,694150.89,805642.61,687344.68,722868.3975,599538.875
7,0,64.6,3.57,197.9792136,7.872,2012,7,30,4,0,686345.69,694150.89,704335.41,722618.6499999999,617748.7033333333
7,0,61.83,3.528,198.0293893,7.872,2012,8,31,4,0,686365.4,686345.69,805642.61,718126.1475,636179.2458333333
8,0,61.01,2.78,213.7176024,6.29,2010,4,17,4,0,850440.26,882917.12,914500.91,890973.0525,894056.1175
8,0,62.68,2.835,213.6670857,6.29,2010,5,18,4,0,778672.64,850440.26,916033.92,857015.985,875267.4133333334
8,0,61.35,2.854,213.6655355,6.29,2010,5,19,4,0,916820.96,778672.64,882917.12,857212.745,868769.0433333333
8,0,66.03,2.826,213.9577839,6.29,2010,5,20,4,0,873337.84,916820.96,850440.26,854817.925,861217.1658333334
8,0,74.71,2.759,214.2500323,6.29,2010,5,21,4,0,818333.21,873337.84,778672.64,846791.1625000001,858778.9241666667
8,0,75.71,2.705,214.5422806,6.29,2010,6,22,4,0,868041.56,818333.21,916820.96,869133.3925000001,857657.0583333332
8,0,82.21,2.668,214.834529,6.29,2010,6,23,4,0,958225.41,868041.56,873337.84,879484.505,865814.4958333332
8,0,78.79,2.637,214.8324452,6.29,2010,6,24,4,0,914835.86,958225.41,818333.21,889859.01,872058.2341666667
8,0,81.78,2.653,214.7126286,6.29,2010,6,25,4,0,869922.56,914835.86,868041.56,902756.3474999999,880173.5208333334
8,0,74.78,2.669,214.5928119,6.315,2010,7,26,4,0,814919.11,869922.56,958225.41,889475.7350000001,871875.0375000001
8,0,72.49,2.642,214.4729952,6.315,2010,7,27,4,0,852333.75,814919.11,914835.86,863002.8200000001,866566.6900000001
8,0,77.49,2.623,214.4640599,6.315,2010,7,28,4,0,845289.77,852333.75,869922.56,845616.2975,863431.0775
8,0,78.29,2.608,214.6029664,6.315,2010,7,29,4,0,848630.57,845289.77,814919.11,840293.2999999999,863280.27
8,0,76.02,2.64,214.7418728,6.315,2010,7,30,4,0,785515.88,848630.57,852333.75,832942.4924999999,863850.5399999999
8,0,80.37,2.627,214.8807793,6.315,2010,8,31,4,0,787295.09,785515.88,845289.77,816682.8274999999,853056.7174999999
8,0,80.11,2.692,215.0196857,6.315,2010,8,32,4,0,893399.77,787295.09,848630.57,828710.3274999999,854728.545
8,0,79.36,2.664,214.9779825,6.315,2010,8,33,4,0,867919.21,893399.77,785515.88,833532.4875,858860.7116666666
8,0,74.92,2.619,214.9362793,6.315,2010,8,34,4,0,870676.44,867919.21,787295.09,854822.6275,859080.2850000001
8,0,76.14,2.577,214.894576,6.315,2010,9,35,4,0,888816.78,870676.44,893399.77,880203.05,853296.2325
8,1,74.34,2.565,214.8528728,6.315,2010,9,36,4,0,899036.47,888816.78,867919.21,881612.2249999999,851979.6166666666
8,0,75.32,2.582,214.8785562,6.315,2010,9,37,4,0,831425.2,899036.47,870676.44,872488.7224999999,848771.5033333334
8,0,72.21,2.624,214.9547795,6.315,2010,9,38,4,0,836707.85,831425.2,888816.78,863996.5750000001,850587.2316666666
8,0,68.7,2.603,215.0310029,6.433,2010,10,39,4,0,773725.08,836707.85,899036.47,835223.6499999999,844036.5091666667
8,0,62.94,2.633,215.1072262,6.433,2010,10,40,4,0,804105.49,773725.08,831425.2,811490.905,840604.4858333333
8,0,62.59,2.72,215.1757,6.433,2010,10,41,4,0,870349.86,804105.49,836707.85,821222.07,842414.4266666666
8,0,62.86,2.725,215.2248,6.433,2010,10,42,4,0,826546.96,870349.86,773725.08,818681.8474999999,845833.6833333335
8,0,57.93,2.716,215.2739,6.433,2010,10,43,4,0,836419.14,826546.96,804105.49,834355.3624999999,849927.3541666665
8,0,55.76,2.689,215.323,6.433,2010,11,44,4,0,830756.76,836419.14,870349.86,841018.1799999999,844707.1033333332
8,0,54.89,2.728,215.3721,6.433,2010,11,45,4,0,927266.34,830756.76,826546.96,855247.3,849652.6975000001
8,0,43.86,2.771,215.2538714,6.433,2010,11,46,4,0,911538.98,927266.34,836419.14,876495.305,853057.9091666666
8,1,51.07,2.735,215.1077548,6.433,2010,11,47,4,0,885608.04,911538.98,830756.76,888792.53,852790.5141666667
8,0,42.85,2.708,214.9616381,6.433,2010,12,48,4,0,1261693.16,885608.04,927266.34,996526.63,883011.9049999999
8,0,42.47,2.843,214.8155214,6.433,2010,12,49,4,0,952766.93,1261693.16,911538.98,1002901.7775,893123.7158333333
8,0,45.03,2.869,214.7510843,6.433,2010,12,50,4,0,1069061.63,952766.93,885608.04,1042282.44,912486.5308333334
8,0,45.67,2.886,214.7479069,6.433,2010,12,51,4,0,1220579.55,1069061.63,1261693.16,1126025.3175,949724.4033333333
8,1,41.47,2.943,214.7447295,6.433,2010,12,52,4,0,1511641.09,1220579.55,952766.93,1188512.3,1008685.7033333333
8,0,35.77,2.976,214.7415521,6.262,2011,1,1,4,0,773586.49,1511641.09,1069061.63,1143717.19,1000622.0891666667
8,0,31.62,2.983,214.7930991,6.262,2011,1,2,4,0,873065.23,773586.49,1220579.55,1094718.09,1004498.6116666667
8,0,42.06,3.016,215.1729926,6.262,2011,1,3,4,0,809646.66,873065.23,1511641.09,991984.8675,1002267.5716666668
8,0,39.26,3.01,215.5528862,6.262,2011,1,4,4,0,822668.23,809646.66,773586.49,819741.6525,1001593.5275000002
8,0,24.48,2.989,215.9327797,6.262,2011,2,5,4,0,782256.66,822668.23,873065.23,821909.1950000001,989509.3874999998
8,1,28.26,3.022,216.3126733,6.262,2011,2,6,4,0,944594.78,782256.66,809646.66,839791.5825,992264.0375000001
8,0,50.64,3.045,216.6310383,6.262,2011,2,7,4,0,996147.39,944594.78,822668.23,886416.765,1001475.65
8,0,51.29,3.065,216.9247918,6.262,2011,2,8,4,0,1065108.64,996147.39,782256.66,947026.8675,985093.6066666666
8,0,53.18,3.288,217.2185454,6.262,2011,3,9,4,0,917317.15,1065108.64,944594.78,980791.99,982139.4583333334
8,0,49.14,3.459,217.512299,6.262,2011,3,10,4,0,935266.43,917317.15,996147.39,978459.9025,970989.8583333334
8,0,56.68,3.488,217.7705442,6.262,2011,3,11,4,0,900387.29,935266.43,1065108.64,954519.8775000001,944307.17
8,0,59.74,3.473,218.0145862,6.262,2011,3,12,4,0,898289.14,900387.29,917317.15,912815.0025000001,893194.5075
8,0,49.86,3.524,218.2586281,6.297,2011,4,13,4,0,827968.36,898289.14,935266.43,890477.805,897726.3300000001
8,0,65.62,3.622,218.50267,6.297,2011,4,14,4,0,878762.3,827968.36,900387.29,876351.7725,898201.0858333333
8,0,63.55,3.743,218.7262524,6.297,2011,4,15,4,0,949825.83,878762.3,898289.14,888711.4075,909882.6833333332
8,0,65.11,3.807,218.8986857,6.297,2011,4,16,4,0,908278.74,949825.83,827968.36,891208.8075,917016.8925
8,0,62.29,3.81,219.071119,6.297,2011,4,17,4,0,937473.13,908278.74,878762.3,918585.0,929951.5983333335
8,0,58.92,3.906,219.2435524,6.297,2011,5,18,4,0,855014.77,937473.13,949825.83,912648.1175,922486.5975
8,0,72.96,3.899,219.4159857,6.297,2011,5,19,4,0,941457.34,855014.77,908278.74,910555.995,917929.0933333333
8,0,65.54,3.907,219.1746922,6.297,2011,5,20,4,0,895763.41,941457.34,937473.13,907427.1625,903816.9908333333
8,0,73.14,3.786,218.9333986,6.297,2011,5,21,4,0,836049.89,895763.41,855014.77,882071.3525,897044.7191666667
8,0,82.05,3.699,218.6921051,6.297,2011,6,22,4,0,857939.41,836049.89,941457.34,882802.5125,890600.8008333334
8,0,82.21,3.648,218.4508115,6.297,2011,6,23,4,0,929222.16,857939.41,895763.41,879743.7175,893003.7066666667
8,0,84.73,3.637,218.4021448,6.297,2011,6,24,4,0,897309.41,929222.16,836049.89,880130.2175,892922.0625
8,0,83.94,3.594,218.4979481,6.297,2011,6,25,4,0,922048.41,897309.41,857939.41,901629.8475,900762.0666666665
8,0,87.26,3.524,218.5937514,6.425,2011,7,26,4,0,864881.24,922048.41,929222.16,903365.305,899605.3116666666
8,0,83.57,3.48,218.6895548,6.425,2011,7,27,4,0,883683.35,864881.24,897309.41,891980.6025,894093.4383333335
8,0,84.26,3.575,218.7746217,6.425,2011,7,28,4,0,861965.12,883683.35,922048.41,883144.53,890233.9700000001
8,0,85.46,3.651,218.8328475,6.425,2011,7,29,4,0,849925.37,861965.12,864881.24,865113.77,882938.3233333332
8,0,86.46,3.682,218.8910733,6.425,2011,7,30,4,0,829902.42,849925.37,883683.35,856369.0650000001,880845.6275
8,0,85.15,3.684,218.9492991,6.425,2011,8,31,4,0,807082.19,829902.42,861965.12,837218.775,869647.6983333334
8,0,86.05,3.638,219.0075249,6.425,2011,8,32,4,0,892393.77,807082.19,849925.37,844825.9375,869366.895
8,0,82.92,3.554,219.0701968,6.425,2011,8,33,4,0,856796.1,892393.77,829902.42,846543.6199999999,871095.7458333332
8,0,84.69,3.523,219.1336097,6.425,2011,8,34,4,0,895066.5,856796.1,807082.19,862834.6399999999,874189.6699999999
8,0,84.77,3.533,219.1970226,6.425,2011,9,35,4,0,912542.82,895066.5,892393.77,889199.7975,872799.725
8,1,69.01,3.546,219.2604355,6.425,2011,9,36,4,0,891387.14,912542.82,856796.1,888948.1399999999,872306.2025
8,0,69.09,3.526,219.4442443,6.425,2011,9,37,4,0,848358.09,891387.14,895066.5,886838.6375000001,866165.3425000001
8,0,68.72,3.467,219.788581,6.425,2011,9,38,4,0,870971.82,848358.09,912542.82,880814.9674999999,866672.8908333335
8,0,72.2,3.355,220.1329176,6.425,2011,9,39,4,0,806444.29,870971.82,891387.14,854290.335,860236.3024999999
8,0,67.61,3.285,220.4772543,6.123,2011,10,40,4,0,809049.37,806444.29,848358.09,833705.8925000001,855826.6566666666
8,0,61.74,3.274,220.7960935,6.123,2011,10,41,4,0,929976.55,809049.37,870971.82,854110.5075,862497.5883333334
8,0,59.97,3.353,220.9619484,6.123,2011,10,42,4,0,863188.26,929976.55,806444.29,852164.6175,865271.4083333333
8,0,56.86,3.372,221.1278032,6.123,2011,10,43,4,0,905984.49,863188.26,809049.37,877049.6675,873513.2666666666
8,0,49.68,3.332,221.2936581,6.123,2011,11,44,4,0,876712.31,905984.49,929976.55,893965.4025,872206.4783333334
8,0,50.56,3.297,221.4595129,6.123,2011,11,45,4,0,947815.05,876712.31,863188.26,898425.0275000001,879791.3908333333
8,0,51.72,3.308,221.6911738,6.123,2011,11,46,4,0,917088.48,947815.05,905984.49,911900.0825,881626.5558333333
8,1,49.61,3.236,221.9491571,6.123,2011,11,47,4,0,897032.19,917088.48,876712.31,909662.0075000001,880334.0033333333
8,0,40.82,3.172,222.2071405,6.123,2011,12,48,4,0,1235163.86,897032.19,947815.05,999274.895,908982.0633333334
8,0,30.51,3.158,222.4651238,6.123,2011,12,49,4,0,986601.46,1235163.86,917088.48,1008971.4974999999,920502.3441666666
8,0,39.79,3.159,222.6910959,6.123,2011,12,50,4,0,1051922.95,986601.46,897032.19,1042680.115,935581.605
8,0,38.16,3.112,222.8743862,6.123,2011,12,51,4,0,1118163.94,1051922.95,1235163.86,1097963.0525,961558.2425
8,1,36.33,3.129,223.0576765,6.123,2011,12,52,4,0,1462254.05,1118163.94,986601.46,1154735.6,1015991.9658333333
8,0,43.47,3.157,223.2409668,5.825,2012,1,1,4,0,858572.22,1462254.05,1051922.95,1122728.29,1010041.605
8,0,36.46,3.261,223.4242571,5.825,2012,1,2,4,0,872113.23,858572.22,1118163.94,1077775.8599999999,1010785.3525
8,0,46.81,3.268,223.5188055,5.825,2012,1,3,4,0,817661.76,872113.23,1462254.05,1002650.3150000001,1003425.125
8,0,45.52,3.29,223.6133539,5.825,2012,1,4,4,0,813954.82,817661.76,858572.22,840575.5075,998195.3341666666
8,0,45.56,3.36,223.7079023,5.825,2012,2,5,4,0,778178.53,813954.82,872113.23,820477.085,984058.9575
8,1,35.71,3.409,223.8024507,5.825,2012,2,6,4,0,927610.69,778178.53,817661.76,834351.4500000001,984935.8083333332
8,0,37.51,3.51,223.9658621,5.825,2012,2,7,4,0,1021400.42,927610.69,813954.82,885286.115,995299.8275
8,0,46.33,3.555,224.1809207,5.825,2012,2,8,4,0,1096232.89,1021400.42,778178.53,955855.6325000001,983722.2466666666
8,0,50.95,3.63,224.3959793,5.825,2012,3,9,4,0,928537.54,1096232.89,927610.69,993445.385,978883.5866666668
8,0,49.59,3.669,224.6110379,5.825,2012,3,10,4,0,952264.91,928537.54,1021400.42,999608.94,970578.75
8,0,56.63,3.734,224.7657327,5.825,2012,3,11,4,0,960115.56,952264.91,1096232.89,984287.725,957408.0516666666
8,0,52.9,3.787,224.8399424,5.825,2012,3,12,4,0,921178.39,960115.56,928537.54,940524.1,912318.4133333334
8,0,66.69,3.845,224.9141521,5.825,2012,3,13,4,0,874223.25,921178.39,952264.91,926945.5275000001,913622.6658333334
8,0,62.18,3.891,224.9883618,5.679,2012,4,14,4,0,905935.29,874223.25,960115.56,915363.1225,916441.1708333334
8,0,65.19,3.891,225.0625714,5.679,2012,4,15,4,0,1046816.59,905935.29,921178.39,937038.38,935537.4066666667
8,0,63.59,3.877,225.1179914,5.679,2012,4,16,4,0,909989.45,1046816.59,874223.25,934241.145,943540.2925
8,0,70.34,3.814,225.1734114,5.679,2012,4,17,4,0,872288.46,909989.45,905935.29,933757.4475,951382.7866666666
8,0,73.96,3.749,225.2288314,5.679,2012,5,18,4,0,879448.25,872288.46,1046816.59,927135.6875,947369.25
8,0,64.96,3.688,225.2842514,5.679,2012,5,19,4,0,937232.09,879448.25,909989.45,899739.5625,940355.2224999998
8,0,64.16,3.63,225.3002908,5.679,2012,5,20,4,0,920128.89,937232.09,872288.46,902274.4225,925679.8891666667
8,0,76.11,3.561,225.3005779,5.679,2012,5,21,4,0,913922.01,920128.89,879448.25,912682.8099999999,924461.9283333332
8,0,78.31,3.501,225.300865,5.679,2012,6,22,4,0,895157.44,913922.01,937232.09,916610.1074999999,919702.9725
8,0,74.28,3.452,225.3011521,5.679,2012,6,23,4,0,921161.2,895157.44,920128.89,912592.385,916456.7758333334
8,0,77.14,3.393,225.3134743,5.679,2012,6,24,4,0,928820.0,921161.2,913922.01,914765.1625,917093.5766666667
8,0,78.85,3.346,225.3558843,5.679,2012,6,25,4,0,916918.7,928820.0,895157.44,915514.335,920651.5308333333
8,0,84.47,3.286,225.3982943,5.679,2012,6,26,4,0,899449.65,916918.7,921161.2,916587.3875,920111.0608333332
8,0,81.24,3.227,225.4407043,5.401,2012,7,27,4,0,878298.22,899449.65,928820.0,905871.6425,906067.8633333333
8,0,78.46,3.256,225.4831143,5.401,2012,7,28,4,0,936205.5,878298.22,916918.7,907718.0175,908252.5341666667
8,0,79.94,3.311,225.4930078,5.401,2012,7,29,4,0,890488.01,936205.5,899449.65,901110.345,909769.1633333334
8,0,81.71,3.407,225.5029014,5.401,2012,7,30,4,0,888834.07,890488.01,878298.22,898456.45,910551.3150000001
8,0,85.06,3.417,225.5127949,5.401,2012,8,31,4,0,838227.52,888834.07,936205.5,888438.775,902300.9341666667
9,0,66.07,2.78,213.8990459,6.384,2010,4,17,4,0,488683.57,485764.32,545206.32,512259.63,509038.13083333336
9,0,68.58,2.835,213.848478,6.384,2010,5,18,4,0,491723.42,488683.57,529384.31,498888.905,504222.9533333333
9,0,70.53,2.854,213.8469819,6.384,2010,5,19,4,0,526128.61,491723.42,485764.32,498074.98,502010.54750000004
9,0,71.5,2.826,214.1399162,6.384,2010,5,20,4,0,492792.8,526128.61,488683.57,499832.1,500465.9558333333
9,0,77.12,2.759,214.4328505,6.384,2010,5,21,4,0,506274.94,492792.8,491723.42,504229.9425,503174.4283333334
9,0,79.65,2.705,214.7257848,6.384,2010,6,22,4,0,558143.53,506274.94,526128.61,520834.97,507411.56583333336
9,0,83.75,2.668,215.0187191,6.384,2010,6,23,4,0,586061.46,558143.53,492792.8,535818.1825,515071.2041666666
9,0,82.99,2.637,215.0166484,6.384,2010,6,24,4,0,522715.68,586061.46,506274.94,543298.9025,518152.1266666667
9,0,85.02,2.653,214.8965756,6.384,2010,6,25,4,0,513073.87,522715.68,558143.53,544998.635,520496.0691666666
9,0,78.55,2.669,214.7765028,6.442,2010,7,26,4,0,509263.28,513073.87,586061.46,532778.5725,517500.81583333336
9,0,78.51,2.642,214.6564301,6.442,2010,7,27,4,0,528832.54,509263.28,522715.68,518471.3425,517454.83499999996
9,0,82.93,2.623,214.6474453,6.442,2010,7,28,4,0,485389.15,528832.54,513073.87,509139.7100000001,517423.57083333336
9,0,84.49,2.608,214.7865779,6.442,2010,7,29,4,0,474030.51,485389.15,509263.28,499378.87,516202.4825
9,0,79.83,2.64,214.9257105,6.442,2010,7,30,4,0,462676.5,474030.51,528832.54,487732.17500000005,513781.9058333333
9,0,87.09,2.627,215.064843,6.442,2010,8,31,4,0,468675.19,462676.5,485389.15,472692.8375,508994.12083333335
9,0,86.85,2.692,215.2039756,6.442,2010,8,32,4,0,522815.45,468675.19,474030.51,482049.41250000003,511496.0083333333
9,0,86.3,2.664,215.1619646,6.442,2010,8,33,4,0,481897.98,522815.45,462676.5,484016.28,509464.59500000003
9,0,84.01,2.619,215.1199536,6.442,2010,8,34,4,0,499325.38,481897.98,468675.19,493178.5,504563.0825
9,0,82.47,2.577,215.0779426,6.442,2010,9,35,4,0,506789.66,499325.38,522815.45,502707.1175,497957.0991666667
9,1,77.7,2.565,215.0359315,6.442,2010,9,36,4,0,511049.06,506789.66,481897.98,499765.52,496984.8808333333
9,0,81.19,2.582,215.0615285,6.442,2010,9,37,4,0,484835.2,511049.06,499325.38,500499.825,494631.6583333334
9,0,77.15,2.624,215.1378313,6.442,2010,9,38,4,0,463448.59,484835.2,506789.66,491530.62749999994,490813.7675
9,0,69.08,2.603,215.2141341,6.56,2010,10,39,4,0,452905.22,463448.59,511049.06,478059.51749999996,484486.4908333334
9,0,65.35,2.633,215.290437,6.56,2010,10,40,4,0,495692.19,452905.22,484835.2,474220.3,485345.07749999996
9,0,67.36,2.72,215.3589917,6.56,2010,10,41,4,0,505069.21,495692.19,463448.59,479278.8025,487931.6358333333
9,0,69.99,2.725,215.4081762,6.56,2010,10,42,4,0,454769.68,505069.21,452905.22,477109.075,487272.7341666667
9,0,64.43,2.716,215.4573607,6.56,2010,10,43,4,0,466322.76,454769.68,495692.19,480463.46,487076.6983333333
9,0,58.69,2.689,215.5065452,6.56,2010,11,44,4,0,508801.61,466322.76,505069.21,483740.815,485908.87833333324
9,0,61.59,2.728,215.5557297,6.56,2010,11,45,4,0,517869.97,508801.61,454769.68,486941.005,488906.5441666667
9,0,49.96,2.771,215.4372854,6.56,2010,11,46,4,0,520846.68,517869.97,466322.76,503460.255,490699.98583333334
9,1,60.18,2.735,215.2909028,6.56,2010,11,47,4,0,519823.3,520846.68,508801.61,516835.39,491786.1225
9,0,49.89,2.708,215.1445203,6.56,2010,12,48,4,0,768070.53,519823.3,517869.97,581652.62,513204.57833333337
9,0,46.1,2.843,214.9981378,6.56,2010,12,49,4,0,578164.82,768070.53,520846.68,596726.3325,520982.0466666667
9,0,49.7,2.869,214.9334937,6.56,2010,12,50,4,0,618121.82,578164.82,519823.3,621045.1174999999,533871.4825
9,0,50.93,2.886,214.9301534,6.56,2010,12,51,4,0,685243.2,618121.82,768070.53,662400.0925,553232.9808333333
9,1,45.92,2.943,214.9268131,6.56,2010,12,52,4,0,873347.55,685243.2,578164.82,688719.3474999999,584704.2608333334
9,0,41.82,2.976,214.9234729,6.416,2011,1,1,4,0,459770.85,873347.55,618121.82,659120.855,580929.3975000001
9,0,36.43,2.983,214.9749587,6.416,2011,1,2,4,0,490981.78,459770.85,685243.2,627335.845,583947.0724999999
9,0,44.72,3.016,215.3554013,6.416,2011,1,3,4,0,458086.69,490981.78,873347.55,570546.7175,583260.7333333333
9,0,43.9,3.01,215.7358438,6.416,2011,1,4,4,0,454021.69,458086.69,459770.85,465715.2525,578695.7400000001
9,0,31.82,2.989,216.1162864,6.416,2011,2,5,4,0,463561.48,454021.69,490981.78,466662.91000000003,574170.0325
9,1,34.13,3.022,216.496729,6.416,2011,2,6,4,0,544612.28,463561.48,458086.69,480070.535,576150.4991666666
9,0,58.5,3.045,216.8154856,6.416,2011,2,7,4,0,555279.02,544612.28,454021.69,504368.6175,579105.1425
9,0,59.01,3.065,217.1095679,6.416,2011,2,8,4,0,610985.56,555279.02,463561.48,543609.585,566014.7283333334
9,0,60.67,3.288,217.4036503,6.416,2011,3,9,4,0,513107.2,610985.56,544612.28,555996.015,560593.26
9,0,54.75,3.459,217.6977326,6.416,2011,3,10,4,0,542016.18,513107.2,555279.02,555346.99,554251.1233333334
9,0,63.82,3.488,217.9563371,6.416,2011,3,11,4,0,517783.5,542016.18,610985.56,545973.1100000001,540296.1483333333
9,0,68.79,3.473,218.2007506,6.416,2011,3,12,4,0,515226.11,517783.5,513107.2,522033.24750000006,510452.69500000007
9,0,56.12,3.524,218.445164,6.38,2011,4,13,4,0,497488.4,515226.11,542016.18,518128.54750000004,513595.82416666666
9,0,71.4,3.622,218.6895775,6.38,2011,4,14,4,0,520962.14,497488.4,517783.5,512865.0375,516094.18750000006
9,0,71.9,3.743,218.9134935,6.38,2011,4,15,4,0,561625.92,520962.14,515226.11,523825.6425,524722.4566666667
9,0,72.35,3.807,219.0861659,6.38,2011,4,16,4,0,528420.28,561625.92,497488.4,527124.185,530922.3391666667
9,0,70.85,3.81,219.2588382,6.38,2011,4,17,4,0,549502.11,528420.28,520962.14,540127.6125,538084.0583333333
9,0,62.2,3.906,219.4315106,6.38,2011,5,18,4,0,532226.2,549502.11,561625.92,542943.6275,537051.885
9,0,77.66,3.899,219.6041829,6.38,2011,5,19,4,0,545251.1,532226.2,528420.28,538849.9225,536216.225
9,0,70.49,3.907,219.3622809,6.38,2011,5,20,4,0,539126.0,545251.1,549502.11,541526.3525,530227.9283333333
9,0,80.42,3.786,219.1203788,6.38,2011,5,21,4,0,518266.9,539126.0,532226.2,533717.55,530657.9033333333
9,0,85.8,3.699,218.8784768,6.38,2011,6,22,4,0,553834.04,518266.9,545251.1,539119.51,531642.725
9,0,85.81,3.648,218.6365747,6.38,2011,6,23,4,0,587004.29,553834.04,539126.0,549557.8075,537411.1241666666
9,0,89.15,3.637,218.5877333,6.38,2011,6,24,4,0,550076.32,587004.29,518266.9,552295.3875,540315.3083333332
9,0,86.74,3.594,218.6836874,6.38,2011,6,25,4,0,558671.14,550076.32,553834.04,562396.4475,545413.87
9,0,89.14,3.524,218.7796415,6.404,2011,7,26,4,0,538745.93,558671.14,587004.29,558624.42,546895.8524999999
9,0,89.04,3.48,218.8755955,6.404,2011,7,27,4,0,537064.03,538745.93,550076.32,546139.355,544849.0283333333
9,0,90.45,3.575,218.9607242,6.404,2011,7,28,4,0,535983.13,537064.03,558671.14,542616.0575,545479.2658333334
9,0,89.08,3.651,219.0187895,6.404,2011,7,29,4,0,512834.04,535983.13,538745.93,531156.7825,542423.5933333334
9,0,91.1,3.682,219.0768548,6.404,2011,7,30,4,0,491449.94,512834.04,537064.03,519332.78500000003,539025.5716666667
9,0,91.52,3.684,219.1349201,6.404,2011,8,31,4,0,471449.98,491449.94,535983.13,502929.27249999996,532875.4783333334
9,0,91.63,3.638,219.1929854,6.404,2011,8,32,4,0,554879.67,471449.98,512834.04,507653.40750000003,534188.2841666667
9,0,85.8,3.554,219.2556109,6.404,2011,8,33,4,0,520284.79,554879.67,491449.94,509516.09500000003,534356.4416666667
9,0,88.95,3.523,219.3189965,6.404,2011,8,34,4,0,540819.44,520284.79,471449.98,521858.47,533271.8916666667
9,0,89.33,3.533,219.382382,6.404,2011,9,35,4,0,542663.53,540819.44,554879.67,539661.8574999999,529576.8283333333
9,1,75.65,3.546,219.4457675,6.404,2011,9,36,4,0,544643.33,542663.53,520284.79,537102.7725,529124.0791666666
9,0,77.95,3.526,219.6297841,6.404,2011,9,37,4,0,528784.86,544643.33,540819.44,539227.79,526633.5558333333
9,0,74.42,3.467,219.9746423,6.404,2011,9,38,4,0,500274.03,528784.86,542663.53,529091.4375,523427.5641666667
9,0,78.45,3.355,220.3195004,6.404,2011,9,39,4,0,506743.78,500274.03,544643.33,520111.5,520900.87666666665
9,0,72.62,3.285,220.6643585,6.054,2011,10,40,4,0,508567.04,506743.78,528784.86,511092.4275,518616.20249999996
9,0,67.27,3.274,220.9836849,6.054,2011,10,41,4,0,553836.98,508567.04,500274.03,517355.4575,522033.1141666667
9,0,65.46,3.353,221.1498206,6.054,2011,10,42,4,0,529515.66,553836.98,506743.78,524665.865,525205.2575
9,0,63.96,3.372,221.3159563,6.054,2011,10,43,4,0,557075.21,529515.66,508567.04,537248.7225,532340.6933333334
9,0,54.46,3.332,221.4820921,6.054,2011,11,44,4,0,548527.49,557075.21,553836.98,547238.835,531811.3450000001
9,0,58.28,3.297,221.6482278,6.054,2011,11,45,4,0,597855.07,548527.49,529515.66,558243.3574999999,538275.535
9,0,58.8,3.308,221.8803923,6.054,2011,11,46,4,0,594574.12,597855.07,557075.21,574507.9724999999,542755.0916666667
9,1,54.32,3.236,222.1389683,6.054,2011,11,47,4,0,542414.27,594574.12,548527.49,570842.7374999999,542734.3200000001
9,0,46.84,3.172,222.3975443,6.054,2011,12,48,4,0,814753.5,542414.27,597855.07,637399.24,565243.5008333334
9,0,37.65,3.158,222.6561203,6.054,2011,12,49,4,0,613115.21,814753.5,594574.12,641214.275,572271.03
9,0,47.31,3.159,222.8825484,6.054,2011,12,50,4,0,630327.28,613115.21,542414.27,650152.565,583108.8008333333
9,0,44.43,3.112,223.0661125,6.054,2011,12,51,4,0,705557.97,630327.28,814753.5,690938.49,599676.65
9,1,43.41,3.129,223.2496766,6.054,2011,12,52,4,0,905324.68,705557.97,613115.21,713581.2849999999,632739.7866666667
9,0,47.54,3.157,223.4332408,5.667,2012,1,1,4,0,549788.36,905324.68,630327.28,697749.5725,632402.4016666667
9,0,42.44,3.261,223.6168049,5.667,2012,1,2,4,0,519585.67,549788.36,705557.97,670064.17,631574.9025
9,0,51.56,3.268,223.7114288,5.667,2012,1,3,4,0,474964.6,519585.67,905324.68,612415.8275,624732.3516666667
9,0,49.38,3.29,223.8060527,5.667,2012,1,4,4,0,480130.04,474964.6,549788.36,506117.1675,619032.5641666666
9,0,54.43,3.36,223.9006766,5.667,2012,2,5,4,0,482451.21,480130.04,519585.67,489282.88,609415.5758333333
9,1,44.03,3.409,223.9953006,5.667,2012,2,6,4,0,549967.89,482451.21,474964.6,496878.435,605698.39
9,0,43.81,3.51,224.1588663,5.667,2012,2,7,4,0,609736.12,549967.89,480130.04,530571.3150000001,611308.5441666666
9,0,53.67,3.555,224.3741384,5.667,2012,2,8,4,0,658965.05,609736.12,482451.21,575280.0675,598326.1733333333
9,0,57.2,3.63,224.5894104,5.667,2012,3,9,4,0,563578.79,658965.05,549967.89,595561.9625,594198.1383333333
9,0,54.03,3.669,224.8046825,5.667,2012,3,10,4,0,619498.28,563578.79,609736.12,612944.56,593295.7216666667
9,0,59.94,3.734,224.9594902,5.667,2012,3,11,4,0,574955.95,619498.28,658965.05,604249.5175,582412.22
9,0,58.79,3.787,225.0336786,5.667,2012,3,12,4,0,550373.57,574955.95,563578.79,577101.6475,552832.9608333333
9,0,67.87,3.845,225.107867,5.667,2012,3,13,4,0,550791.32,550373.57,619498.28,573904.78,552916.5408333333
9,0,68.83,3.891,225.1820555,5.539,2012,4,14,4,0,574985.37,550791.32,574955.95,562776.5525,557533.1825
9,0,69.19,3.891,225.2562439,5.539,2012,4,15,4,0,677885.99,574985.37,550373.57,588509.0625,574443.2983333333
9,0,68.04,3.877,225.3117488,5.539,2012,4,16,4,0,578539.86,677885.99,550791.32,595550.635,582644.1166666667
9,0,73.07,3.814,225.3672537,5.539,2012,4,17,4,0,542819.03,578539.86,574985.37,593557.5625,587674.7683333333
9,0,78.98,3.749,225.4227585,5.539,2012,5,18,4,0,550414.99,542819.03,677885.99,587414.9675,587712.0266666667
9,0,70.94,3.688,225.4782634,5.539,2012,5,19,4,0,586289.08,550414.99,578539.86,564515.74,585758.1066666667
9,0,69.52,3.63,225.4942498,5.539,2012,5,20,4,0,592572.3,586289.08,542819.03,568023.8500000001,580225.3775
9,0,79.69,3.561,225.4944288,5.539,2012,5,21,4,0,571463.93,592572.3,550414.99,575185.075,580882.4725
9,0,80.26,3.501,225.4946078,5.539,2012,6,22,4,0,547226.0,571463.93,586289.08,574387.8275,574859.7825000001
9,0,78.91,3.452,225.4947868,5.539,2012,6,23,4,0,583648.59,547226.0,592572.3,573727.7050000001,575584.1691666667
9,0,82.21,3.393,225.5070634,5.539,2012,6,24,4,0,582525.42,583648.59,571463.93,571215.985,578263.49
9,0,81.05,3.346,225.5495841,5.539,2012,6,25,4,0,564606.1,582525.42,547226.0,569501.5275,579414.7216666667
9,0,87.18,3.286,225.5921049,5.539,2012,6,26,4,0,562173.12,564606.1,583648.59,573238.3075,578347.0341666667
9,0,84.15,3.227,225.6346256,5.277,2012,7,27,4,0,544770.7,562173.12,582525.42,563518.835,567254.0933333334
9,0,82.39,3.256,225.6771463,5.277,2012,7,28,4,0,578790.36,544770.7,564606.1,562585.0700000001,567274.9683333333
9,0,83.39,3.311,225.6871121,5.277,2012,7,29,4,0,536537.64,578790.36,562173.12,555567.955,566751.5191666667
9,0,86.41,3.407,225.6970779,5.277,2012,7,30,4,0,513991.57,536537.64,544770.7,543522.5675,563716.2341666667
9,0,90.23,3.417,225.7070437,5.277,2012,8,31,4,0,495951.0,513991.57,578790.36,531317.6425000001,556188.0608333334
10,0,69.76,3.105,126.3805667,9.524,2010,4,17,4,0,1829521.83,1826241.44,2138651.97,1958871.1525000003,2007801.096666667
10,0,71.06,3.127,126.2898,9.524,2010,5,18,4,0,1790694.59,1829521.83,2041069.37,1871881.8075,1974271.5833333337
10,0,73.88,3.145,126.2085484,9.524,2010,5,19,4,0,1921432.16,1790694.59,1826241.44,1841972.505,1953055.22
10,0,78.32,3.12,126.1843871,9.524,2010,5,20,4,0,1808056.41,1921432.16,1829521.83,1837426.2475,1927607.2058333335
10,0,76.67,3.058,126.1602258,9.524,2010,5,21,4,0,1847613.58,1808056.41,1790694.59,1841949.185,1914343.7575
10,0,82.82,2.941,126.1360645,9.524,2010,6,22,4,0,1904618.17,1847613.58,1921432.16,1870430.0799999998,1907471.0975000001
10,0,89.67,3.057,126.1119032,9.524,2010,6,23,4,0,1931406.28,1904618.17,1808056.41,1872923.61,1906642.7766666666
10,0,83.49,2.935,126.114,9.524,2010,6,24,4,0,1827521.71,1931406.28,1847613.58,1877789.935,1896696.6641666666
10,0,90.32,3.084,126.1266,9.524,2010,6,25,4,0,1837636.24,1827521.71,1904618.17,1875295.6,1892038.6458333333
10,0,92.89,2.978,126.1392,9.199,2010,7,26,4,0,1768172.31,1837636.24,1931406.28,1841184.135,1861165.3408333333
10,0,91.03,3.1,126.1518,9.199,2010,7,27,4,0,1845893.87,1768172.31,1827521.71,1819806.0325,1844900.7158333333
10,0,91.8,2.971,126.1498065,9.199,2010,7,28,4,0,1769793.37,1845893.87,1837636.24,1805373.9475,1840196.71
10,0,88.44,3.112,126.1283548,9.199,2010,7,29,4,0,1828052.47,1769793.37,1768172.31,1802978.005,1840074.2633333334
10,0,85.03,3.017,126.1069032,9.199,2010,7,30,4,0,1831676.03,1828052.47,1845893.87,1818853.935,1843489.383333333
10,0,86.13,3.123,126.0854516,9.199,2010,8,31,4,0,1832664.03,1831676.03,1769793.37,1815546.475,1836092.0391666666
10,0,88.37,3.049,126.064,9.199,2010,8,32,4,0,1949236.09,1832664.03,1828052.47,1860407.155,1847857.0125
10,0,89.88,3.041,126.0766452,9.199,2010,8,33,4,0,1962996.7,1949236.09,1831676.03,1894143.2125000001,1857472.2725
10,0,84.99,3.022,126.0892903,9.199,2010,8,34,4,0,1983190.56,1962996.7,1832664.03,1932021.8450000002,1864019.9716666667
10,0,83.8,3.087,126.1019355,9.199,2010,9,35,4,0,1727565.42,1983190.56,1949236.09,1905747.1925,1847033.2333333334
10,1,84.04,2.961,126.1145806,9.199,2010,9,36,4,0,1766331.45,1727565.42,1962996.7,1860021.0325,1841934.045
10,0,85.52,3.028,126.1454667,9.199,2010,9,37,4,0,1720530.23,1766331.45,1983190.56,1799404.415,1832175.2108333334
10,0,85.75,2.939,126.1900333,9.199,2010,9,38,4,0,1716755.78,1720530.23,1727565.42,1732795.7199999997,1827890.5
10,0,86.01,3.001,126.2346,9.003,2010,10,39,4,0,1655036.75,1716755.78,1766331.45,1714663.5524999998,1811985.74
10,0,77.04,2.924,126.2791667,9.003,2010,10,40,4,0,1645892.97,1655036.75,1720530.23,1684553.9325,1801660.7066666668
10,0,75.48,3.08,126.3266774,9.003,2010,10,41,4,0,1772192.42,1645892.97,1716755.78,1697469.48,1797005.7025
10,0,68.12,3.014,126.3815484,9.003,2010,10,42,4,0,1703850.25,1772192.42,1655036.75,1694243.0975000001,1786353.554166667
10,0,68.76,3.13,126.4364194,9.003,2010,10,43,4,0,1740234.06,1703850.25,1645892.97,1715542.425,1778651.0566666666
10,0,71.04,3.009,126.4912903,9.003,2010,11,44,4,0,1741308.56,1740234.06,1772192.42,1739396.3225,1761323.7625
10,0,61.24,3.13,126.5461613,9.003,2010,11,45,4,0,1832211.96,1741308.56,1703850.25,1754401.2075,1750425.0341666667
10,0,58.83,3.047,126.6072,9.003,2010,11,46,4,0,1895901.59,1832211.96,1740234.06,1802414.0425,1743150.9533333331
10,1,55.33,3.162,126.6692667,9.003,2010,11,47,4,0,1949177.13,1895901.59,1741308.56,1854649.81,1761618.5958333332
10,0,51.17,3.041,126.7313333,9.003,2010,12,48,4,0,2939946.38,1949177.13,1832211.96,2154309.2649999997,1859419.84
10,0,60.51,3.091,126.7934,9.003,2010,12,49,4,0,2251206.64,2939946.38,1895901.59,2259057.935,1903642.8741666668
10,0,59.15,3.125,126.8794839,9.003,2010,12,50,4,0,2411790.21,2251206.64,1949177.13,2388030.09,1961562.41
10,0,57.06,3.236,126.9835806,9.003,2010,12,51,4,0,2811646.85,2411790.21,2939946.38,2603647.52,2057946.585
10,1,49.67,3.148,127.0876774,9.003,2010,12,52,4,0,3749057.69,2811646.85,2251206.64,2805925.3475,2233210.311666667
10,0,43.43,3.287,127.1917742,8.744,2011,1,1,4,0,1707298.14,3749057.69,2411790.21,2669948.2224999997,2227802.4549999996
10,0,49.98,3.312,127.3009355,8.744,2011,1,2,4,0,1714309.9,1707298.14,2811646.85,2495578.145,2228674.0925
10,0,56.75,3.336,127.4404839,8.744,2011,1,3,4,0,1710803.59,1714309.9,3749057.69,2220367.33,2226221.553333333
10,0,53.03,3.231,127.5800323,8.744,2011,1,4,4,0,1677556.18,1710803.59,1707298.14,1702491.9525000001,2220908.855
10,0,44.88,3.348,127.7195806,8.744,2011,2,5,4,0,1715769.05,1677556.18,1714309.9,1704609.68,2211205.279166667
10,1,51.51,3.381,127.859129,8.744,2011,2,6,4,0,1968045.91,1715769.05,1710803.59,1768043.6825,2217217.3058333336
10,0,61.77,3.43,127.99525,8.744,2011,2,7,4,0,2115408.31,1968045.91,1677556.18,1869194.8625,2231069.9041666663
10,0,53.59,3.398,128.13,8.744,2011,2,8,4,0,2106934.55,2115408.31,1715769.05,1976539.4549999998,2161652.2516666665
10,0,56.96,3.674,128.26475,8.744,2011,3,9,4,0,1967996.71,2106934.55,1968045.91,2039596.3699999999,2138051.4241666663
10,0,64.22,3.63,128.3995,8.744,2011,3,10,4,0,1958003.19,1967996.71,2115408.31,2037085.69,2100235.839166667
10,0,70.12,3.892,128.5121935,8.744,2011,3,11,4,0,1933469.15,1958003.19,2106934.55,1991600.9,2027054.3641666665
10,0,62.53,3.716,128.6160645,8.744,2011,3,12,4,0,1884734.31,1933469.15,1967996.71,1936050.8399999999,1871694.0824999998
10,0,67.64,3.772,128.7199355,8.494,2011,4,13,4,0,1815798.85,1884734.31,1958003.19,1898001.375,1880735.8083333336
10,0,73.03,3.818,128.8238065,8.494,2011,4,14,4,0,1827733.18,1815798.85,1933469.15,1865433.8725,1890187.7483333333
10,0,61.05,4.089,128.9107333,8.494,2011,4,15,4,0,1870720.73,1827733.18,1884734.31,1849746.7675,1903514.1766666665
10,0,75.93,3.917,128.9553,8.494,2011,4,16,4,0,1781767.22,1870720.73,1815798.85,1824004.9949999999,1912198.43
10,0,73.38,4.151,128.9998667,8.494,2011,4,17,4,0,2004831.14,1781767.22,1827733.18,1871263.0675,1936286.9375
10,0,73.56,4.193,129.0444333,8.494,2011,5,18,4,0,1873646.34,2004831.14,1870720.73,1882741.3575,1928420.3066666666
10,0,74.04,4.202,129.089,8.494,2011,5,19,4,0,1841369.99,1873646.34,1781767.22,1875403.6724999999,1905583.78
10,0,72.62,3.99,129.0756774,8.494,2011,5,20,4,0,1712995.44,1841369.99,2004831.14,1858210.7275,1872755.5208333333
10,0,78.62,3.933,129.0623548,8.494,2011,5,21,4,0,1720908.01,1712995.44,1873646.34,1787229.945,1852164.7958333332
10,0,81.87,3.893,129.0490323,8.494,2011,6,22,4,0,1743000.38,1720908.01,1841369.99,1754568.4549999998,1834247.8950000003
10,0,84.57,3.981,129.0357097,8.494,2011,6,23,4,0,1792210.89,1743000.38,1712995.44,1742278.68,1822476.3733333333
10,0,87.96,3.935,129.0432,8.494,2011,6,24,4,0,1740063.1,1792210.89,1720908.01,1749045.595,1810420.4391666667
10,0,90.69,3.807,129.0663,8.494,2011,6,25,4,0,1817934.76,1740063.1,1743000.38,1773302.2825,1810598.4316666666
10,0,95.36,3.842,129.0894,8.257,2011,7,26,4,0,1711813.13,1817934.76,1792210.89,1765505.47,1800938.4275
10,0,88.57,3.793,129.1125,8.257,2011,7,27,4,0,1751369.75,1711813.13,1740063.1,1755295.185,1790992.5125000002
10,0,86.01,3.779,129.1338387,8.257,2011,7,28,4,0,1699708.38,1751369.75,1817934.76,1745206.505,1784154.2758333331
10,0,88.59,3.697,129.1507742,8.257,2011,7,29,4,0,1775068.4,1699708.38,1711813.13,1734489.915,1765007.3808333331
10,0,86.75,3.694,129.1677097,8.257,2011,7,30,4,0,1774342.61,1775068.4,1751369.75,1750122.285,1756732.07
10,0,89.8,3.803,129.1846452,8.257,2011,8,31,4,0,1745841.33,1774342.61,1699708.38,1748740.18,1748771.3483333334
10,0,85.61,3.794,129.2015806,8.257,2011,8,32,4,0,1886299.98,1745841.33,1775068.4,1795388.08,1763213.3933333333
10,0,87.4,3.743,129.2405806,8.257,2011,8,33,4,0,1917397.63,1886299.98,1774342.61,1830970.3875,1779587.5283333333
10,0,91.59,3.663,129.2832581,8.257,2011,8,34,4,0,1954849.68,1917397.63,1745841.33,1876097.155,1797241.6366666667
10,0,91.61,3.798,129.3259355,8.257,2011,9,35,4,0,1728399.07,1954849.68,1886299.98,1871736.59,1791923.985
10,1,89.06,3.771,129.3686129,8.257,2011,9,36,4,0,1758587.35,1728399.07,1917397.63,1839808.4324999999,1793467.6725
10,0,77.49,3.784,129.4306,8.257,2011,9,37,4,0,1670579.82,1758587.35,1954849.68,1778103.98,1781188.094166667
10,0,82.51,3.789,129.5183333,8.257,2011,9,38,4,0,1650894.3,1670579.82,1728399.07,1702115.135,1776111.5250000001
10,0,82.27,3.877,129.6060667,8.257,2011,9,39,4,0,1685910.53,1650894.3,1758587.35,1691493.0,1770656.5899999999
10,0,75.01,3.827,129.6938,7.874,2011,10,40,4,0,1627707.31,1685910.53,1670579.82,1658772.9900000002,1764656.5008333335
10,0,70.27,3.698,129.7706452,7.874,2011,10,41,4,0,1788227.6,1627707.31,1650894.3,1688184.935,1765753.1008333333
10,0,77.91,3.842,129.7821613,7.874,2011,10,42,4,0,1704753.02,1788227.6,1685910.53,1701649.6150000002,1759953.968333333
10,0,72.79,3.843,129.7936774,7.874,2011,10,43,4,0,1745928.56,1704753.02,1627707.31,1716654.1225,1759961.2375
10,0,68.57,3.828,129.8051935,7.874,2011,11,44,4,0,1771792.97,1745928.56,1788227.6,1752675.5374999999,1750418.9866666666
10,0,55.28,3.677,129.8167097,7.874,2011,11,45,4,0,1904438.59,1771792.97,1704753.02,1781728.2850000001,1749339.0666666667
10,0,58.97,3.669,129.8268333,7.874,2011,11,46,4,0,2076570.84,1904438.59,1745928.56,1874682.7400000002,1759482.4966666668
10,1,60.68,3.76,129.8364,7.874,2011,11,47,4,0,1869087.85,2076570.84,1771792.97,1905472.5625,1771206.5616666668
10,0,57.29,3.701,129.8459667,7.874,2011,12,48,4,0,2950198.64,1869087.85,1904438.59,2200073.9800000004,1870507.5025000002
10,0,42.58,3.644,129.8555333,7.874,2011,12,49,4,0,2068097.18,2950198.64,2076570.84,2240988.6275000004,1903633.9491666667
10,0,50.53,3.489,129.8980645,7.874,2011,12,50,4,0,2429310.9,2068097.18,1869087.85,2329173.6425,1968501.9991666665
10,0,48.36,3.541,129.9845484,7.874,2011,12,51,4,0,2555031.18,2429310.9,2950198.64,2500659.475,2040928.72
10,1,48.92,3.428,130.0710323,7.874,2011,12,52,4,0,3487986.89,2555031.18,2068097.18,2635106.5375,2195952.018333333
10,0,59.85,3.443,130.1575161,7.545,2012,1,1,4,0,1930690.37,3487986.89,2429310.9,2600754.835,2207823.9158333335
10,0,51.0,3.477,130.244,7.545,2012,1,2,4,0,1683401.78,1930690.37,2555031.18,2414277.555,2206044.6458333335
10,0,54.51,3.66,130.2792258,7.545,2012,1,3,4,0,1711562.73,1683401.78,3487986.89,2203410.4425000004,2203180.8266666667
10,0,53.59,3.675,130.3144516,7.545,2012,1,4,4,0,1675562.94,1711562.73,1930690.37,1750304.455,2195161.6575
10,0,56.85,3.543,130.3496774,7.545,2012,2,5,4,0,1632406.0,1675562.94,1683401.78,1675733.3625,2172492.275
10,1,55.73,3.722,130.3849032,7.545,2012,2,6,4,0,1867403.01,1632406.0,1711562.73,1721733.67,2155061.6225
10,0,54.12,3.781,130.4546207,7.545,2012,2,7,4,0,2218595.8,1867403.01,1675562.94,1848491.9375,2184187.285
10,0,56.02,3.95,130.5502069,7.545,2012,2,8,4,0,2168709.76,2218595.8,1632406.0,1971778.6424999998,2119063.2116666664
10,0,57.62,3.882,130.6457931,7.545,2012,3,9,4,0,2039415.74,2168709.76,1867403.01,2073531.0775,2116673.0916666663
10,0,57.65,3.963,130.7413793,7.545,2012,3,10,4,0,1990371.02,2039415.74,2218595.8,2104273.08,2080094.7683333335
10,0,62.11,4.273,130.8261935,7.545,2012,3,11,4,0,1917483.1,1990371.02,2168709.76,2028994.905,2026965.7616666667
10,0,56.54,4.288,130.8966452,7.545,2012,3,12,4,0,1930814.66,1917483.1,2039415.74,1969521.13,1897201.4091666667
10,0,67.92,4.294,130.9670968,7.545,2012,3,13,4,0,1837457.69,1930814.66,1990371.02,1919031.6175,1889432.0191666668
10,0,65.99,4.282,131.0375484,7.382,2012,4,14,4,0,1815760.42,1837457.69,1917483.1,1875378.9675,1900461.905833333
10,0,70.28,4.254,131.108,7.382,2012,4,15,4,0,2163384.17,1815760.42,1930814.66,1936854.2349999999,1938113.6925
10,0,67.75,4.111,131.1173333,7.382,2012,4,16,4,0,1974687.51,2163384.17,1837457.69,1947822.4474999998,1963040.74
10,0,80.11,4.088,131.1266667,7.382,2012,4,17,4,0,1777166.53,1974687.51,1815760.42,1932749.6575,1975104.1175
10,0,77.02,4.058,131.136,7.382,2012,5,18,4,0,1712987.56,1777166.53,2163384.17,1907056.4425,1962236.163333333
10,0,76.03,4.186,131.1453333,7.382,2012,5,19,4,0,1821364.42,1712987.56,1974687.51,1821551.505,1929133.548333333
10,0,85.19,4.308,131.0983226,7.382,2012,5,20,4,0,1792345.3,1821364.42,1777166.53,1775965.9525000001,1897769.8433333335
10,0,86.03,4.127,131.0287742,7.382,2012,5,21,4,0,1795152.73,1792345.3,1712987.56,1780462.5025,1877414.5925000003
10,0,80.06,4.277,130.9592258,7.382,2012,6,22,4,0,1830939.1,1795152.73,1821364.42,1809950.3875,1864128.5991666664
10,0,86.87,4.103,130.8896774,7.382,2012,6,23,4,0,1767471.48,1830939.1,1792345.3,1796477.1525,1851627.6308333334
10,0,88.58,4.144,130.8295333,7.382,2012,6,24,4,0,1840491.41,1767471.48,1795152.73,1808513.68,1844100.6933333334
10,0,89.92,4.014,130.7929,7.382,2012,6,25,4,0,1811562.88,1840491.41,1830939.1,1812616.2175,1841942.7924999997
10,0,91.36,3.875,130.7562667,7.382,2012,6,26,4,0,1755334.18,1811562.88,1767471.48,1793714.9874999998,1836907.2725
10,0,86.87,3.666,130.7196333,7.17,2012,7,27,4,0,1707481.9,1755334.18,1840491.41,1778717.5925,1798915.4166666667
10,0,89.8,3.723,130.683,7.17,2012,7,28,4,0,1805999.79,1707481.9,1811562.88,1770094.6875,1784858.1066666667
10,0,84.45,3.589,130.7012903,7.17,2012,7,29,4,0,1765571.91,1805999.79,1755334.18,1758596.9449999998,1783891.8883333334
10,0,83.98,3.769,130.7195806,7.17,2012,7,30,4,0,1869967.03,1765571.91,1707481.9,1787255.1575,1796973.5108333335
10,0,84.76,3.595,130.737871,7.17,2012,8,31,4,0,1817603.66,1869967.03,1805999.79,1814785.5975,1796660.1141666665
11,0,71.13,2.78,213.6716815,7.343,2010,4,17,4,0,1283766.55,1323243.35,1446210.26,1380882.1199999999,1402855.1358333332
11,0,75.57,2.835,213.6211778,7.343,2010,5,18,4,0,1239766.89,1283766.55,1470308.32,1329271.2774999999,1378834.99
11,0,77.64,2.854,213.6196139,7.343,2010,5,19,4,0,1312329.78,1239766.89,1323243.35,1289776.6425,1356972.1316666666
11,0,76.97,2.826,213.9116886,7.343,2010,5,20,4,0,1266796.13,1312329.78,1283766.55,1275664.8375,1337263.5841666667
11,0,79.69,2.759,214.2037634,7.343,2010,5,21,4,0,1271646.62,1266796.13,1239766.89,1272634.855,1331867.0816666668
11,0,79.66,2.705,214.4958382,7.343,2010,6,22,4,0,1264272.52,1271646.62,1312329.78,1278761.2625,1318337.9041666666
11,0,82.81,2.668,214.787913,7.343,2010,6,23,4,0,1396322.19,1264272.52,1266796.13,1299759.365,1323707.8233333335
11,0,84.13,2.637,214.7858259,7.343,2010,6,24,4,0,1339570.85,1396322.19,1271646.62,1317953.045,1321654.8108333333
11,0,84.5,2.653,214.6660741,7.343,2010,6,25,4,0,1336522.92,1339570.85,1264272.52,1334172.1199999999,1329229.6983333332
11,0,83.09,2.669,214.5463222,7.346,2010,7,26,4,0,1262025.08,1336522.92,1396322.19,1333610.26,1313880.9333333333
11,0,83.01,2.642,214.4265704,7.346,2010,7,27,4,0,1302600.14,1262025.08,1339570.85,1310179.7475,1299905.2516666667
11,0,84.9,2.623,214.4176476,7.346,2010,7,28,4,0,1280156.47,1302600.14,1336522.92,1295326.1525,1296314.6783333335
11,0,84.57,2.608,214.5564968,7.346,2010,7,29,4,0,1290609.54,1280156.47,1262025.08,1283847.8075,1296884.9275
11,0,83.26,2.64,214.695346,7.346,2010,7,30,4,0,1244390.03,1290609.54,1302600.14,1279439.045,1297270.1891666667
11,0,86.54,2.627,214.8341952,7.346,2010,8,31,4,0,1250178.89,1244390.03,1280156.47,1266333.7325,1292090.9483333332
11,0,87.73,2.692,214.9730444,7.346,2010,8,32,4,0,1369634.92,1250178.89,1290609.54,1288703.345,1300660.8475
11,0,88.93,2.664,214.9314191,7.346,2010,8,33,4,0,1384339.1,1369634.92,1244390.03,1312135.735,1310051.8875
11,0,87.7,2.619,214.8897938,7.346,2010,8,34,4,0,1430192.37,1384339.1,1250178.89,1358586.32,1323878.5416666667
11,0,84.94,2.577,214.8481685,7.346,2010,9,35,4,0,1311263.07,1430192.37,1369634.92,1373857.3650000002,1316790.2816666667
11,1,81.93,2.565,214.8065431,7.346,2010,9,36,4,0,1303914.27,1311263.07,1384339.1,1357427.2025000001,1313818.9000000001
11,0,83.04,2.582,214.8322484,7.346,2010,9,37,4,0,1231428.46,1303914.27,1430192.37,1319199.5425,1305061.0283333333
11,0,77.36,2.624,214.9084516,7.346,2010,9,38,4,0,1215676.31,1231428.46,1311263.07,1265570.5274999999,1301198.6308333334
11,0,75.11,2.603,214.9846548,7.564,2010,10,39,4,0,1170103.25,1215676.31,1303914.27,1230280.5725,1290157.2233333334
11,0,68.71,2.633,215.060858,7.564,2010,10,40,4,0,1182490.46,1170103.25,1231428.46,1199924.62,1282018.3891666667
11,0,71.46,2.72,215.1293114,7.564,2010,10,41,4,0,1293472.8,1182490.46,1215676.31,1215435.705,1282256.9941666666
11,0,72.6,2.725,215.17839,7.564,2010,10,42,4,0,1175003.67,1293472.8,1170103.25,1205267.545,1276474.7974999999
11,0,74.21,2.716,215.2274686,7.564,2010,10,43,4,0,1169831.38,1175003.67,1182490.46,1205199.5775,1269779.1716666666
11,0,64.41,2.689,215.2765472,7.564,2010,11,44,4,0,1195036.0,1169831.38,1293472.8,1208335.9625,1255229.2616666667
11,0,63.74,2.728,215.3256258,7.564,2010,11,45,4,0,1332759.13,1195036.0,1175003.67,1218157.545,1250930.9308333334
11,0,58.63,2.771,215.2074519,7.564,2010,11,46,4,0,1281675.6,1332759.13,1169831.38,1244825.5275,1238554.5333333334
11,1,69.9,2.735,215.0614025,7.564,2010,11,47,4,0,1292346.57,1281675.6,1195036.0,1275454.3250000002,1236978.1583333332
11,0,55.9,2.708,214.9153531,7.564,2010,12,48,4,0,1757242.51,1292346.57,1332759.13,1416005.9525000001,1274755.5116666667
11,0,53.33,2.843,214.7693037,7.564,2010,12,49,4,0,1380522.64,1757242.51,1281675.6,1427946.83,1287180.0266666666
11,0,54.63,2.869,214.704919,7.564,2010,12,50,4,0,1564516.43,1380522.64,1292346.57,1498657.0374999999,1316250.0366666666
11,0,59.33,2.886,214.7017828,7.564,2010,12,51,4,0,1843971.15,1564516.43,1757242.51,1636563.1825,1372405.695
11,1,55.03,2.943,214.6986466,7.564,2010,12,52,4,0,2306265.36,1843971.15,1380522.64,1773818.8949999998,1466053.6033333333
11,0,54.43,2.976,214.6955104,7.551,2011,1,1,4,0,1172003.1,2306265.36,1564516.43,1721689.0099999998,1455931.1283333332
11,0,45.34,2.983,214.7470729,7.551,2011,1,2,4,0,1178905.44,1172003.1,1843971.15,1625286.2625,1456256.2758333336
11,0,51.51,3.016,215.1268275,7.551,2011,1,3,4,0,1194449.78,1178905.44,2306265.36,1462905.92,1458307.8091666668
11,0,51.04,3.01,215.5065821,7.551,2011,1,4,4,0,1187776.19,1194449.78,1172003.1,1183283.6275,1457702.825
11,0,47.17,2.989,215.8863367,7.551,2011,2,5,4,0,1100418.69,1187776.19,1178905.44,1165387.525,1438341.1216666668
11,1,44.61,3.022,216.2660913,7.551,2011,2,6,4,0,1422546.05,1100418.69,1194449.78,1226297.6775,1450080.3258333334
11,0,61.5,3.045,216.5843571,7.551,2011,2,7,4,0,1419236.9,1422546.05,1187776.19,1282494.4575,1460654.5199999998
11,0,68.74,3.065,216.8780275,7.551,2011,2,8,4,0,1554747.15,1419236.9,1100418.69,1374237.1975,1443779.9066666665
11,0,66.5,3.288,217.1716979,7.551,2011,3,9,4,0,1323999.36,1554747.15,1422546.05,1430132.365,1439069.6333333335
11,0,63.29,3.459,217.4653683,7.551,2011,3,10,4,0,1399456.99,1323999.36,1419236.9,1424360.1,1425314.68
11,0,70.17,3.488,217.7235226,7.551,2011,3,11,4,0,1314557.31,1399456.99,1554747.15,1398190.2025,1381196.86
11,0,73.74,3.473,217.9674705,7.551,2011,3,12,4,0,1391813.69,1314557.31,1323999.36,1357456.8375,1304992.5541666667
11,0,69.1,3.524,218.2114184,7.574,2011,4,13,4,0,1229777.24,1391813.69,1399456.99,1333901.3074999999,1309807.0658333332
11,0,73.57,3.622,218.4553663,7.574,2011,4,14,4,0,1258674.12,1229777.24,1314557.31,1298705.59,1316454.4558333333
11,0,76.64,3.743,218.6788642,7.574,2011,4,15,4,0,1327401.06,1258674.12,1391813.69,1301916.5275,1327533.7291666667
11,0,78.31,3.807,218.851237,7.574,2011,4,16,4,0,1312905.8,1327401.06,1229777.24,1282189.5550000002,1337961.1966666665
11,0,79.97,3.81,219.0236099,7.574,2011,4,17,4,0,1388118.53,1312905.8,1258674.12,1321774.8775,1361936.1833333333
11,0,71.39,3.906,219.1959827,7.574,2011,5,18,4,0,1357589.89,1388118.53,1327401.06,1346503.8199999998,1356523.17
11,0,80.93,3.899,219.3683556,7.574,2011,5,19,4,0,1331453.41,1357589.89,1312905.8,1347516.9075,1349207.8791666667
11,0,76.97,3.907,219.127216,7.574,2011,5,20,4,0,1277959.42,1331453.41,1388118.53,1338780.3125,1326142.235
11,0,85.61,3.786,218.8860765,7.574,2011,5,21,4,0,1239466.97,1277959.42,1357589.89,1301617.4224999999,1319097.8691666666
11,0,86.14,3.699,218.6449369,7.574,2011,6,22,4,0,1216876.52,1239466.97,1331453.41,1266439.08,1303882.83
11,0,85.79,3.648,218.4037974,7.574,2011,6,23,4,0,1343637.0,1216876.52,1277959.42,1269484.9775,1306306.1375
11,0,87.9,3.637,218.3551748,7.574,2011,6,24,4,0,1314626.75,1343637.0,1239466.97,1278651.81,1299873.8925
11,0,86.13,3.594,218.45094,7.574,2011,6,25,4,0,1337506.74,1314626.75,1216876.52,1303161.7525,1308851.3508333333
11,0,86.43,3.524,218.5467052,7.567,2011,7,26,4,0,1254587.84,1337506.74,1343637.0,1312589.5825,1308510.8275
11,0,87.17,3.48,218.6424704,7.567,2011,7,27,4,0,1297472.06,1254587.84,1314626.75,1301048.3475000001,1306016.7441666666
11,0,88.3,3.575,218.7275216,7.567,2011,7,28,4,0,1334627.96,1297472.06,1337506.74,1306048.65,1307826.9241666666
11,0,87.8,3.651,218.7857881,7.567,2011,7,29,4,0,1266546.73,1334627.96,1254587.84,1288308.6475,1297695.9408333334
11,0,89.46,3.682,218.8440545,7.567,2011,7,30,4,0,1290576.44,1266546.73,1297472.06,1297305.7974999999,1292111.4866666666
11,0,90.04,3.684,218.9023209,7.567,2011,8,31,4,0,1212938.67,1290576.44,1334627.96,1276172.45,1282235.2583333333
11,0,90.3,3.638,218.9605873,7.567,2011,8,32,4,0,1403198.94,1212938.67,1266546.73,1293315.1949999998,1292671.885
11,0,89.51,3.554,219.023271,7.567,2011,8,33,4,0,1354188.43,1403198.94,1290576.44,1315225.6199999999,1302232.0066666666
11,0,89.09,3.523,219.0866908,7.567,2011,8,34,4,0,1484169.74,1354188.43,1212938.67,1363623.9449999998,1324506.4416666667
11,0,91.44,3.533,219.1501106,7.567,2011,9,35,4,0,1304706.75,1484169.74,1403198.94,1386565.9649999999,1321262.2541666667
11,1,84.91,3.546,219.2135305,7.567,2011,9,36,4,0,1297792.41,1304706.75,1354188.43,1360214.3325,1319859.3924999998
11,0,85.11,3.526,219.3972867,7.567,2011,9,37,4,0,1249439.95,1297792.41,1484169.74,1334027.2125,1312520.4933333332
11,0,82.14,3.467,219.7414914,7.567,2011,9,38,4,0,1270816.01,1249439.95,1304706.75,1280688.78,1313872.8408333333
11,0,84.4,3.355,220.085696,7.567,2011,9,39,4,0,1235775.15,1270816.01,1297792.41,1263455.88,1308731.4316666666
11,0,76.97,3.285,220.4299007,7.197,2011,10,40,4,0,1190515.83,1235775.15,1249439.95,1236636.7349999999,1296722.0875
11,0,75.56,3.274,220.7486167,7.197,2011,10,41,4,0,1346271.06,1190515.83,1270816.01,1260844.5125,1303365.7816666665
11,0,70.91,3.353,220.9144005,7.197,2011,10,42,4,0,1286388.96,1346271.06,1235775.15,1264737.75,1303016.825
11,0,72.66,3.372,221.0801842,7.197,2011,10,43,4,0,1325107.53,1286388.96,1190515.83,1287070.845,1312364.23
11,0,61.13,3.332,221.245968,7.197,2011,11,44,4,0,1310684.1,1325107.53,1346271.06,1317112.9125,1304654.66
11,0,64.2,3.297,221.4117517,7.197,2011,11,45,4,0,1458287.38,1310684.1,1286388.96,1345116.9925000002,1313329.5725
11,0,66.17,3.308,221.6432852,7.197,2011,11,46,4,0,1366053.69,1458287.38,1325107.53,1365033.175,1303486.5683333334
11,1,70.03,3.236,221.9011185,7.197,2011,11,47,4,0,1315091.63,1366053.69,1310684.1,1362529.2,1304351.9749999999
11,0,56.89,3.172,222.1589519,7.197,2011,12,48,4,0,1848953.48,1315091.63,1458287.38,1497096.545,1350282.0641666667
11,0,50.63,3.158,222.4167852,7.197,2011,12,49,4,0,1399322.44,1848953.48,1366053.69,1482355.31,1362772.2716666667
11,0,59.69,3.159,222.6426418,7.197,2011,12,50,4,0,1646655.94,1399322.44,1315091.63,1552505.8725,1394092.2658333334
11,0,54.29,3.112,222.8258628,7.197,2011,12,51,4,0,1783910.06,1646655.94,1848953.48,1669710.48,1439770.175
11,1,48.86,3.129,223.0090839,7.197,2011,12,52,4,0,2213518.5,1783910.06,1399322.44,1760851.7349999999,1525020.3975
11,0,54.44,3.157,223.1923049,6.833,2012,1,1,4,0,1352084.21,2213518.5,1646655.94,1749042.1775000002,1525504.8266666664
11,0,53.1,3.261,223.3755259,6.833,2012,1,2,4,0,1283885.55,1352084.21,1783910.06,1658349.58,1525296.2091666667
11,0,56.43,3.268,223.4700552,6.833,2012,1,3,4,0,1264736.59,1283885.55,2213518.5,1528556.2125,1520265.2975
11,0,58.36,3.29,223.5645845,6.833,2012,1,4,4,0,1207303.29,1264736.59,1352084.21,1277002.4100000001,1511650.2299999997
11,0,60.24,3.36,223.6591137,6.833,2012,2,5,4,0,1162675.85,1207303.29,1283885.55,1229650.32,1487015.9358333333
11,1,52.23,3.409,223.753643,6.833,2012,2,6,4,0,1376732.18,1162675.85,1264736.59,1252861.9775,1487905.8099999998
11,0,52.77,3.51,223.9170153,6.833,2012,2,7,4,0,1574287.76,1376732.18,1207303.29,1330249.77,1509505.4875
11,0,61.11,3.555,224.1320199,6.833,2012,2,8,4,0,1569607.94,1574287.76,1162675.85,1420825.9325,1486226.6925000001
11,0,62.61,3.63,224.3470245,6.833,2012,3,9,4,0,1379473.03,1569607.94,1376732.18,1475025.2275,1484572.575
11,0,61.44,3.669,224.5620291,6.833,2012,3,10,4,0,1438383.44,1379473.03,1574287.76,1490438.0425,1467216.5333333332
11,0,64.21,3.734,224.7166953,6.833,2012,3,11,4,0,1413382.76,1438383.44,1569607.94,1450211.7925,1436339.2583333335
11,0,67.16,3.787,224.7909104,6.833,2012,3,12,4,0,1441884.28,1413382.76,1379473.03,1418280.8775000002,1372036.4066666667
11,0,70.23,3.845,224.8651254,6.833,2012,3,13,4,0,1300593.61,1441884.28,1438383.44,1398561.0225,1367745.5233333334
11,0,74.19,3.891,224.9393405,6.664,2012,4,14,4,0,1300104.03,1300593.61,1413382.76,1363991.17,1369097.0633333332
11,0,72.74,3.891,225.0135556,6.664,2012,4,15,4,0,1596325.01,1300104.03,1441884.28,1409726.7325,1396729.4316666666
11,0,71.97,3.877,225.0689541,6.664,2012,4,16,4,0,1472752.01,1596325.01,1300593.61,1417443.665,1418850.1583333334
11,0,73.4,3.814,225.1243526,6.664,2012,4,17,4,0,1315356.99,1472752.01,1300104.03,1421134.5100000002,1431573.5866666667
11,0,79.07,3.749,225.1797511,6.664,2012,5,18,4,0,1236238.29,1315356.99,1596325.01,1405168.0750000002,1419865.7625
11,0,75.13,3.688,225.2351496,6.664,2012,5,19,4,0,1370251.22,1236238.29,1472752.01,1348649.6275,1402862.7175
11,0,72.53,3.63,225.2512024,6.664,2012,5,20,4,0,1300147.07,1370251.22,1315356.99,1305498.3925,1380407.645
11,0,78.44,3.561,225.2515168,6.664,2012,5,21,4,0,1352442.31,1300147.07,1236238.29,1314769.7225000001,1378155.0850000002
11,0,81.67,3.501,225.2518313,6.664,2012,6,22,4,0,1297335.87,1352442.31,1370251.22,1330044.1175000002,1366401.1208333333
11,0,82.1,3.452,225.2521458,6.664,2012,6,23,4,0,1361595.33,1297335.87,1300147.07,1327880.145,1362085.5016666667
11,0,84.97,3.393,225.2644795,6.664,2012,6,24,4,0,1414343.53,1361595.33,1352442.31,1356429.26,1359790.4391666667
11,0,83.26,3.346,225.3068615,6.664,2012,6,25,4,0,1417875.42,1414343.53,1297335.87,1372787.5375,1369563.9233333333
11,0,87.86,3.286,225.3492435,6.664,2012,6,26,4,0,1355680.3,1417875.42,1361595.33,1387373.645,1374195.2791666666
11,0,83.44,3.227,225.3916254,6.334,2012,7,27,4,0,1297028.6,1355680.3,1414343.53,1371231.9625,1349253.9116666669
11,0,82.46,3.256,225.4340074,6.334,2012,7,28,4,0,1461129.94,1297028.6,1417875.42,1382928.565,1348285.4058333335
11,0,82.41,3.311,225.4438827,6.334,2012,7,29,4,0,1320239.51,1461129.94,1355680.3,1358519.5875,1348692.2825
11,0,85.43,3.407,225.4537579,6.334,2012,7,30,4,0,1344483.81,1320239.51,1297028.6,1355720.465,1357712.7425000002
11,0,86.94,3.417,225.4636332,6.334,2012,8,31,4,0,1272395.02,1344483.81,1461129.94,1349562.07,1349558.0591666668
12,0,67.38,3.105,126.3805667,14.099,2010,4,17,4,0,993833.44,957997.52,1011822.3,1001223.0325,1031929.775
12,0,70.15,3.127,126.2898,14.099,2010,5,18,4,0,954220.22,993833.44,1041238.87,986822.5125,1019777.5958333332
12,0,68.44,3.145,126.2085484,14.099,2010,5,19,4,0,1043240.27,954220.22,957997.52,987322.8625,1013559.0075
12,0,76.2,3.12,126.1843871,14.099,2010,5,20,4,0,966054.97,1043240.27,993833.44,989337.225,1002778.4508333333
12,0,67.84,3.058,126.1602258,14.099,2010,5,21,4,0,958374.56,966054.97,954220.22,980472.505,995258.2333333334
12,0,81.39,2.941,126.1360645,14.099,2010,6,22,4,0,955451.16,958374.56,1043240.27,980780.24,985127.6408333333
12,0,90.84,2.949,126.1119032,14.099,2010,6,23,4,0,1049357.36,955451.16,966054.97,982309.5125000001,990441.235
12,0,81.06,3.043,126.114,14.099,2010,6,24,4,0,1016039.71,1049357.36,958374.56,994805.6975,994103.8491666667
12,0,87.27,3.084,126.1266,14.099,2010,6,25,4,0,956211.2,1016039.71,955451.16,994264.8574999999,991986.7983333333
12,0,91.98,3.105,126.1392,14.18,2010,7,26,4,0,958007.69,956211.2,1049357.36,994903.99,987502.2474999999
12,0,90.37,3.1,126.1518,14.18,2010,7,27,4,0,951957.31,958007.69,1016039.71,970553.9775,980062.1175
12,0,97.18,3.094,126.1498065,14.18,2010,7,28,4,0,943506.28,951957.31,956211.2,952420.62,978854.5141666668
12,0,99.22,3.112,126.1283548,14.18,2010,7,29,4,0,916402.76,943506.28,958007.69,942468.51,972401.9575
12,0,96.31,3.017,126.1069032,14.18,2010,7,30,4,0,912403.67,916402.76,951957.31,931067.505,968917.2450000001
12,0,92.95,3.123,126.0854516,14.18,2010,8,31,4,0,913548.25,912403.67,943506.28,921465.24,958109.5766666667
12,0,87.01,3.159,126.064,14.18,2010,8,32,4,0,967576.95,913548.25,916402.76,927482.9075,958236.4083333333
12,0,92.81,3.041,126.0766452,14.18,2010,8,33,4,0,928264.4,967576.95,912403.67,930448.3175000001,955727.2283333334
12,0,93.19,3.129,126.0892903,14.18,2010,8,34,4,0,948447.34,928264.4,913548.25,939459.235,955143.5766666667
12,0,83.12,3.087,126.1019355,14.18,2010,9,35,4,0,1004516.46,948447.34,967576.95,962201.2875,951406.835
12,1,83.63,3.044,126.1145806,14.18,2010,9,36,4,0,1075758.55,1004516.46,928264.4,989246.6875,956383.4049999999
12,0,82.45,3.028,126.1454667,14.18,2010,9,37,4,0,903119.03,1075758.55,948447.34,982960.345,951959.0575
12,0,81.77,2.939,126.1900333,14.18,2010,9,38,4,0,852882.61,903119.03,1004516.46,959069.1625,943198.6341666668
12,0,85.2,3.001,126.2346,14.313,2010,10,39,4,0,851919.34,852882.61,1075758.55,920919.8825,934862.1366666667
12,0,71.82,3.013,126.2791667,14.313,2010,10,40,4,0,850936.26,851919.34,903119.03,864714.31,927147.9683333333
12,0,75.0,2.976,126.3266774,14.313,2010,10,41,4,0,918335.68,850936.26,852882.61,868518.4724999999,927309.0449999999
12,0,68.85,3.014,126.3815484,14.313,2010,10,42,4,0,862419.84,918335.68,851919.34,870902.78,923143.7258333332
12,0,61.09,3.016,126.4364194,14.313,2010,10,43,4,0,857883.46,862419.84,850936.26,872393.81,918504.9933333333
12,0,65.49,3.129,126.4912903,14.313,2010,11,44,4,0,955294.7,857883.46,918335.68,898483.42,917481.4725
12,0,57.79,3.13,126.5461613,14.313,2010,11,45,4,0,929690.71,955294.7,862419.84,901322.1775,917600.3316666667
12,0,58.18,3.161,126.6072,14.313,2010,11,46,4,0,942475.24,929690.71,857883.46,921336.0275000001,917102.6566666666
12,1,47.66,3.162,126.6692667,14.313,2010,11,47,4,0,894493.7,942475.24,955294.7,930488.5875,907934.0933333334
12,0,43.33,3.041,126.7313333,14.313,2010,12,48,4,0,1601377.41,894493.7,929690.71,1092009.265,951735.665
12,0,50.01,3.203,126.7934,14.313,2010,12,49,4,0,1069533.17,1601377.41,942475.24,1126969.88,965603.5100000001
12,0,52.77,3.236,126.8794839,14.313,2010,12,50,4,0,1121934.15,1069533.17,894493.7,1171834.6075,988024.4716666666
12,0,52.02,3.236,126.9835806,14.313,2010,12,51,4,0,1295605.35,1121934.15,1601377.41,1272112.52,1024998.3058333333
12,1,45.64,3.148,127.0876774,14.313,2010,12,52,4,0,1768249.89,1295605.35,1069533.17,1313830.64,1101441.1083333332
12,0,37.64,3.287,127.1917742,14.021,2011,1,1,4,0,891736.91,1768249.89,1121934.15,1269381.575,1099224.5441666667
12,0,43.15,3.312,127.3009355,14.021,2011,1,2,4,0,910110.24,891736.91,1295605.35,1216425.5975000001,1103198.7441666666
12,0,53.53,3.223,127.4404839,14.021,2011,1,3,4,0,812011.8,910110.24,1768249.89,1095527.21,1099376.1058333332
12,0,50.74,3.342,127.5800323,14.021,2011,1,4,4,0,802105.5,812011.8,891736.91,853991.1125,1086610.3391666666
12,0,45.14,3.348,127.7195806,14.021,2011,2,5,4,0,873119.06,802105.5,910110.24,849336.65,1081896.035
12,1,51.3,3.381,127.859129,14.021,2011,2,6,4,0,1046068.17,873119.06,812011.8,883326.1325000001,1090528.7791666668
12,0,53.35,3.43,127.99525,14.021,2011,2,7,4,0,1086421.57,1046068.17,802105.5,951928.575,1106522.7683333333
12,0,48.45,3.53,128.13,14.021,2011,2,8,4,0,1128485.1,1086421.57,873119.06,1033523.4750000001,1067115.0758333334
12,0,51.72,3.674,128.26475,14.021,2011,3,9,4,0,1046203.72,1128485.1,1046068.17,1076794.6400000001,1065170.9549999998
12,0,57.75,3.818,128.3995,14.021,2011,3,10,4,0,1085248.21,1046203.72,1086421.57,1086589.65,1062113.7933333335
12,0,64.21,3.692,128.5121935,14.021,2011,3,11,4,0,997672.62,1085248.21,1128485.1,1064402.4124999999,1037286.0658333333
12,0,54.4,3.909,128.6160645,14.021,2011,3,12,4,0,1009502.01,997672.62,1046203.72,1034656.64,974057.0758333333
12,0,63.63,3.772,128.7199355,13.736,2011,4,13,4,0,954107.32,1009502.01,1085248.21,1011632.54,979254.61
12,0,64.47,4.003,128.8238065,13.736,2011,4,14,4,0,1005463.49,954107.32,997672.62,991686.36,987200.7141666667
12,0,57.63,3.868,128.9107333,13.736,2011,4,15,4,0,998362.05,1005463.49,1009502.01,991858.7175,1002729.9016666667
12,0,72.12,4.134,128.9553,13.736,2011,4,16,4,0,990951.77,998362.05,954107.32,987221.1575,1018467.0908333333
12,0,68.27,4.151,128.9998667,13.736,2011,4,17,4,0,1016019.47,990951.77,1005463.49,1002699.195,1030375.4583333334
12,0,68.4,4.193,129.0444333,13.736,2011,5,18,4,0,994966.1,1016019.47,998362.05,1000074.8475,1026116.9525
12,0,70.93,4.202,129.089,13.736,2011,5,19,4,0,1021154.48,994966.1,990951.77,1005772.955,1020678.0283333333
12,0,66.59,4.169,129.0756774,13.736,2011,5,20,4,0,977033.5,1021154.48,1016019.47,1002293.3875,1008057.0616666665
12,0,76.67,4.087,129.0623548,13.736,2011,5,21,4,0,924134.99,977033.5,994966.1,979322.2675,997884.6675
12,0,71.81,4.031,129.0490323,13.736,2011,6,22,4,0,964332.51,924134.99,1021154.48,971663.87,987808.3591666665
12,0,78.72,3.981,129.0357097,13.736,2011,6,23,4,0,970328.68,964332.51,977033.5,958957.4199999999,985529.6975000001
12,0,86.84,3.935,129.0432,13.736,2011,6,24,4,0,996937.95,970328.68,924134.99,963933.5325,984482.6925
12,0,88.95,3.898,129.0663,13.736,2011,6,25,4,0,986504.93,996937.95,964332.51,979526.0175000001,987182.4933333333
12,0,89.85,3.842,129.0894,13.503,2011,7,26,4,0,997282.75,986504.93,970328.68,987763.5775,986500.765
12,0,89.9,3.705,129.1125,13.503,2011,7,27,4,0,961993.34,997282.75,996937.95,985679.7424999999,983470.0391666666
12,0,88.1,3.692,129.1338387,13.503,2011,7,28,4,0,943717.38,961993.34,986504.93,972374.6,979533.84
12,0,91.17,3.794,129.1507742,13.503,2011,7,29,4,0,936001.98,943717.38,997282.75,959748.8624999999,972865.7158333333
12,0,93.29,3.805,129.1677097,13.503,2011,7,30,4,0,922231.92,936001.98,961993.34,940986.155,966804.5341666667
12,0,90.61,3.803,129.1846452,13.503,2011,8,31,4,0,890547.07,922231.92,943717.38,923124.5875,955920.5833333334
12,0,91.04,3.701,129.2015806,13.503,2011,8,32,4,0,988712.52,890547.07,936001.98,934373.3725,956893.8350000001
12,0,91.74,3.743,129.2405806,13.503,2011,8,33,4,0,955913.68,988712.52,922231.92,939351.2975000001,959542.0591666667
12,0,94.61,3.74,129.2832581,13.503,2011,8,34,4,0,966817.24,955913.68,890547.07,950497.6275000001,959749.1200000001
12,0,93.66,3.798,129.3259355,13.503,2011,9,35,4,0,1017593.47,966817.24,988712.52,982259.2275,963687.8524999999
12,1,88.0,3.913,129.3686129,13.503,2011,9,36,4,0,1052051.45,1017593.47,955913.68,998093.96,968280.6441666667
12,0,76.36,3.918,129.4306,13.503,2011,9,37,4,0,922850.57,1052051.45,966817.24,989828.1825,962976.1141666668
12,0,82.95,3.789,129.5183333,13.503,2011,9,38,4,0,889290.23,922850.57,1017593.47,970446.4299999999,953976.7374999999
12,0,83.26,3.877,129.6060667,13.503,2011,9,39,4,0,871692.74,889290.23,1052051.45,933971.2475,946451.6875
12,0,70.44,3.827,129.6938,12.89,2011,10,40,4,0,866401.45,871692.74,922850.57,887558.7474999999,940008.6933333334
12,0,67.31,3.805,129.7706452,12.89,2011,10,41,4,0,951244.66,866401.45,889290.23,894657.27,941278.9166666666
12,0,73.05,3.842,129.7821613,12.89,2011,10,42,4,0,927600.01,951244.66,871692.74,904234.7150000001,941726.2575
12,0,67.41,3.727,129.7936774,12.89,2011,10,43,4,0,938604.58,927600.01,866401.45,920962.6749999999,945731.0500000002
12,0,59.77,3.828,129.8051935,12.89,2011,11,44,4,0,990926.38,938604.58,951244.66,952093.9075,945915.5383333332
12,0,48.76,3.824,129.8167097,12.89,2011,11,45,4,0,1051944.79,990926.38,927600.01,977268.94,953918.1308333334
12,0,54.2,3.813,129.8268333,12.89,2011,11,46,4,0,1095091.53,1051944.79,938604.58,1019141.8200000001,964607.6549999999
12,1,53.25,3.622,129.8364,12.89,2011,11,47,4,0,970641.34,1095091.53,990926.38,1027151.01,960694.9775
12,0,52.5,3.701,129.8459667,12.89,2011,12,48,4,0,1591920.42,970641.34,1051944.79,1177399.52,1005684.0583333332
12,0,42.17,3.644,129.8555333,12.89,2011,12,49,4,0,1071383.1,1591920.42,1095091.53,1182259.0975000001,1018061.7691666665
12,0,43.29,3.6,129.8980645,12.89,2011,12,50,4,0,1189646.45,1071383.1,970641.34,1205897.8275,1043091.4541666667
12,0,45.4,3.541,129.9845484,12.89,2011,12,51,4,0,1293404.18,1189646.45,1591920.42,1286588.5375,1078234.0741666667
12,1,44.64,3.428,130.0710323,12.89,2011,12,52,4,0,1617612.03,1293404.18,1071383.1,1293011.44,1140834.9558333333
12,0,50.43,3.599,130.1575161,12.187,2012,1,1,4,0,1111638.07,1617612.03,1189646.45,1303075.1825,1154201.0733333332
12,0,48.07,3.657,130.244,12.187,2012,1,2,4,0,945823.65,1111638.07,1293404.18,1242119.4825,1155719.71
12,0,46.2,3.66,130.2792258,12.187,2012,1,3,4,0,865467.86,945823.65,1617612.03,1135135.4025,1149624.9833333332
12,0,50.43,3.675,130.3144516,12.187,2012,1,4,4,0,855922.64,865467.86,1111638.07,944713.0549999999,1138374.6716666666
12,0,50.58,3.702,130.3496774,12.187,2012,2,5,4,0,888203.69,855922.64,945823.65,888854.46,1124729.5799999998
12,1,52.27,3.722,130.3849032,12.187,2012,2,6,4,0,1058767.95,888203.69,865467.86,917090.535,1121702.615
12,0,51.8,3.781,130.4546207,12.187,2012,2,7,4,0,1199330.85,1058767.95,855922.64,1000556.2825000001,1140760.0741666667
12,0,53.13,3.95,130.5502069,12.187,2012,2,8,4,0,1240048.85,1199330.85,888203.69,1096587.835,1111437.4433333334
12,0,52.27,4.178,130.6457931,12.187,2012,3,9,4,0,1112034.72,1240048.85,1058767.95,1152545.5925,1114825.0783333334
12,0,54.54,4.25,130.7413793,12.187,2012,3,10,4,0,1147636.96,1112034.72,1199330.85,1174762.845,1111324.2874999999
12,0,64.44,4.273,130.8261935,12.187,2012,3,11,4,0,1113208.57,1147636.96,1240048.85,1153232.275,1096307.9866666666
12,0,56.26,4.038,130.8966452,12.187,2012,3,12,4,0,1088498.52,1113208.57,1112034.72,1115344.6925,1052215.1941666666
12,0,64.36,4.294,130.9670968,12.187,2012,3,13,4,0,1045419.87,1088498.52,1147636.96,1098690.98,1046697.0108333334
12,0,64.05,4.121,131.0375484,11.627,2012,4,14,4,0,1025382.22,1045419.87,1113208.57,1068127.2950000002,1053326.8916666666
12,0,64.28,4.254,131.108,11.627,2012,4,15,4,0,1128765.71,1025382.22,1088498.52,1072016.58,1075268.3791666667
12,0,66.73,4.222,131.1173333,11.627,2012,4,16,4,0,1083811.19,1128765.71,1045419.87,1070844.7475,1094259.0916666666
12,0,77.99,4.193,131.1266667,11.627,2012,4,17,4,0,1006486.96,1083811.19,1025382.22,1061111.52,1104116.0308333335
12,0,76.03,4.171,131.136,11.627,2012,5,18,4,0,1004252.38,1006486.96,1128765.71,1055829.06,1099573.0666666667
12,0,77.27,4.186,131.1453333,11.627,2012,5,19,4,0,1073433.69,1004252.38,1083811.19,1041996.0549999999,1089081.6366666665
12,0,84.51,4.11,131.0983226,11.627,2012,5,20,4,0,1041995.22,1073433.69,1006486.96,1031542.0625,1072577.1675
12,0,83.84,4.293,131.0287742,11.627,2012,5,21,4,0,1020486.05,1041995.22,1004252.38,1035041.835,1064948.1116666666
12,0,78.11,4.277,130.9592258,11.627,2012,6,22,4,0,991514.21,1020486.05,1073433.69,1031857.2925,1051937.8825
12,0,84.83,4.103,130.8896774,11.627,2012,6,23,4,0,981345.2,991514.21,1041995.22,1008835.1699999999,1040949.2683333332
12,0,85.94,4.144,130.8295333,11.627,2012,6,24,4,0,1086231.47,981345.2,1020486.05,1019894.2325,1040760.3475
12,0,91.61,4.014,130.7929,11.627,2012,6,25,4,0,1019555.51,1086231.47,991514.21,1019661.5974999999,1038604.9841666665
12,0,90.47,3.875,130.7562667,11.627,2012,6,26,4,0,981386.25,1019555.51,981345.2,1017129.6074999999,1034938.6533333333
12,0,89.13,3.765,130.7196333,10.926,2012,7,27,4,0,943124.74,981386.25,1086231.47,1007574.4924999999,1019468.5724999999
12,0,95.61,3.723,130.683,10.926,2012,7,28,4,0,1014898.78,943124.74,1019555.51,989741.3200000001,1013725.8716666666
12,0,85.53,3.726,130.7012903,10.926,2012,7,29,4,0,960312.75,1014898.78,981386.25,974930.6300000001,1009878.0208333334
12,0,93.47,3.769,130.7195806,10.926,2012,7,30,4,0,941550.34,960312.75,943124.74,964971.6525000001,1004652.8508333332
12,0,88.16,3.76,130.737871,10.926,2012,8,31,4,0,916967.92,941550.34,1014898.78,958432.4475,991614.0366666667
13,0,48.33,2.941,126.3805667,8.107,2010,4,17,4,0,1909330.77,1819660.44,2142482.14,1942448.67,1924885.9891666668
13,0,44.42,2.948,126.2898,8.107,2010,5,18,4,0,1785823.37,1909330.77,1898321.33,1853283.9775,1909769.5591666668
13,0,50.15,2.962,126.2085484,8.107,2010,5,19,4,0,2005478.46,1785823.37,1819660.44,1880073.26,1907648.3091666664
13,0,57.71,2.95,126.1843871,8.107,2010,5,20,4,0,1890273.44,2005478.46,1909330.77,1897726.5099999998,1900981.5425000002
13,0,53.11,2.908,126.1602258,8.107,2010,5,21,4,0,1853657.6,1890273.44,1785823.37,1883808.2175,1903965.4825000002
13,0,59.85,2.871,126.1360645,8.107,2010,6,22,4,0,1877358.86,1853657.6,2005478.46,1906692.09,1898747.0183333335
13,0,65.24,2.841,126.1119032,8.107,2010,6,23,4,0,2022705.22,1877358.86,1890273.44,1910998.78,1913915.2083333333
13,0,58.41,2.819,126.114,8.107,2010,6,24,4,0,2037880.96,2022705.22,1853657.6,1947900.66,1927089.0475
13,0,71.83,2.82,126.1266,8.107,2010,6,25,4,0,2003435.31,2037880.96,1877358.86,1985345.0875,1937200.6583333332
13,0,78.82,2.814,126.1392,7.951,2010,7,26,4,0,1970340.25,2003435.31,2022705.22,2008590.435,1922855.5008333332
13,0,71.33,2.802,126.1518,7.951,2010,7,27,4,0,2018314.71,1970340.25,2037880.96,2007492.8075,1932854.9491666667
13,0,77.79,2.791,126.1498065,7.951,2010,7,28,4,0,1870843.9,2018314.71,2003435.31,1965733.5425,1937120.2374999998
13,0,82.27,2.797,126.1283548,7.951,2010,7,29,4,0,1932231.05,1870843.9,1970340.25,1947932.4774999998,1939028.5941666665
13,0,78.94,2.797,126.1069032,7.951,2010,7,30,4,0,1907351.2,1932231.05,2018314.71,1932185.215,1949155.913333333
13,0,81.24,2.802,126.0854516,7.951,2010,8,31,4,0,1817887.23,1907351.2,1870843.9,1882078.3450000002,1933523.3108333333
13,0,74.93,2.837,126.064,7.951,2010,8,32,4,0,1969121.45,1817887.23,1932231.05,1906647.7325,1940093.9783333333
13,0,76.34,2.85,126.0766452,7.951,2010,8,33,4,0,1877592.55,1969121.45,1907351.2,1892988.1075,1942088.5574999999
13,0,75.31,2.854,126.0892903,7.951,2010,8,34,4,0,1997397.63,1877592.55,1817887.23,1915499.7149999999,1952091.7883333333
13,0,65.71,2.868,126.1019355,7.951,2010,9,35,4,0,1908278.27,1997397.63,1969121.45,1938097.4749999999,1942556.2091666667
13,1,65.74,2.87,126.1145806,7.951,2010,9,36,4,0,1911852.58,1908278.27,1877592.55,1923780.2575,1932053.8441666665
13,0,66.84,2.875,126.1454667,7.951,2010,9,37,4,0,1772143.94,1911852.58,1997397.63,1897418.105,1912779.5633333335
13,0,68.22,2.872,126.1900333,7.951,2010,9,38,4,0,1790279.74,1772143.94,1908278.27,1845638.6324999998,1897774.5208333333
13,0,68.74,2.853,126.2346,7.795,2010,10,39,4,0,1705655.09,1790279.74,1911852.58,1794982.8375,1871719.5525
13,0,63.03,2.841,126.2791667,7.795,2010,10,40,4,0,1765584.48,1705655.09,1772143.94,1758415.8125,1862947.9341666668
13,0,54.12,2.845,126.3266774,7.795,2010,10,41,4,0,1871924.07,1765584.48,1790279.74,1783360.8450000002,1857922.3525
13,0,56.89,2.849,126.3815484,7.795,2010,10,42,4,0,1851431.06,1871924.07,1705655.09,1798648.675,1853262.3408333333
13,0,45.12,2.841,126.4364194,7.795,2010,10,43,4,0,1796949.59,1851431.06,1765584.48,1821472.2999999998,1851517.5375000003
13,0,49.96,2.831,126.4912903,7.795,2010,11,44,4,0,1887895.07,1796949.59,1871924.07,1852049.9475,1844748.6725
13,0,42.55,2.831,126.5461613,7.795,2010,11,45,4,0,1854967.66,1887895.07,1851431.06,1847810.845,1842863.265
13,0,42.0,2.842,126.6072,7.795,2010,11,46,4,0,1939964.63,1854967.66,1796949.59,1869944.2375,1838077.1816666666
13,1,28.22,2.83,126.6692667,7.795,2010,11,47,4,0,1925393.91,1939964.63,1887895.07,1902055.3175,1839503.485
13,0,25.8,2.812,126.7313333,7.795,2010,12,48,4,0,2766400.05,1925393.91,1854967.66,2121681.5625,1910715.7741666667
13,0,36.78,2.817,126.7934,7.795,2010,12,49,4,0,2083379.89,2766400.05,1939964.63,2178784.62,1936652.1033333333
13,0,35.21,2.842,126.8794839,7.795,2010,12,50,4,0,2461468.35,2083379.89,1925393.91,2309160.55,1992584.4875
13,0,34.9,2.846,126.9835806,7.795,2010,12,51,4,0,2771646.81,2461468.35,2766400.05,2520723.775,2081417.1308333334
13,1,26.79,2.868,127.0876774,7.795,2010,12,52,4,0,3595903.2,2771646.81,2083379.89,2728099.5625,2233943.6908333334
13,0,16.94,2.891,127.1917742,7.47,2011,1,1,4,0,1675292.0,3595903.2,2461468.35,2626077.59,2217557.685
13,0,20.6,2.903,127.3009355,7.47,2011,1,2,4,0,1744544.39,1675292.0,2771646.81,2446846.6,2208650.4625
13,0,34.8,2.934,127.4404839,7.47,2011,1,3,4,0,1682316.31,1744544.39,3595903.2,2174513.975,2199097.689166667
13,0,31.64,2.96,127.5800323,7.47,2011,1,4,4,0,1770177.37,1682316.31,1675292.0,1718082.5175,2189287.8808333334
13,0,23.35,2.974,127.7195806,7.47,2011,2,5,4,0,1633663.12,1770177.37,1744544.39,1707675.2975,2170845.8358333334
13,1,30.83,3.034,127.859129,7.47,2011,2,6,4,0,1848186.58,1633663.12,1682316.31,1733585.845,2163197.665
13,0,40.85,3.062,127.99525,7.47,2011,2,7,4,0,1944438.9,1848186.58,1770177.37,1799116.4925000002,2164784.7475
13,0,33.17,3.12,128.13,7.47,2011,2,8,4,0,2003480.59,1944438.9,1633663.12,1857442.2975,2101208.1258333335
13,0,34.23,3.23,128.26475,7.47,2011,3,9,4,0,1831933.95,2003480.59,1848186.58,1907010.0050000001,2080254.2975
13,0,41.28,3.346,128.3995,7.47,2011,3,10,4,0,1894960.68,1831933.95,1944438.9,1918703.53,2033045.325
13,0,44.69,3.407,128.5121935,7.47,2011,3,11,4,0,1852432.58,1894960.68,2003480.59,1895701.95,1956444.139166667
13,0,42.38,3.435,128.6160645,7.47,2011,3,12,4,0,1852443.78,1852432.58,1831933.95,1857942.7475,1811155.8541666667
13,0,42.49,3.487,128.7199355,7.193,2011,4,13,4,0,1807545.43,1852443.78,1894960.68,1851845.6175,1822176.9733333334
13,0,42.75,3.547,128.8238065,7.193,2011,4,14,4,0,1864238.64,1807545.43,1852432.58,1844165.1075,1832151.4941666666
13,0,41.72,3.616,128.9107333,7.193,2011,4,15,4,0,1887465.04,1864238.64,1852443.78,1852923.2225,1849247.2216666667
13,0,47.55,3.655,128.9553,7.193,2011,4,16,4,0,1950994.04,1887465.04,1807545.43,1877560.7874999999,1864315.2775
13,0,43.85,3.683,128.9998667,7.193,2011,4,17,4,0,2124316.34,1950994.04,1864238.64,1956753.515,1905203.0458333334
13,0,47.75,3.744,129.0444333,7.193,2011,5,18,4,0,1895583.12,2124316.34,1887465.04,1964589.635,1909152.7574999996
13,0,52.4,3.77,129.089,7.193,2011,5,19,4,0,1986380.4,1895583.12,1950994.04,1989318.475,1912647.8825
13,0,52.12,3.802,129.0756774,7.193,2011,5,20,4,0,1958823.56,1986380.4,2124316.34,1991275.855,1908926.4633333331
13,0,54.62,3.778,129.0623548,7.193,2011,5,21,4,0,1860923.55,1958823.56,1895583.12,1925427.6575,1911342.2633333334
13,0,52.76,3.752,129.0490323,7.193,2011,6,22,4,0,1866369.93,1860923.55,1986380.4,1918124.3599999999,1908959.7008333334
13,0,61.39,3.732,129.0357097,7.193,2011,6,23,4,0,1935593.87,1866369.93,1958823.56,1905427.7275,1915889.8083333333
13,0,63.35,3.704,129.0432,7.193,2011,6,24,4,0,1997816.98,1935593.87,1860923.55,1915176.0825,1928004.241666667
13,0,66.38,3.668,129.0663,7.193,2011,6,25,4,0,2086433.49,1997816.98,1866369.93,1971553.5675000001,1951244.913333333
13,0,74.29,3.613,129.0894,6.877,2011,7,26,4,0,2009163.08,2086433.49,1935593.87,2007251.855,1963321.9500000002
13,0,77.3,3.563,129.1125,6.877,2011,7,27,4,0,2048035.74,2009163.08,1997816.98,2035362.3225000002,1976702.8416666666
13,0,75.59,3.553,129.1338387,6.877,2011,7,28,4,0,2021699.38,2048035.74,2086433.49,2041332.9224999999,1982594.9533333331
13,0,78.5,3.563,129.1507742,6.877,2011,7,29,4,0,1956813.31,2021699.38,2009163.08,2008927.8775,1968636.3675
13,0,77.62,3.574,129.1677097,6.877,2011,7,30,4,0,1987089.36,1956813.31,2048035.74,2003409.4475,1976261.8875
13,0,75.56,3.595,129.1846452,6.877,2011,8,31,4,0,1880785.69,1987089.36,2021699.38,1961596.935,1967462.3283333334
13,0,75.95,3.606,129.2015806,6.877,2011,8,32,4,0,2076231.8,1880785.69,1956813.31,1975230.04,1977246.3483333334
13,0,76.68,3.578,129.2405806,6.877,2011,8,33,4,0,1970341.38,2076231.8,1987089.36,1978612.0575,1986364.5008333335
13,0,81.53,3.57,129.2832581,6.877,2011,8,34,4,0,2090340.98,1970341.38,1880785.69,2004424.9625,2005028.7550000001
13,0,77.0,3.58,129.3259355,6.877,2011,9,35,4,0,2035244.54,2090340.98,2076231.8,2043039.675,2013332.9775
13,1,70.19,3.619,129.3686129,6.877,2011,9,36,4,0,1953628.82,2035244.54,1970341.38,2012388.9300000002,2009650.6308333334
13,0,67.54,3.641,129.4306,6.877,2011,9,37,4,0,1872921.31,1953628.82,2090340.98,1988033.9124999999,1991857.9491666667
13,0,63.6,3.648,129.5183333,6.877,2011,9,38,4,0,1923223.82,1872921.31,2035244.54,1946254.6225,1984696.3441666665
13,0,68.28,3.623,129.6060667,6.877,2011,9,39,4,0,1847430.96,1923223.82,1953628.82,1899301.2275,1967979.2791666668
13,0,60.62,3.592,129.6938,6.392,2011,10,40,4,0,1835662.69,1847430.96,1872921.31,1869809.6949999998,1952476.2216666667
13,0,51.74,3.567,129.7706452,6.392,2011,10,41,4,0,2067232.56,1835662.69,1923223.82,1918387.5075,1961677.8258333334
13,0,54.66,3.579,129.7821613,6.392,2011,10,42,4,0,1929659.07,2067232.56,1847430.96,1919996.32,1956891.9683333335
13,0,47.41,3.567,129.7936774,6.392,2011,10,43,4,0,1973544.27,1929659.07,1835662.69,1951524.6475,1964621.8499999999
13,0,43.51,3.538,129.8051935,6.392,2011,11,44,4,0,1948733.81,1973544.27,2067232.56,1979792.4275000002,1953997.0175
13,0,33.8,3.513,129.8167097,6.392,2011,11,45,4,0,2036317.54,1948733.81,1929659.07,1972063.6725,1959495.030833333
13,0,40.65,3.489,129.8268333,6.392,2011,11,46,4,0,2111592.09,2036317.54,1973544.27,2017546.9275,1961265.956666667
13,1,38.89,3.445,129.8364,6.392,2011,11,47,4,0,2016323.51,2111592.09,1948733.81,2028241.7375,1959689.2041666666
13,0,33.94,3.389,129.8459667,6.392,2011,12,48,4,0,2864170.61,2016323.51,2036317.54,2257100.9375,2035567.6866666665
13,0,24.82,3.341,129.8555333,6.392,2011,12,49,4,0,2051315.66,2864170.61,2111592.09,2260850.4675,2050433.8825
13,0,27.85,3.282,129.8980645,6.392,2011,12,50,4,0,2462779.06,2051315.66,2016323.51,2348647.21,2095396.8191666666
13,0,24.76,3.186,129.9845484,6.392,2011,12,51,4,0,2760346.71,2462779.06,2864170.61,2534653.01,2171473.1316666664
13,1,31.53,3.119,130.0710323,6.392,2011,12,52,4,0,3556766.03,2760346.71,2051315.66,2707801.8649999998,2314898.41
13,0,33.8,3.08,130.1575161,6.104,2012,1,1,4,0,1969056.91,3556766.03,2462779.06,2687237.1774999998,2306717.1058333335
13,0,25.61,3.056,130.244,6.104,2012,1,2,4,0,1865752.78,1969056.91,2760346.71,2537980.6075,2301391.5816666665
13,0,32.71,3.047,130.2792258,6.104,2012,1,3,4,0,1794962.64,1865752.78,3556766.03,2296634.59,2286509.7791666663
13,0,34.32,3.058,130.3144516,6.104,2012,1,4,4,0,1811606.21,1794962.64,1969056.91,1860344.635,2275082.4791666665
13,0,31.39,3.077,130.3496774,6.104,2012,2,5,4,0,1733983.09,1811606.21,1865752.78,1801576.1800000002,2249887.941666667
13,1,33.73,3.116,130.3849032,6.104,2012,2,6,4,0,1927780.74,1733983.09,1794962.64,1817083.17,2234570.329166667
13,0,36.57,3.119,130.4546207,6.104,2012,2,7,4,0,2069284.57,1927780.74,1811606.21,1885663.6525,2238983.750833333
13,0,35.38,3.145,130.5502069,6.104,2012,2,8,4,0,2214477.06,2069284.57,1733983.09,1986381.3650000002,2184842.6216666666
13,0,32.36,3.242,130.6457931,6.104,2012,3,9,4,0,1929768.03,2214477.06,1927780.74,2035327.6,2174713.6525000003
13,0,38.24,3.38,130.7413793,6.104,2012,3,10,4,0,1969742.76,1929768.03,2069284.57,2045818.105,2133627.294166667
13,0,52.5,3.529,130.8261935,6.104,2012,3,11,4,0,1986445.65,1969742.76,2214477.06,2025108.375,2069135.5391666666
13,0,47.83,3.671,130.8966452,6.104,2012,3,12,4,0,2025582.62,1986445.65,1929768.03,1977884.765,1941536.9216666666
13,0,53.2,3.734,130.9670968,6.104,2012,3,13,4,0,1904421.74,2025582.62,1969742.76,1971548.1925000001,1936150.6575
13,0,48.85,3.793,131.0375484,5.965,2012,4,14,4,0,1948982.7,1904421.74,1986445.65,1966358.1774999998,1943086.4841666666
13,0,51.7,3.833,131.108,5.965,2012,4,15,4,0,2271614.76,1948982.7,2025582.62,2037650.455,1982807.4941666666
13,0,50.24,3.845,131.1173333,5.965,2012,4,16,4,0,2057637.86,2271614.76,1904421.74,2045664.265,2003310.1316666668
13,0,64.8,3.842,131.1266667,5.965,2012,4,17,4,0,1955689.12,2057637.86,1948982.7,2058481.1099999999,2021785.6341666665
13,0,54.41,3.831,131.136,5.965,2012,5,18,4,0,1970121.65,1955689.12,2271614.76,2063765.8475000001,2025314.0433333332
13,0,56.47,3.809,131.1453333,5.965,2012,5,19,4,0,1995994.51,1970121.65,2057637.86,1994860.7850000001,2019206.5383333333
13,0,65.17,3.808,131.0983226,5.965,2012,5,20,4,0,2080764.17,1995994.51,1955689.12,2000642.3625,2008063.7975
13,0,62.39,3.801,131.0287742,5.965,2012,5,21,4,0,2131900.55,2080764.17,1970121.65,2044695.22,2024908.1741666663
13,0,61.11,3.788,130.9592258,5.965,2012,6,22,4,0,2043349.41,2131900.55,1995994.51,2063002.16,2031042.0616666665
13,0,68.4,3.776,130.8896774,5.965,2012,6,23,4,0,2035431.39,2043349.41,2080764.17,2072861.38,2035124.2066666663
13,0,65.97,3.756,130.8295333,5.965,2012,6,24,4,0,2182437.9,2035431.39,2131900.55,2098279.8125,2048195.4800000002
13,0,72.89,3.737,130.7929,5.965,2012,6,25,4,0,2152229.11,2182437.9,2043349.41,2103361.9524999997,2068846.0941666665
13,0,82.0,3.681,130.7562667,5.965,2012,6,26,4,0,2094373.0,2152229.11,2035431.39,2116117.8499999996,2080961.9525
13,0,79.23,3.63,130.7196333,5.765,2012,7,27,4,0,2037663.71,2094373.0,2182437.9,2116675.9299999997,2061466.031666667
13,0,83.68,3.595,130.683,5.765,2012,7,28,4,0,2184980.35,2037663.71,2152229.11,2117311.5425,2072077.905833333
13,0,75.69,3.556,130.7012903,5.765,2012,7,29,4,0,2002750.99,2184980.35,2094373.0,2079942.0125,2075999.7283333335
13,0,80.42,3.537,130.7195806,5.765,2012,7,30,4,0,2053089.32,2002750.99,2037663.71,2069621.0925,2082913.700833333
13,0,81.99,3.512,130.737871,5.765,2012,8,31,4,0,1914430.53,2053089.32,2184980.35,2038812.7975,2076116.7025
14,0,53.15,2.921,181.6620359,8.899,2010,4,17,4,0,2138144.91,2121788.61,2495630.51,2253586.3274999997,2179364.8175
14,0,70.75,2.966,181.6468154,8.899,2010,5,18,4,0,2082355.12,2138144.91,2258781.28,2150267.48,2134271.915
14,0,54.26,2.982,181.6612792,8.899,2010,5,19,4,0,2370116.52,2082355.12,2121788.61,2178101.29,2189763.388333333
14,0,62.62,2.958,181.8538486,8.899,2010,5,20,4,0,2129771.13,2370116.52,2138144.91,2180096.92,2183531.2575
14,0,69.27,2.899,182.0464181,8.899,2010,5,21,4,0,2108187.1,2129771.13,2082355.12,2172607.4675000003,2184580.8800000004
14,0,75.93,2.847,182.2389876,8.899,2010,6,22,4,0,2227152.16,2108187.1,2370116.52,2208806.7275,2183714.8308333335
14,0,69.71,2.809,182.4315571,8.899,2010,6,23,4,0,2363601.47,2227152.16,2129771.13,2207177.9650000003,2201012.0316666667
14,0,72.62,2.78,182.4424199,8.899,2010,6,24,4,0,2249570.04,2363601.47,2108187.1,2237127.6925,2216291.26
14,0,79.32,2.808,182.3806,8.899,2010,6,25,4,0,2248645.59,2249570.04,2227152.16,2272242.315,2232812.0366666666
14,0,76.61,2.815,182.3187801,8.743,2010,7,26,4,0,2246179.91,2248645.59,2363601.47,2276999.2525,2212024.486666667
14,0,82.45,2.793,182.2569603,8.743,2010,7,27,4,0,2334788.42,2246179.91,2249570.04,2269795.9899999998,2218358.415
14,0,77.84,2.783,182.2604411,8.743,2010,7,28,4,0,2236209.13,2334788.42,2248645.59,2266455.7625,2227893.4583333335
14,0,81.46,2.771,182.3509895,8.743,2010,7,29,4,0,2130287.27,2236209.13,2246179.91,2236866.1825,2227238.655
14,0,79.78,2.781,182.4415378,8.743,2010,7,30,4,0,2044155.39,2130287.27,2334788.42,2186360.0525,2224055.3441666667
14,0,77.17,2.784,182.5320862,8.743,2010,8,31,4,0,2054843.28,2044155.39,2236209.13,2116373.7675,2197782.5741666667
14,0,78.44,2.805,182.6226346,8.743,2010,8,32,4,0,2219813.5,2054843.28,2130287.27,2112274.86,2205286.105
14,0,76.01,2.779,182.6165205,8.743,2010,8,33,4,0,2052984.81,2219813.5,2044155.39,2092949.245,2200685.9141666666
14,0,71.36,2.755,182.6104063,8.743,2010,8,34,4,0,2057138.31,2052984.81,2054843.28,2096194.975,2186518.0933333333
14,0,78.37,2.715,182.6042922,8.743,2010,9,35,4,0,2020332.07,2057138.31,2219813.5,2087567.1725,2157912.31
14,1,70.87,2.699,182.598178,8.743,2010,9,36,4,0,2182563.66,2020332.07,2052984.81,2078254.7125000001,2152328.4450000003
14,0,66.55,2.706,182.622509,8.743,2010,9,37,4,0,2191767.76,2182563.66,2057138.31,2112950.45,2147588.6258333335
14,0,68.59,2.713,182.6696737,8.743,2010,9,38,4,0,1953539.85,2191767.76,2020332.07,2087050.835,2123201.954166667
14,0,70.58,2.707,182.7168385,8.724,2010,10,39,4,0,1879891.13,1953539.85,2182563.66,2051940.6,2085293.8466666667
14,0,56.49,2.764,182.7640032,8.724,2010,10,40,4,0,1855703.66,1879891.13,2191767.76,1970225.5999999999,2053585.0575
14,0,58.61,2.868,182.8106203,8.724,2010,10,41,4,0,2091663.2,1855703.66,1953539.85,1945199.46,2050366.385
14,0,53.15,2.917,182.8558685,8.724,2010,10,42,4,0,1932162.63,2091663.2,1879891.13,1939855.155,2041033.655
14,0,61.3,2.921,182.9011166,8.724,2010,10,43,4,0,1936621.09,1932162.63,1855703.66,1954037.645,2031181.8058333332
14,0,45.65,2.917,182.9463648,8.724,2010,11,44,4,0,1984768.34,1936621.09,2091663.2,1986303.815,2011594.7091666665
14,0,46.14,2.931,182.9916129,8.724,2010,11,45,4,0,2078417.47,1984768.34,1932162.63,1982992.3825,2013714.0975000001
14,0,50.02,3.0,182.8989385,8.724,2010,11,46,4,0,2092189.06,2078417.47,1936621.09,2022998.99,2016634.9933333332
14,1,46.15,3.039,182.7832769,8.724,2010,11,47,4,0,1968462.58,2092189.06,1984768.34,2030959.3625,2012312.5358333336
14,0,40.93,3.046,182.6676154,8.724,2010,12,48,4,0,2921709.71,1968462.58,2078417.47,2265194.705,2073908.04
14,0,30.54,3.109,182.5519538,8.724,2010,12,49,4,0,2258489.63,2921709.71,2092189.06,2310212.745,2079468.1958333335
14,0,30.51,3.14,182.517732,8.724,2010,12,50,4,0,2600519.26,2258489.63,1968462.58,2437295.295,2133383.1466666665
14,0,30.59,3.141,182.54459,8.724,2010,12,51,4,0,2762861.41,2600519.26,2921709.71,2635895.0025,2206964.0033333334
14,1,29.67,3.179,182.5714479,8.724,2010,12,52,4,0,3818686.45,2762861.41,2258489.63,2860139.1875,2370545.9025
14,0,34.32,3.193,182.5983058,8.549,2011,1,1,4,0,1623716.46,3818686.45,2600519.26,2701445.8950000005,2331550.3408333333
14,0,24.78,3.205,182.6585782,8.549,2011,1,2,4,0,1864746.1,1623716.46,2762861.41,2517502.605,2325932.296666667
14,0,30.55,3.229,182.9193368,8.549,2011,1,3,4,0,1699095.9,1864746.1,3818686.45,2251561.2275,2306138.5308333333
14,0,24.05,3.237,183.1800955,8.549,2011,1,4,4,0,1743188.87,1699095.9,1623716.46,1732686.8325,2286006.9083333337
14,0,28.73,3.231,183.4408542,8.549,2011,2,5,4,0,1613718.38,1743188.87,1864746.1,1730187.3125,2247281.9841666664
14,1,30.3,3.239,183.7016129,8.549,2011,2,6,4,0,1995891.87,1613718.38,1699095.9,1762973.7550000001,2239257.2183333333
14,0,40.7,3.245,183.9371353,8.549,2011,2,7,4,0,1980405.03,1995891.87,1743188.87,1833301.0375,2240252.4225
14,0,35.78,3.274,184.1625632,8.549,2011,2,8,4,0,2019031.67,1980405.03,1613718.38,1902261.7375,2165029.2525
14,0,38.65,3.433,184.3879911,8.549,2011,3,9,4,0,1875708.88,2019031.67,1995891.87,1967759.3625,2133130.8566666665
14,0,45.01,3.582,184.613419,8.549,2011,3,10,4,0,2041215.61,1875708.88,1980405.03,1979090.2974999999,2086522.2191666665
14,0,46.66,3.631,184.809719,8.549,2011,3,11,4,0,1931104.67,2041215.61,2019031.67,1966765.2075,2017209.1575
14,0,41.76,3.625,184.9943679,8.549,2011,3,12,4,0,1932491.42,1931104.67,1875708.88,1945130.145,1860026.2383333333
14,0,37.27,3.638,185.1790167,8.521,2011,4,13,4,0,1879451.23,1932491.42,2041215.61,1946065.7325,1881337.4691666665
14,0,48.71,3.72,185.3636656,8.521,2011,4,14,4,0,1869110.55,1879451.23,1931104.67,1903039.4675,1881701.173333333
14,0,53.69,3.821,185.5339821,8.521,2011,4,15,4,0,2037798.88,1869110.55,1932491.42,1929713.0199999998,1909926.4216666666
14,0,53.04,3.892,185.6684673,8.521,2011,4,16,4,0,1974960.86,2037798.88,1879451.23,1940330.3800000001,1929240.7541666664
14,0,66.18,3.962,185.8029526,8.521,2011,4,17,4,0,2256461.39,1974960.86,1869110.55,2034582.92,1982802.6716666666
14,0,58.21,4.046,185.9374378,8.521,2011,5,18,4,0,1930617.64,2256461.39,2037798.88,2049959.6925000001,1977363.1524999999
14,0,60.38,4.066,186.0719231,8.521,2011,5,19,4,0,2095599.93,1930617.64,1974960.86,2064409.955,1986962.7275
14,0,62.28,4.062,185.9661154,8.521,2011,5,20,4,0,2004330.3,2095599.93,2256461.39,2071752.315,1985737.6133333333
14,0,69.7,3.985,185.8603077,8.521,2011,5,21,4,0,1959967.8,2004330.3,1930617.64,1997628.9175,1992759.1900000002
14,0,76.38,3.922,185.7545,8.521,2011,6,22,4,0,2080694.24,1959967.8,2095599.93,2035148.0675,1996049.0758333334
14,0,73.88,3.881,185.6486923,8.521,2011,6,23,4,0,2079899.47,2080694.24,2004330.3,2031222.9525000001,2008448.6425
14,0,69.32,3.842,185.6719333,8.521,2011,6,24,4,0,2132446.0,2079899.47,1959967.8,2063251.8775,2025111.524166667
14,0,74.85,3.804,185.7919609,8.521,2011,6,25,4,0,2082083.34,2132446.0,2080694.24,2093780.7625,2041997.5333333334
14,0,74.04,3.748,185.9119885,8.625,2011,7,26,4,0,2069523.52,2082083.34,2079899.47,2090988.0825,2058698.6141666668
14,0,77.49,3.711,186.032016,8.625,2011,7,27,4,0,2074668.19,2069523.52,2132446.0,2089680.2625,2061771.0566666666
14,0,78.47,3.76,186.1399808,8.625,2011,7,28,4,0,2063401.06,2074668.19,2082083.34,2072419.0275,2069141.0733333335
14,0,82.33,3.811,186.2177885,8.625,2011,7,29,4,0,1953544.76,2063401.06,2069523.52,2040284.3824999998,2043898.0208333333
14,0,81.31,3.829,186.2955962,8.625,2011,7,30,4,0,1882070.88,1953544.76,2074668.19,1993421.2225000001,2039852.4575000003
14,0,78.22,3.842,186.3734038,8.625,2011,8,31,4,0,1871021.01,1882070.88,2063401.06,1942509.4275,2021137.5475
14,0,77.0,3.812,186.4512115,8.625,2011,8,32,4,0,2066020.69,1871021.01,1953544.76,1943164.335,2026278.4133333333
14,0,72.98,3.747,186.5093071,8.625,2011,8,33,4,0,1928773.82,2066020.69,1882070.88,1936971.6,2023678.915
14,0,72.55,3.704,186.5641172,8.625,2011,8,34,4,0,1896873.99,1928773.82,1871021.01,1940672.3775,2008360.5608333333
14,0,70.63,3.703,186.6189274,8.625,2011,9,35,4,0,2273470.62,1896873.99,2066020.69,2041284.78,2024491.49
14,1,71.48,3.738,186.6737376,8.625,2011,9,36,4,0,1750891.47,2273470.62,1928773.82,1962502.475,1992695.2791666666
14,0,69.17,3.742,186.8024,8.625,2011,9,37,4,0,2202742.9,1750891.47,1896873.99,2030994.745,2002750.2425
14,0,63.75,3.711,187.0295321,8.625,2011,9,38,4,0,1864637.89,2202742.9,2273470.62,2022935.72,1985676.4400000002
14,0,70.66,3.645,187.2566641,8.625,2011,9,39,4,0,1871555.64,1864637.89,1750891.47,1922456.975,1968750.3941666668
14,0,55.82,3.583,187.4837962,8.523,2011,10,40,4,0,1809989.29,1871555.64,2202742.9,1937231.4300000002,1947632.7466666668
14,0,63.82,3.541,187.6917481,8.523,2011,10,41,4,0,2078796.76,1809989.29,1864637.89,1906244.895,1958070.4133333333
14,0,59.6,3.57,187.7846197,8.523,2011,10,42,4,0,1890870.75,2078796.76,1871555.64,1912803.11,1958803.735833333
14,0,51.78,3.569,187.8774913,8.523,2011,10,43,4,0,2009004.59,1890870.75,1809989.29,1947165.3475000001,1970302.3675
14,0,43.92,3.551,187.9703629,8.523,2011,11,44,4,0,2056846.12,2009004.59,2078796.76,2008879.555,1969537.82
14,0,47.65,3.53,188.0632345,8.523,2011,11,45,4,0,2174056.71,2056846.12,1890870.75,2032694.5425,1989978.0608333333
14,0,51.34,3.53,188.1983654,8.523,2011,11,46,4,0,2081534.65,2174056.71,2009004.59,2080360.5175,2005366.4491666667
14,1,48.71,3.492,188.3504,8.523,2011,11,47,4,0,1969360.72,2081534.65,2056846.12,2070449.55,1980023.9574999998
14,0,50.19,3.452,188.5024346,8.523,2011,12,48,4,0,2685351.81,1969360.72,2174056.71,2227575.9725,2057895.6525
14,0,46.57,3.415,188.6544692,8.523,2011,12,49,4,0,2143080.57,2685351.81,2081534.65,2219831.9375,2052923.7916666667
14,0,39.93,3.413,188.7979349,8.523,2011,12,50,4,0,2470581.29,2143080.57,1969360.72,2317093.5974999997,2103419.0749999997
14,0,42.27,3.389,188.9299752,8.523,2011,12,51,4,0,2594363.09,2470581.29,2685351.81,2473344.19,2163653.029166667
14,1,37.79,3.389,189.0620155,8.523,2011,12,52,4,0,3369068.99,2594363.09,2143080.57,2644273.485,2293576.3375
14,0,35.88,3.422,189.1940558,8.424,2012,1,1,4,0,1914148.89,3369068.99,2470581.29,2587040.565,2279855.6816666666
14,0,41.18,3.513,189.3260962,8.424,2012,1,2,4,0,1859144.96,1914148.89,2594363.09,2434181.4825,2277211.865833333
14,0,31.85,3.533,189.4214733,8.424,2012,1,3,4,0,1696248.27,1859144.96,3369068.99,2209652.7775000003,2251148.839166667
14,0,37.93,3.567,189.5168505,8.424,2012,1,4,4,0,1789113.32,1696248.27,1914148.89,1814663.86,2228837.7725
14,0,42.96,3.617,189.6122277,8.424,2012,2,5,4,0,1595362.27,1789113.32,1859144.96,1734967.205,2180613.2358333333
14,1,37.0,3.64,189.7076048,8.424,2012,2,6,4,0,1877410.36,1595362.27,1696248.27,1739533.555,2163602.8783333334
14,0,36.85,3.695,189.8424834,8.424,2012,2,7,4,0,2077256.24,1877410.36,1789113.32,1834785.5475,2172594.171666667
14,0,42.86,3.739,190.0069881,8.424,2012,2,8,4,0,2020550.99,2077256.24,1595362.27,1892644.965,2117194.103333333
14,0,41.55,3.816,190.1714927,8.424,2012,3,9,4,0,1875040.16,2020550.99,1877410.36,1962564.4375,2094857.4024999999
14,0,45.52,3.848,190.3359973,8.424,2012,3,10,4,0,1926004.99,1875040.16,2077256.24,1974713.095,2049476.0441666667
14,0,50.56,3.862,190.4618964,8.424,2012,3,11,4,0,2020839.31,1926004.99,2020550.99,1960608.8625,2001682.3958333333
14,0,59.45,3.9,190.5363213,8.424,2012,3,12,4,0,1941040.5,2020839.31,1875040.16,1940731.24,1882680.0216666667
14,0,50.04,3.953,190.6107463,8.424,2012,3,13,4,0,1893447.71,1941040.5,1926004.99,1945333.1275000002,1880954.9233333336
14,0,49.73,3.996,190.6851712,8.567,2012,4,14,4,0,1905033.01,1893447.71,2020839.31,1940090.1325,1884778.9275
14,0,51.83,4.044,190.7595962,8.567,2012,4,15,4,0,2376022.26,1905033.01,1941040.5,2028885.8699999999,1941426.76
14,0,63.13,4.027,190.8138013,8.567,2012,4,16,4,0,1912909.69,2376022.26,1893447.71,2021853.1675,1951743.1241666665
14,0,53.2,4.004,190.8680064,8.567,2012,4,17,4,0,1875686.44,1912909.69,1905033.01,2017412.8499999999,1975103.4716666667
14,0,55.21,3.951,190.9222115,8.567,2012,5,18,4,0,1784029.95,1875686.44,2376022.26,1987162.085,1967321.7708333333
14,0,61.24,3.889,190.9764167,8.567,2012,5,19,4,0,1949354.29,1784029.95,1912909.69,1880495.0925,1956663.2749999997
14,0,66.3,3.848,190.9964479,8.567,2012,5,20,4,0,1987531.05,1949354.29,1875686.44,1899150.4324999999,1953911.6133333333
14,0,67.21,3.798,191.0028096,8.567,2012,5,21,4,0,1932233.17,1987531.05,1784029.95,1913287.115,1958677.6975
14,0,74.48,3.742,191.0091712,8.567,2012,6,22,4,0,2030869.61,1932233.17,1949354.29,1974997.03,1967416.4158333333
14,0,64.3,3.689,191.0155329,8.567,2012,6,23,4,0,2049485.49,2030869.61,1987531.05,2000029.83,1969803.5975
14,0,71.93,3.62,191.0299731,8.567,2012,6,24,4,0,2099615.88,2049485.49,1932233.17,2028051.0375,1983018.2125000001
14,0,74.22,3.564,191.0646096,8.567,2012,6,25,4,0,1905733.68,2099615.88,2030869.61,2021426.165,1984042.0433333332
14,0,75.22,3.506,191.0992462,8.567,2012,6,26,4,0,1660228.88,1905733.68,2049485.49,1928765.9825,1963641.6991666667
14,0,82.99,3.475,191.1338827,8.684,2012,7,27,4,0,1591835.02,1660228.88,2099615.88,1814353.3649999998,1898292.7625
14,0,79.97,3.523,191.1685192,8.684,2012,7,28,4,0,1862128.95,1591835.02,1905733.68,1754981.6325,1894061.0341666667
14,0,78.89,3.567,191.1670428,8.684,2012,7,29,4,0,1544422.35,1862128.95,1660228.88,1664653.7999999998,1866455.6933333334
14,0,77.2,3.647,191.1655664,8.684,2012,7,30,4,0,1553250.16,1544422.35,1591835.02,1637909.1199999999,1847224.0441666667
14,0,76.58,3.654,191.16409,8.684,2012,8,31,4,0,1479514.66,1553250.16,1862128.95,1609829.03,1808070.741666667
15,0,49.09,3.042,132.0644333,8.185,2010,4,17,4,0,643097.6,641208.65,718470.71,659345.6825,632749.6166666667
15,0,63.16,3.095,132.1062,8.185,2010,5,18,4,0,570791.11,643097.6,634605.77,622425.7825,625972.0058333334
15,0,47.13,3.112,132.152129,8.185,2010,5,19,4,0,661348.88,570791.11,641208.65,629111.56,624213.8208333334
15,0,59.09,3.096,132.2230323,8.185,2010,5,20,4,0,594385.2,661348.88,643097.6,617405.6975,618676.025
15,0,70.61,3.046,132.2939355,8.185,2010,5,21,4,0,616598.1,594385.2,570791.11,610780.8225,622985.6
15,0,69.99,3.006,132.3648387,8.185,2010,6,22,4,0,744772.88,616598.1,661348.88,654276.265,634606.2208333333
15,0,61.04,2.972,132.4357419,8.185,2010,6,23,4,0,693192.5,744772.88,594385.2,662237.1699999999,642024.4633333333
15,0,65.83,2.942,132.4733333,8.185,2010,6,24,4,0,619337.29,693192.5,616598.1,668475.1925,644160.015
15,0,72.79,2.958,132.4976,8.185,2010,6,25,4,0,652329.53,619337.29,744772.88,677408.05,649178.1849999999
15,0,66.13,2.958,132.5218667,8.099,2010,7,26,4,0,672194.03,652329.53,693192.5,659263.3375,645321.7949999999
15,0,77.33,2.94,132.5461333,8.099,2010,7,27,4,0,709337.11,672194.03,619337.29,663299.49,651549.4066666666
15,0,72.83,2.933,132.5667742,8.099,2010,7,28,4,0,691497.62,709337.11,652329.53,681339.5725,655740.1541666667
15,0,73.2,2.924,132.5825806,8.099,2010,7,29,4,0,633203.69,691497.62,672194.03,676558.1125,654915.6616666666
15,0,72.04,2.932,132.5983871,8.099,2010,7,30,4,0,598553.43,633203.69,709337.11,658147.9625,657229.1883333334
15,0,72.7,2.942,132.6141935,8.099,2010,8,31,4,0,619224.06,598553.43,691497.62,635619.7000000001,653718.7866666666
15,0,72.17,2.923,132.63,8.099,2010,8,32,4,0,639651.24,619224.06,633203.69,622658.105,657490.9566666667
15,0,71.1,2.913,132.6616129,8.099,2010,8,33,4,0,622437.08,639651.24,598553.43,619966.4525,657977.5383333333
15,0,65.07,2.885,132.6932258,8.099,2010,8,34,4,0,637090.44,622437.08,619224.06,629600.705,649004.0016666666
15,0,73.17,2.86,132.7248387,8.099,2010,9,35,4,0,649791.15,637090.44,639651.24,637242.4774999999,645387.2225
15,1,62.36,2.837,132.7564516,8.099,2010,9,36,4,0,638647.21,649791.15,622437.08,636991.47,646996.3825
15,0,57.94,2.846,132.7670667,8.099,2010,9,37,4,0,641965.2,638647.21,637090.44,641873.5,646132.6883333334
15,0,62.53,2.837,132.7619333,8.099,2010,9,38,4,0,583210.87,641965.2,649791.15,628403.6074999999,638717.425
15,0,59.69,2.84,132.7568,8.067,2010,10,39,4,0,548542.47,583210.87,638647.21,603091.4375,625317.8716666667
15,0,52.19,2.903,132.7516667,8.067,2010,10,40,4,0,566945.95,548542.47,641965.2,585166.1225,614938.5658333333
15,0,49.96,2.999,132.7633548,8.067,2010,10,41,4,0,591603.79,566945.95,583210.87,572575.77,611471.9075
15,0,47.1,3.049,132.8170968,8.067,2010,10,42,4,0,577011.26,591603.79,548542.47,571025.8674999999,609676.7266666667
15,0,55.09,3.055,132.8708387,8.067,2010,10,43,4,0,600395.73,577011.26,566945.95,583989.1825,608107.6991666667
15,0,40.29,3.049,132.9245806,8.067,2010,11,44,4,0,598301.5,600395.73,591603.79,591828.0700000001,604661.8875000001
15,0,39.63,3.065,132.9783226,8.067,2010,11,45,4,0,612987.64,598301.5,577011.26,597174.0325,603874.4341666667
15,0,44.1,3.138,132.9172,8.067,2010,11,46,4,0,619639.74,612987.64,600395.73,607831.1525,602420.2091666666
15,1,40.71,3.186,132.8369333,8.067,2010,11,47,4,0,608200.81,619639.74,598301.5,609782.4225,598954.3475
15,0,36.0,3.2,132.7566667,8.067,2010,12,48,4,0,1120018.92,608200.81,612987.64,740211.7775,639068.6566666666
15,0,23.97,3.255,132.6764,8.067,2010,12,49,4,0,754134.95,1120018.92,619639.74,775498.605,648416.1358333334
15,0,25.3,3.301,132.6804516,8.067,2010,12,50,4,0,847294.04,754134.95,608200.81,832412.1799999999,670423.0666666667
15,0,25.07,3.309,132.7477419,8.067,2010,12,51,4,0,983825.15,847294.04,1120018.92,926318.265,706696.6233333334
15,1,26.54,3.336,132.8150323,8.067,2010,12,52,4,0,1368318.17,983825.15,754134.95,988393.0775,773477.6416666666
15,0,30.53,3.351,132.8823226,7.771,2011,1,1,4,0,543754.17,1368318.17,847294.04,935797.8825000001,769490.1733333333
15,0,19.53,3.367,132.9510645,7.771,2011,1,2,4,0,509640.77,543754.17,983825.15,851384.5650000001,763875.9658333334
15,0,21.84,3.391,133.0285161,7.771,2011,1,3,4,0,479424.2,509640.77,1368318.17,725284.3275,753795.005
15,0,19.61,3.402,133.1059677,7.771,2011,1,4,4,0,487311.03,479424.2,543754.17,505032.54250000004,744545.7991666667
15,0,20.69,3.4,133.1834194,7.771,2011,2,5,4,0,481119.6,487311.03,509640.77,489373.89999999997,733556.7958333334
15,1,21.64,3.416,133.260871,7.771,2011,2,6,4,0,556550.85,481119.6,479424.2,501101.42000000004,728299.3883333333
15,0,33.06,3.42,133.3701429,7.771,2011,2,7,4,0,582864.35,556550.85,487311.03,526961.4575,726188.0166666666
15,0,20.87,3.452,133.4921429,7.771,2011,2,8,4,0,649993.5,582864.35,481119.6,567632.075,687019.2316666667
15,0,28.16,3.605,133.6141429,7.771,2011,3,9,4,0,547564.09,649993.5,556550.85,584243.1975,669804.9933333333
15,0,34.27,3.752,133.7361429,7.771,2011,3,10,4,0,573374.49,547564.09,582864.35,588449.1074999999,646978.3641666666
15,0,40.23,3.796,133.8492258,7.771,2011,3,11,4,0,537035.28,573374.49,649993.5,576991.84,609745.875
15,0,32.63,3.789,133.9587419,7.771,2011,3,12,4,0,551553.99,537035.28,547564.09,552381.9624999999,541682.1933333334
15,0,30.34,3.811,134.0682581,7.658,2011,4,13,4,0,527389.28,551553.99,573374.49,547338.26,540318.4525
15,0,40.94,3.895,134.1777742,7.658,2011,4,14,4,0,542556.05,527389.28,537035.28,539633.65,543061.3925
15,0,48.63,3.981,134.2784667,7.658,2011,4,15,4,0,587370.81,542556.05,551553.99,552217.5325,552056.9433333334
15,0,41.37,4.061,134.3571,7.658,2011,4,16,4,0,607691.36,587370.81,527389.28,566251.875,562088.6375
15,0,55.46,4.117,134.4357333,7.658,2011,4,17,4,0,655318.26,607691.36,542556.05,598234.12,576605.1925
15,0,49.87,4.192,134.5143667,7.658,2011,5,18,4,0,560764.41,655318.26,587370.81,602786.21,576956.3225000001
15,0,57.07,4.211,134.593,7.658,2011,5,19,4,0,630522.67,560764.41,607691.36,613574.175,580927.8491666667
15,0,57.19,4.202,134.6803871,7.658,2011,5,20,4,0,630482.91,630522.67,655318.26,619272.0625,579301.9666666667
15,0,65.87,4.134,134.7677742,7.658,2011,5,21,4,0,593941.9,630482.91,560764.41,603927.9725,583166.7841666667
15,0,69.8,4.069,134.8551613,7.658,2011,6,22,4,0,636193.24,593941.9,630522.67,622785.18,588401.68
15,0,69.86,4.025,134.9425484,7.658,2011,6,23,4,0,695396.19,636193.24,630482.91,639003.56,601598.4225
15,0,63.9,3.989,135.0837333,7.658,2011,6,24,4,0,642679.81,695396.19,593941.9,642052.785,609192.2408333333
15,0,69.96,3.964,135.2652667,7.658,2011,6,25,4,0,639928.85,642679.81,636193.24,653549.5225,618570.5383333333
15,0,67.43,3.916,135.4468,7.806,2011,7,26,4,0,656594.95,639928.85,695396.19,658649.95,628073.78
15,0,73.47,3.886,135.6283333,7.806,2011,7,27,4,0,674669.16,656594.95,642679.81,653468.1925,635348.6425
15,0,73.34,3.915,135.7837419,7.806,2011,7,28,4,0,635118.48,674669.16,639928.85,651577.86,637634.2358333333
15,0,79.97,3.972,135.8738387,7.806,2011,7,29,4,0,624114.56,635118.48,656594.95,647624.2875,635033.9275
15,0,74.67,4.004,135.9639355,7.806,2011,7,30,4,0,607475.44,624114.56,674669.16,635344.41,638926.5133333333
15,0,73.63,4.02,136.0540323,7.806,2011,8,31,4,0,577511.02,607475.44,635118.48,611054.875,634508.8758333334
15,0,70.63,3.995,136.144129,7.806,2011,8,32,4,0,607961.21,577511.02,624114.56,604265.5575,632632.0675
15,0,70.41,3.942,136.183129,7.806,2011,8,33,4,0,590836.37,607961.21,607475.44,595946.01,632373.2733333333
15,0,69.19,3.906,136.2136129,7.806,2011,8,34,4,0,599488.98,590836.37,577511.02,593949.395,629314.585
15,0,67.63,3.879,136.2440968,7.806,2011,9,35,4,0,605413.17,599488.98,607961.21,600924.9325,621816.0
15,1,67.59,3.93,136.2745806,7.806,2011,9,36,4,0,649159.68,605413.17,590836.37,611224.55,622355.9891666666
15,0,62.1,3.937,136.3145,7.806,2011,9,37,4,0,607593.51,649159.68,599488.98,615413.835,619661.3775000001
15,0,59.0,3.899,136.367,7.806,2011,9,38,4,0,545052.34,607593.51,605413.17,601804.675,610366.16
15,0,64.87,3.858,136.4195,7.806,2011,9,39,4,0,545570.86,545052.34,649159.68,586844.0975,599607.9683333334
15,0,51.24,3.775,136.472,7.866,2011,10,40,4,0,521297.31,545570.86,607593.51,554878.505,590122.8708333333
15,0,61.3,3.744,136.5150968,7.866,2011,10,41,4,0,579068.88,521297.31,545052.34,547747.3474999999,586369.0641666666
15,0,51.67,3.757,136.5017742,7.866,2011,10,42,4,0,537300.94,579068.88,545570.86,545809.4975,580521.1891666667
15,0,45.54,3.757,136.4884516,7.866,2011,10,43,4,0,603318.89,537300.94,521297.31,560246.505,582671.845
15,0,43.39,3.738,136.475129,7.866,2011,11,44,4,0,589842.69,603318.89,579068.88,577382.85,581161.9683333334
15,0,47.13,3.719,136.4618065,7.866,2011,11,45,4,0,615121.78,589842.69,537300.94,586396.075,583185.7525
15,0,46.53,3.717,136.4666667,7.866,2011,11,46,4,0,618949.82,615121.78,603318.89,606808.2949999999,584807.4891666666
15,1,41.1,3.689,136.4788,7.866,2011,11,47,4,0,597856.51,618949.82,589842.69,605442.7,584177.7675
15,0,45.67,3.666,136.4909333,7.866,2011,12,48,4,0,1066478.1,597856.51,615121.78,724601.5525,618954.3025
15,0,38.53,3.627,136.5030667,7.866,2011,12,49,4,0,699028.66,1066478.1,618949.82,745578.2725000001,626573.8983333333
15,0,35.49,3.611,136.5335161,7.866,2011,12,50,4,0,764565.55,699028.66,597856.51,781982.2050000001,644866.6658333334
15,0,34.93,3.587,136.5883871,7.866,2011,12,51,4,0,870415.49,764565.55,1066478.1,850121.9500000001,671937.0516666666
15,1,31.44,3.566,136.6432581,7.866,2011,12,52,4,0,1182691.87,870415.49,699028.66,879175.3925000001,727053.265
15,0,30.24,3.585,136.698129,7.943,2012,1,1,4,0,603460.79,1182691.87,764565.55,855283.425,729085.9241666667
15,0,36.26,3.666,136.753,7.943,2012,1,2,4,0,516087.65,603460.79,870415.49,793163.9500000001,727318.15
15,0,21.39,3.705,136.8564194,7.943,2012,1,3,4,0,454183.42,516087.65,1182691.87,689105.9325,714890.1941666667
15,0,30.87,3.737,136.9598387,7.943,2012,1,4,4,0,492721.85,454183.42,603460.79,516613.4275,706796.7908333334
15,0,35.3,3.796,137.0632581,7.943,2012,2,5,4,0,466045.63,492721.85,516087.65,482259.6375,694373.7783333334
15,1,31.91,3.826,137.1666774,7.943,2012,2,6,4,0,523831.64,466045.63,454183.42,484195.63499999995,686447.2633333333
15,0,30.26,3.874,137.2583103,7.943,2012,2,7,4,0,628218.22,523831.64,492721.85,527704.335,688977.4058333334
15,0,33.18,3.917,137.3411034,7.943,2012,2,8,4,0,598502.83,628218.22,466045.63,554149.58,649979.4666666667
15,0,33.24,3.983,137.4238966,7.943,2012,3,9,4,0,561137.06,598502.83,523831.64,577922.4375,638488.5
15,0,36.97,4.021,137.5066897,7.943,2012,3,10,4,0,541292.64,561137.06,628218.22,582287.6875,619882.4241666667
15,0,47.42,4.021,137.5843871,7.943,2012,3,11,4,0,545120.67,541292.64,598502.83,561513.3,592774.5225
15,0,58.92,4.054,137.6552903,7.943,2012,3,12,4,0,570611.23,545120.67,561137.06,554540.4,541767.8025000001
15,0,42.65,4.098,137.7261935,7.943,2012,3,13,4,0,565481.88,570611.23,541292.64,555626.605,538602.8933333333
15,0,40.01,4.143,137.7970968,8.15,2012,4,14,4,0,557547.25,565481.88,545120.67,559690.2575000001,542057.86
15,0,43.52,4.187,137.868,8.15,2012,4,15,4,0,659950.36,557547.25,570611.23,588397.68,559205.105
15,0,54.47,4.17,137.9230667,8.15,2012,4,16,4,0,558585.13,659950.36,565481.88,585391.155,564693.7116666666
15,0,41.57,4.163,137.9781333,8.15,2012,4,17,4,0,534780.57,558585.13,557547.25,577715.8275,570421.6233333333
15,0,51.04,4.124,138.0332,8.15,2012,5,18,4,0,527402.62,534780.57,659950.36,570179.6699999999,570719.205
15,0,54.23,4.055,138.0882667,8.15,2012,5,19,4,0,577868.38,527402.62,558585.13,549659.175,566523.385
15,0,58.84,4.029,138.1065806,8.15,2012,5,20,4,0,579539.95,577868.38,534780.57,554897.88,564943.145
15,0,67.97,3.979,138.1101935,8.15,2012,5,21,4,0,600050.98,579539.95,527402.62,571215.4825,568185.9716666666
15,0,67.61,3.915,138.1138065,8.15,2012,6,22,4,0,693780.42,600050.98,577868.38,612809.9325,580893.2866666666
15,0,59.35,3.871,138.1174194,8.15,2012,6,23,4,0,663971.26,693780.42,579539.95,634335.6525000001,590797.5025000001
15,0,67.7,3.786,138.1295333,8.15,2012,6,24,4,0,611390.67,663971.26,600050.98,642298.3325,594195.7891666667
15,0,74.28,3.722,138.1629,8.15,2012,6,25,4,0,636737.65,611390.67,693780.42,651470.0,600133.77
15,0,68.91,3.667,138.1962667,8.15,2012,6,26,4,0,687085.6,636737.65,663971.26,649796.295,610928.6325
15,0,74.64,3.646,138.2296333,8.193,2012,7,27,4,0,624099.48,687085.6,611390.67,639828.35,607941.0591666667
15,0,72.62,3.689,138.263,8.193,2012,7,28,4,0,678024.75,624099.48,636737.65,656486.87,617894.3608333333
15,0,75.31,3.732,138.2331935,8.193,2012,7,29,4,0,591335.5,678024.75,687085.6,645136.3325,622607.2716666666
15,0,73.9,3.82,138.2033871,8.193,2012,7,30,4,0,592369.22,591335.5,624099.48,621457.2374999999,628021.155
15,0,73.13,3.819,138.1735806,8.193,2012,8,31,4,0,571190.83,592369.22,678024.75,608230.075,627464.6925
16,0,37.75,2.766,189.575127,6.842,2010,4,17,4,0,370230.94,436312.41,490503.69,430282.75749999995,455062.9683333333
16,0,37.43,2.771,189.5312483,6.842,2010,5,18,4,0,383550.93,370230.94,424083.99,403544.5675,447241.4375
16,0,41.26,2.788,189.4904116,6.842,2010,5,19,4,0,403217.22,383550.93,436312.41,398327.875,441505.8491666666
16,0,47.34,2.776,189.467827,6.842,2010,5,20,4,0,401770.9,403217.22,370230.94,389692.4975,435831.0325
16,0,52.08,2.737,189.4452425,6.842,2010,5,21,4,0,435300.51,401770.9,383550.93,405959.89,435169.2275
16,0,53.76,2.7,189.422658,6.842,2010,6,22,4,0,479430.0,435300.51,403217.22,429929.6575,438106.5733333333
16,0,62.63,2.684,189.4000734,6.842,2010,6,23,4,0,516295.81,479430.0,401770.9,458199.30500000005,444015.07916666666
16,0,52.4,2.674,189.4185259,6.842,2010,6,24,4,0,535587.31,516295.81,435300.51,491653.40750000003,446621.7425
16,0,62.37,2.715,189.4533931,6.842,2010,6,25,4,0,540149.85,535587.31,479430.0,517865.74250000005,451369.4633333333
16,0,64.44,2.728,189.4882603,6.868,2010,7,26,4,0,546554.96,540149.85,516295.81,534646.9825,456040.4024999999
16,0,61.79,2.711,189.5231276,6.868,2010,7,27,4,0,610641.42,546554.96,535587.31,558233.385,471586.855
16,0,67.68,2.699,189.6125456,6.868,2010,7,28,4,0,614253.33,610641.42,540149.85,577899.89,486415.26499999996
16,0,70.67,2.691,189.774698,6.868,2010,7,29,4,0,586583.69,614253.33,546554.96,589508.35,504444.6608333333
16,0,70.71,2.69,189.9368504,6.868,2010,7,30,4,0,588344.18,586583.69,610641.42,599955.655,521510.76499999996
16,0,67.42,2.69,190.0990028,6.868,2010,8,31,4,0,562633.67,588344.18,614253.33,587953.7175,534795.4691666666
16,0,63.91,2.723,190.2611552,6.868,2010,8,32,4,0,586936.45,562633.67,586583.69,581124.4974999999,550225.9316666666
16,0,63.59,2.732,190.2948237,6.868,2010,8,33,4,0,543757.97,586936.45,588344.18,570418.0675,559264.0533333333
16,0,65.66,2.731,190.3284922,6.868,2010,8,34,4,0,521516.96,543757.97,562633.67,553711.2625,562771.2999999999
16,0,58.02,2.773,190.3621607,6.868,2010,9,35,4,0,581010.52,521516.96,586936.45,558305.4750000001,568164.1925
16,1,57.24,2.78,190.3958293,6.868,2010,9,36,4,0,542087.89,581010.52,543757.97,547093.335,568705.9075
16,0,56.55,2.8,190.4688287,6.868,2010,9,37,4,0,537518.57,542087.89,521516.96,545533.4850000001,568486.6341666667
16,0,58.19,2.793,190.5713264,6.868,2010,9,38,4,0,522049.52,537518.57,581010.52,545666.625,566444.5141666667
16,0,59.39,2.759,190.6738241,6.986,2010,10,39,4,0,511330.32,522049.52,542087.89,528246.575,558168.5891666667
16,0,54.29,2.745,190.7763218,6.986,2010,10,40,4,0,463977.54,511330.32,537518.57,508718.98749999993,545645.6066666667
16,0,45.0,2.762,190.8623087,6.986,2010,10,41,4,0,442894.2,463977.54,522049.52,485062.895,533671.4825
16,0,45.85,2.762,190.9070184,6.986,2010,10,42,4,0,452169.28,442894.2,511330.32,467592.835,522323.5741666667
16,0,35.76,2.748,190.951728,6.986,2010,10,43,4,0,541216.92,452169.28,463977.54,475064.485,520538.84500000003
16,0,39.94,2.729,190.9964377,6.986,2010,11,44,4,0,495022.51,541216.92,442894.2,482825.7275,512879.35000000003
16,0,34.04,2.737,191.0411474,6.986,2010,11,45,4,0,446905.02,495022.51,452169.28,483828.4325,504808.2708333333
16,0,27.26,2.758,191.0312172,6.986,2010,11,46,4,0,453632.76,446905.02,541216.92,484194.3025,499151.2541666667
16,1,23.46,2.742,191.0121805,6.986,2010,11,47,4,0,458634.68,453632.76,495022.51,463548.7425,488953.2675
16,0,23.68,2.712,190.9931437,6.986,2010,12,48,4,0,651837.77,458634.68,446905.02,502752.5575,498099.0908333333
16,0,32.02,2.728,190.9741069,6.986,2010,12,49,4,0,512260.59,651837.77,453632.76,519091.45,495994.2591666667
16,0,26.01,2.778,191.0303376,6.986,2010,12,50,4,0,570103.64,512260.59,458634.68,548209.1699999999,499998.7691666666
16,0,32.46,2.781,191.1430189,6.986,2010,12,51,4,0,648652.01,570103.64,651837.77,595713.5025,511442.24333333335
16,1,19.66,2.829,191.2557002,6.986,2010,12,52,4,0,1004730.69,648652.01,512260.59,683936.7324999999,556505.0058333334
16,0,12.39,2.882,191.3683815,6.614,2011,1,1,4,0,575317.38,1004730.69,570103.64,699700.93,567540.2708333334
16,0,17.46,2.911,191.4784939,6.614,2011,1,2,4,0,573545.96,575317.38,648652.01,700561.51,577654.9941666666
16,0,28.6,2.973,191.5731924,6.614,2011,1,3,4,0,470365.59,573545.96,1004730.69,655989.905,571750.7166666667
16,0,20.8,3.008,191.667891,6.614,2011,1,4,4,0,462888.13,470365.59,575317.38,520529.265,569072.8516666667
16,0,13.64,3.011,191.7625895,6.614,2011,2,5,4,0,448391.99,462888.13,573545.96,488797.91750000004,569196.7658333333
16,1,15.02,3.037,191.8572881,6.614,2011,2,6,4,0,479263.15,448391.99,470365.59,465227.21499999997,571332.6316666667
16,0,27.18,3.051,191.9178331,6.614,2011,2,7,4,0,466806.89,479263.15,462888.13,464337.54000000004,572013.6491666667
16,0,26.15,3.101,191.9647167,6.614,2011,2,8,4,0,491179.79,466806.89,448391.99,471410.45499999996,558625.4841666666
16,0,31.77,3.232,192.0116004,6.614,2011,3,9,4,0,475201.64,491179.79,479263.15,478112.8675,555537.2383333333
16,0,29.36,3.372,192.058484,6.614,2011,3,10,4,0,484829.07,475201.64,466806.89,479504.34750000003,548431.0241666667
16,0,36.5,3.406,192.1237981,6.614,2011,3,11,4,0,457504.35,484829.07,491179.79,477178.71249999997,532502.0525
16,0,32.61,3.414,192.1964844,6.614,2011,3,12,4,0,497373.49,457504.35,475201.64,478727.1375,490222.2858333333
16,0,35.75,3.461,192.2691707,6.339,2011,4,13,4,0,465279.68,497373.49,484829.07,476246.64749999996,481052.4775
16,0,38.04,3.532,192.3418571,6.339,2011,4,14,4,0,459756.11,465279.68,457504.35,469978.4075,471569.99
16,0,34.59,3.611,192.4225954,6.339,2011,4,15,4,0,439276.5,459756.11,497373.49,465421.445,468979.2325
16,0,40.74,3.636,192.5234638,6.339,2011,4,16,4,0,427855.24,439276.5,465279.68,448041.8825,466059.825
16,0,37.77,3.663,192.6243322,6.339,2011,4,17,4,0,368600.0,427855.24,459756.11,423871.9625,459410.4925
16,0,38.64,3.735,192.7252006,6.339,2011,5,18,4,0,378100.31,368600.0,439276.5,403458.0125,450980.2558333333
16,0,43.29,3.767,192.826069,6.339,2011,5,19,4,0,423805.22,378100.31,427855.24,399590.1925,447396.78333333327
16,0,43.95,3.828,192.831317,6.339,2011,5,20,4,0,410406.95,423805.22,368600.0,395228.12,440665.7133333333
16,0,45.17,3.795,192.8365651,6.339,2011,5,21,4,0,435397.19,410406.95,378100.31,411927.4175,437348.67583333334
16,0,54.08,3.763,192.8418131,6.339,2011,6,22,4,0,444718.68,435397.19,423805.22,428582.01,434006.1433333333
16,0,55.78,3.735,192.8470612,6.339,2011,6,23,4,0,531080.31,444718.68,410406.95,455400.7825,440137.4733333334
16,0,58.34,3.697,192.9034759,6.339,2011,6,24,4,0,600952.06,531080.31,435397.19,503037.06000000006,448769.0208333333
16,0,54.36,3.661,192.9982655,6.339,2011,6,25,4,0,581546.23,600952.06,444718.68,539574.3200000001,458457.9000000001
16,0,63.59,3.597,193.0930552,6.338,2011,7,26,4,0,569105.03,581546.23,531080.31,570670.9075,467570.31
16,0,65.0,3.54,193.1878448,6.338,2011,7,27,4,0,608737.56,569105.03,600952.06,590085.22,481692.065
16,0,65.16,3.532,193.3125484,6.338,2011,7,28,4,0,634634.66,608737.56,581546.23,598505.87,498923.68333333335
16,0,65.36,3.545,193.5120367,6.338,2011,7,29,4,0,586841.77,634634.66,569105.03,599829.755,517110.4975
16,0,66.84,3.547,193.711525,6.338,2011,7,30,4,0,581758.22,586841.77,608737.56,602993.0525,534081.9900000001
16,0,63.96,3.554,193.9110133,6.338,2011,8,31,4,0,582381.95,581758.22,634634.66,596404.15,547296.7175
16,0,67.09,3.542,194.1105017,6.338,2011,8,32,4,0,592981.33,582381.95,586841.77,585990.8175,562511.2491666666
16,0,68.83,3.499,194.2500634,6.338,2011,8,33,4,0,563884.47,592981.33,581758.22,580251.4924999999,573218.5225
16,0,67.51,3.485,194.3796374,6.338,2011,8,34,4,0,554630.42,563884.47,582381.95,573469.5425,582377.8341666666
16,0,63.44,3.511,194.5092113,6.338,2011,9,35,4,0,557312.01,554630.42,592981.33,567202.0575,584563.8091666667
16,1,56.99,3.566,194.6387853,6.338,2011,9,36,4,0,580805.33,557312.01,563884.47,564158.0575,582884.915
16,0,53.68,3.596,194.7419707,6.338,2011,9,37,4,0,574622.56,580805.33,554630.42,566842.5800000001,582307.9425
16,0,50.39,3.581,194.8099713,6.338,2011,9,38,4,0,539081.09,574622.56,557312.01,562955.2475,579805.9475
16,0,57.61,3.538,194.8779718,6.338,2011,9,39,4,0,504856.97,539081.09,580805.33,549841.4875,571149.2316666666
16,0,48.91,3.498,194.9459724,6.232,2011,10,40,4,0,450075.31,504856.97,574622.56,517158.9825,555769.2858333333
16,0,39.97,3.491,195.0261012,6.232,2011,10,41,4,0,482926.93,450075.31,539081.09,494235.075,547109.7158333333
16,0,46.99,3.548,195.1789994,6.232,2011,10,42,4,0,498241.06,482926.93,504856.97,484025.0675,540149.9525
16,0,41.97,3.55,195.3318977,6.232,2011,10,43,4,0,560104.16,498241.06,450075.31,497836.865,538293.4700000001
16,0,33.43,3.527,195.4847959,6.232,2011,11,44,4,0,505918.21,560104.16,482926.93,511797.58999999997,531038.2100000001
16,0,29.56,3.505,195.6376941,6.232,2011,11,45,4,0,511059.95,505918.21,498241.06,518830.845,526636.1666666666
16,0,31.73,3.479,195.7184713,6.232,2011,11,46,4,0,513181.31,511059.95,560104.16,522565.9075,523182.0741666667
16,1,31.39,3.424,195.7704,6.232,2011,11,47,4,0,480353.64,513181.31,505918.21,502628.2775,516768.87666666665
16,0,27.83,3.378,195.8223287,6.232,2011,12,48,4,0,712422.4,480353.64,511059.95,554254.325,527736.9658333333
16,0,14.44,3.331,195.8742575,6.232,2011,12,49,4,0,530492.84,712422.4,513181.31,559112.5475,524059.4891666667
16,0,22.5,3.266,195.9841685,6.232,2011,12,50,4,0,574798.86,530492.84,480353.64,574516.935,527035.9700000001
16,0,20.79,3.173,196.1713893,6.232,2011,12,51,4,0,679481.9,574798.86,712422.4,624299.0,541588.0475
16,1,23.91,3.119,196.3586101,6.232,2011,12,52,4,0,950691.96,679481.9,530492.84,683866.39,583306.1016666667
16,0,26.49,3.095,196.5458309,6.162,2012,1,1,4,0,665861.06,950691.96,574798.86,717708.4450000001,598550.6125
16,0,19.55,3.077,196.7330517,6.162,2012,1,2,4,0,564538.07,665861.06,679481.9,715143.2474999999,604075.3633333333
16,0,29.3,3.055,196.7796652,6.162,2012,1,3,4,0,508520.09,564538.07,950691.96,672402.7949999999,599776.6908333333
16,0,28.17,3.038,196.8262786,6.162,2012,1,4,4,0,474389.75,508520.09,665861.06,553327.2424999999,597149.3191666666
16,0,25.53,3.031,196.8728921,6.162,2012,2,5,4,0,453979.19,474389.75,564538.07,500356.77499999997,592392.5891666667
16,1,23.69,3.103,196.9195056,6.162,2012,2,6,4,0,475905.1,453979.19,508520.09,478198.5325,589286.2383333333
16,0,31.19,3.113,196.9432711,6.162,2012,2,7,4,0,473766.97,475905.1,474389.75,469510.25249999994,588737.3491666667
16,0,26.21,3.129,196.9499007,6.162,2012,2,8,4,0,494069.49,473766.97,453979.19,474430.1875,570541.2733333333
16,0,23.4,3.191,196.9565303,6.162,2012,3,9,4,0,495720.3,494069.49,475905.1,484865.46499999997,567643.5616666666
16,0,28.16,3.286,196.9631599,6.162,2012,3,10,4,0,464189.09,495720.3,473766.97,481936.46249999997,558426.0808333334
16,0,38.02,3.486,197.0457208,6.162,2012,3,11,4,0,495951.66,464189.09,494069.49,487482.63499999995,543131.8941666667
16,0,38.7,3.664,197.2295234,6.162,2012,3,12,4,0,520850.71,495951.66,495720.3,494177.93999999994,507311.79000000004
16,0,48.29,3.75,197.4133259,6.162,2012,3,13,4,0,493503.89,520850.71,464189.09,493623.8375,492948.69249999995
16,0,48.93,3.854,197.5971285,6.169,2012,4,14,4,0,485095.41,493503.89,495951.66,498850.4175,486328.4708333334
16,0,45.83,3.901,197.780931,6.169,2012,4,15,4,0,502662.07,485095.41,520850.71,500528.02,485840.30250000005
16,0,43.61,3.936,197.7227385,6.169,2012,4,16,4,0,450756.71,502662.07,493503.89,483004.52,483870.88250000007
16,0,59.69,3.927,197.664546,6.169,2012,4,17,4,0,436221.26,450756.71,485095.41,468683.8625,482391.055
16,0,51.34,3.903,197.6063534,6.169,2012,5,18,4,0,398445.15,436221.26,502662.07,447021.29750000004,475936.05916666664
16,0,53.57,3.87,197.5481609,6.169,2012,5,19,4,0,426959.62,398445.15,450756.71,428095.685,472035.4466666666
16,0,56.74,3.837,197.5553137,6.169,2012,5,20,4,0,479855.0,426959.62,436221.26,435370.2575,470850.9058333333
16,0,57.36,3.804,197.5886046,6.169,2012,5,21,4,0,493506.47,479855.0,398445.15,449691.56,470666.42
16,0,58.97,3.764,197.6218954,6.169,2012,6,22,4,0,518045.09,493506.47,426959.62,479591.545,475154.42
16,0,65.43,3.741,197.6551863,6.169,2012,6,23,4,0,532311.93,518045.09,479855.0,505929.62250000006,478184.44249999995
16,0,65.36,3.723,197.692292,6.169,2012,6,24,4,0,603618.89,532311.93,493506.47,536870.595,485081.79083333333
16,0,70.41,3.735,197.7389345,6.169,2012,6,25,4,0,570045.79,603618.89,518045.09,556005.425,491460.28250000003
16,0,77.31,3.693,197.785577,6.169,2012,6,26,4,0,581745.72,570045.79,532311.93,571930.5825,499514.47500000003
16,0,70.49,3.646,197.8322195,6.061,2012,7,27,4,0,570162.28,581745.72,603618.89,581393.1699999999,505139.4925
16,0,70.29,3.613,197.8788621,6.061,2012,7,28,4,0,641763.53,570162.28,570045.79,590929.3300000001,521056.7275
16,0,68.43,3.585,197.9290378,6.061,2012,7,29,4,0,569005.06,641763.53,581745.72,590669.1475,532122.0441666667
16,0,69.0,3.57,197.9792136,6.061,2012,7,30,4,0,565297.54,569005.06,570162.28,586557.1025,546026.41
16,0,68.59,3.528,198.0293893,6.061,2012,8,31,4,0,539337.87,565297.54,641763.53,578851.0,555391.2641666668
17,0,43.82,2.941,126.3805667,6.635,2010,4,17,4,0,977790.83,757738.76,848521.17,838569.695,802327.0241666668
17,0,40.26,2.948,126.2898,6.635,2010,5,18,4,0,807798.73,977790.83,770228.02,828389.085,803890.5833333334
17,0,47.28,2.962,126.2085484,6.635,2010,5,19,4,0,843848.65,807798.73,757738.76,846794.2424999999,804048.645
17,0,53.94,2.95,126.1843871,6.635,2010,5,20,4,0,813756.09,843848.65,977790.83,860798.5750000001,805135.4858333333
17,0,48.19,2.908,126.1602258,6.635,2010,5,21,4,0,826626.5,813756.09,807798.73,823007.4925,811558.565
17,0,53.79,2.871,126.1360645,6.635,2010,6,22,4,0,872817.62,826626.5,843848.65,839262.2150000001,819018.3625000002
17,0,57.14,2.841,126.1119032,6.635,2010,6,23,4,0,876902.87,872817.62,813756.09,847525.7699999999,828430.1166666667
17,0,54.94,2.819,126.114,6.635,2010,6,24,4,0,845252.21,876902.87,826626.5,855399.7999999999,836198.2575
17,0,62.64,2.82,126.1266,6.635,2010,6,25,4,0,877996.27,845252.21,872817.62,868242.2424999999,843273.1433333334
17,0,68.98,2.814,126.1392,6.697,2010,7,26,4,0,893995.44,877996.27,876902.87,873536.6974999999,847062.6658333334
17,0,62.41,2.802,126.1518,6.697,2010,7,27,4,0,958875.37,893995.44,845252.21,894029.8225,862783.2783333333
17,0,65.66,2.791,126.1498065,6.697,2010,7,28,4,0,836915.92,958875.37,877996.27,891945.75,869381.375
17,0,69.66,2.797,126.1283548,6.697,2010,7,29,4,0,876591.41,836915.92,893995.44,891594.535,860948.0899999999
17,0,69.96,2.797,126.1069032,6.697,2010,7,30,4,0,893504.87,876591.41,958875.37,891471.8925000001,868090.2683333334
17,0,70.53,2.802,126.0854516,6.697,2010,8,31,4,0,833517.19,893504.87,836915.92,860132.3475,867229.3133333334
17,0,65.17,2.837,126.064,6.697,2010,8,32,4,0,795301.17,833517.19,876591.41,849728.66,865691.4033333333
17,0,67.04,2.85,126.0766452,6.697,2010,8,33,4,0,759995.18,795301.17,893504.87,820579.6025,860138.7933333333
17,0,65.03,2.854,126.0892903,6.697,2010,8,34,4,0,783929.7,759995.18,833517.19,793185.8099999999,852731.4666666667
17,0,57.86,2.868,126.1019355,6.697,2010,9,35,4,0,802583.89,783929.7,795301.17,785452.485,846538.2183333334
17,1,56.28,2.87,126.1145806,6.697,2010,9,36,4,0,834373.73,802583.89,759995.18,795220.625,845631.6783333332
17,0,58.53,2.875,126.1454667,6.697,2010,9,37,4,0,1200888.28,834373.73,783929.7,905443.8999999999,872539.3458333333
17,0,58.39,2.872,126.1900333,6.697,2010,9,38,4,0,871264.25,1200888.28,802583.89,927277.5375000001,870645.0800000001
17,0,60.07,2.853,126.2346,6.885,2010,10,39,4,0,852876.29,871264.25,834373.73,939850.6375,861811.8233333332
17,0,58.06,2.841,126.2791667,6.885,2010,10,40,4,0,829207.27,852876.29,1200888.28,938559.0225,861169.4358333332
17,0,47.35,2.845,126.3266774,6.885,2010,10,41,4,0,827738.06,829207.27,871264.25,845271.4675,857098.3233333334
17,0,47.95,2.849,126.3815484,6.885,2010,10,42,4,0,838297.32,827738.06,852876.29,837029.735,852497.6941666667
17,0,39.87,2.841,126.4364194,6.885,2010,10,43,4,0,815093.76,838297.32,829207.27,827584.1025,850962.4083333333
17,0,42.54,2.831,126.4912903,6.885,2010,11,44,4,0,861941.25,815093.76,827738.06,835767.5974999999,856515.7483333334
17,0,36.32,2.831,126.5461613,6.885,2010,11,45,4,0,818434.49,861941.25,838297.32,833441.7050000001,861385.6908333334
17,0,36.31,2.842,126.6072,6.885,2010,11,46,4,0,855459.96,818434.49,815093.76,837732.365,867346.5458333333
17,1,19.03,2.83,126.6692667,6.885,2010,11,47,4,0,782252.57,855459.96,861941.25,829522.0675,865652.2691666667
17,0,22.47,2.812,126.7313333,6.885,2010,12,48,4,0,1005448.76,782252.57,818434.49,865398.9450000001,879908.5216666666
17,0,31.64,2.817,126.7934,6.885,2010,12,49,4,0,926573.81,1005448.76,855459.96,892433.7749999999,857048.9824999999
17,0,25.13,2.842,126.8794839,6.885,2010,12,50,4,0,962475.55,926573.81,782252.57,919187.6725,864649.9241666667
17,0,26.58,2.846,126.9835806,6.885,2010,12,51,4,0,1049372.38,962475.55,1005448.76,985967.625,881024.5983333333
17,1,20.79,2.868,127.0876774,6.885,2010,12,52,4,0,1309226.79,1049372.38,926573.81,1061912.1325,921026.2250000001
17,0,6.23,2.891,127.1917742,6.866,2011,1,1,4,0,635862.55,1309226.79,962475.55,989234.3174999999,905036.5991666666
17,0,16.57,2.903,127.3009355,6.866,2011,1,2,4,0,1083071.14,635862.55,1049372.38,1019383.215,925434.4175
17,0,26.62,2.934,127.4404839,6.866,2011,1,3,4,0,758510.36,1083071.14,1309226.79,946667.71,920719.1341666667
17,0,22.16,2.96,127.5800323,6.866,2011,1,4,4,0,755804.37,758510.36,635862.55,808312.105,911874.3941666667
17,0,11.29,2.974,127.7195806,6.866,2011,2,5,4,0,736335.69,755804.37,1083071.14,833430.39,905032.8275
17,1,14.19,3.034,127.859129,6.866,2011,2,6,4,0,816603.05,736335.69,758510.36,766813.3674999999,901794.7516666668
17,0,26.86,3.062,127.99525,6.866,2011,2,7,4,0,813211.46,816603.05,755804.37,780488.6425000001,904374.6591666667
17,0,24.36,3.12,128.13,6.866,2011,2,8,4,0,860962.91,813211.46,736335.69,806778.2775,892334.1716666667
17,0,24.21,3.23,128.26475,6.866,2011,3,9,4,0,767256.53,860962.91,816603.05,814508.4875,879057.7316666666
17,0,32.42,3.346,128.3995,6.866,2011,3,10,4,0,816138.33,767256.53,813211.46,814392.3075000001,866862.9633333333
17,0,34.48,3.407,128.5121935,6.866,2011,3,11,4,0,779602.36,816138.33,860962.91,805990.0325000001,844382.1283333334
17,0,36.71,3.435,128.6160645,6.866,2011,3,12,4,0,778436.81,779602.36,767256.53,785358.5075000001,800149.6299999999
17,0,39.38,3.487,128.7199355,6.774,2011,4,13,4,0,781267.76,778436.81,816138.33,788861.315,812266.7308333335
17,0,39.16,3.547,128.8238065,6.774,2011,4,14,4,0,795859.23,781267.76,779602.36,783791.5399999999,788332.4049999999
17,0,39.98,3.616,128.9107333,6.774,2011,4,15,4,0,811855.72,795859.23,778436.81,791854.88,792777.8516666667
17,0,42.24,3.655,128.9553,6.774,2011,4,16,4,0,825283.43,811855.72,781267.76,803566.5349999999,798567.7733333333
17,0,40.14,3.683,128.9998667,6.774,2011,4,17,4,0,1060770.11,825283.43,795859.23,873442.1225,825603.975
17,0,45.66,3.744,129.0444333,6.774,2011,5,18,4,0,806979.15,1060770.11,811855.72,876222.1025,824801.9833333333
17,0,49.26,3.77,129.089,6.774,2011,5,19,4,0,882132.28,806979.15,825283.43,893791.2425,830545.3850000001
17,0,51.93,3.802,129.0756774,6.774,2011,5,20,4,0,870625.49,882132.28,1060770.11,905126.7575,831350.6000000001
17,0,51.04,3.778,129.0623548,6.774,2011,5,21,4,0,844443.35,870625.49,806979.15,851045.0675,837782.8350000001
17,0,49.61,3.752,129.0490323,6.774,2011,6,22,4,0,892056.64,844443.35,882132.28,872314.4400000001,844109.3608333333
17,0,54.57,3.732,129.0357097,6.774,2011,6,23,4,0,895020.48,892056.64,870625.49,875536.49,853727.5375
17,0,56.61,3.704,129.0432,6.774,2011,6,24,4,0,881190.46,895020.48,844443.35,878177.7325,862290.3416666668
17,0,60.99,3.668,129.0663,6.774,2011,6,25,4,0,894686.67,881190.46,892056.64,890738.5625,871741.9175
17,0,67.39,3.613,129.0894,6.745,2011,7,26,4,0,920719.98,894686.67,895020.48,897904.3975,882146.9800000001
17,0,70.6,3.563,129.1125,6.745,2011,7,27,4,0,940554.34,920719.98,881190.46,909287.8624999999,892871.8650000001
17,0,67.93,3.553,129.1338387,6.745,2011,7,28,4,0,915064.22,940554.34,894686.67,917756.3025,900353.5975
17,0,69.82,3.563,129.1507742,6.745,2011,7,29,4,0,902727.76,915064.22,920719.98,919766.575,887183.4016666665
17,0,68.59,3.574,129.1677097,6.745,2011,7,30,4,0,899044.34,902727.76,940554.34,914347.665,894855.5008333334
17,0,65.71,3.595,129.1846452,6.745,2011,8,31,4,0,861894.77,899044.34,915064.22,894682.7725,893169.0416666666
17,0,64.79,3.606,129.2015806,6.745,2011,8,32,4,0,866184.92,861894.77,902727.76,882462.9475,892798.9941666666
17,0,67.59,3.578,129.2405806,6.745,2011,8,33,4,0,800819.79,866184.92,899044.34,856985.9550000001,889163.6974999999
17,0,72.04,3.57,129.2832581,6.745,2011,8,34,4,0,797523.04,800819.79,861894.77,831605.6300000001,881285.8975000001
17,0,69.31,3.58,129.3259355,6.745,2011,9,35,4,0,837390.79,797523.04,866184.92,825479.635,876483.4233333333
17,1,61.94,3.619,129.3686129,6.745,2011,9,36,4,0,847380.07,837390.79,800819.79,820778.4225,873665.8908333333
17,0,61.48,3.641,129.4306,6.745,2011,9,37,4,0,1161900.18,847380.07,797523.04,911048.52,895933.6833333332
17,0,56.96,3.648,129.5183333,6.745,2011,9,38,4,0,1051116.95,1161900.18,837390.79,974446.9974999999,906800.0974999998
17,0,61.4,3.623,129.6060667,6.745,2011,9,39,4,0,895535.31,1051116.95,847380.07,988983.1275,903048.5116666666
17,0,54.4,3.592,129.6938,6.617,2011,10,40,4,0,868191.05,895535.31,1161900.18,994185.8725,899142.4141666667
17,0,47.69,3.567,129.7706452,6.617,2011,10,41,4,0,918006.9,868191.05,1051116.95,933212.5525000001,900415.6758333334
17,0,47.27,3.579,129.7821613,6.617,2011,10,42,4,0,884042.63,918006.9,895535.31,891443.9725,899165.5333333333
17,0,41.89,3.567,129.7936774,6.617,2011,10,43,4,0,877380.22,884042.63,868191.05,886905.2,900455.9874999999
17,0,37.52,3.538,129.8051935,6.617,2011,11,44,4,0,936508.43,877380.22,918006.9,903984.545,906316.2799999999
17,0,27.61,3.513,129.8167097,6.617,2011,11,45,4,0,927657.63,936508.43,884042.63,906397.2275,916886.1000000001
17,0,32.93,3.489,129.8268333,6.617,2011,11,46,4,0,914759.2,927657.63,877380.22,914076.37,926655.7799999999
17,1,32.81,3.445,129.8364,6.617,2011,11,47,4,0,877724.31,914759.2,936508.43,914162.3925,930016.9066666667
17,0,26.47,3.389,129.8459667,6.617,2011,12,48,4,0,1225700.28,877724.31,927657.63,986460.355,961543.5908333333
17,0,17.56,3.341,129.8555333,6.617,2011,12,49,4,0,945267.68,1225700.28,914759.2,990862.8675,943490.8825
17,0,21.07,3.282,129.8980645,6.617,2011,12,50,4,0,976522.93,945267.68,877724.31,1006303.8,937274.7141666667
17,0,18.76,3.186,129.9845484,6.617,2011,12,51,4,0,1067754.06,976522.93,1225700.28,1053811.2375,951626.2766666667
17,1,26.73,3.119,130.0710323,6.617,2011,12,52,4,0,1289156.9,1067754.06,945267.68,1069675.3925,986706.7641666667
17,0,27.64,3.08,130.1575161,6.403,2012,1,1,4,0,777207.3,1289156.9,976522.93,1027660.2975000001,974973.4641666667
17,0,20.28,3.056,130.244,6.403,2012,1,2,4,0,1198104.22,777207.3,1067754.06,1083055.62,1001145.2633333333
17,0,27.26,3.047,130.2792258,6.403,2012,1,3,4,0,873576.96,1198104.22,1289156.9,1034511.345,1000828.3250000001
17,0,29.99,3.058,130.3144516,6.403,2012,1,4,4,0,809272.65,873576.96,777207.3,914540.2825,990225.3433333334
17,0,26.26,3.077,130.3496774,6.403,2012,2,5,4,0,769522.33,809272.65,1198104.22,912619.04,977047.4016666667
17,1,23.63,3.116,130.3849032,6.403,2012,2,6,4,0,864852.85,769522.33,873576.96,829306.1975,972888.5391666667
17,0,30.76,3.119,130.4546207,6.403,2012,2,7,4,0,880165.7,864852.85,809272.65,830953.3825,973091.9883333333
17,0,30.01,3.145,130.5502069,6.403,2012,2,8,4,0,927084.65,880165.7,769522.33,860406.3825000001,948207.3525
17,0,26.28,3.242,130.6457931,6.403,2012,3,9,4,0,843864.43,927084.65,864852.85,878991.9075,939757.0816666667
17,0,32.02,3.38,130.7413793,6.403,2012,3,10,4,0,856178.47,843864.43,880165.7,876823.3125,929728.3766666668
17,0,43.69,3.529,130.8261935,6.403,2012,3,11,4,0,860224.98,856178.47,927084.65,871838.1325000001,912434.2866666666
17,0,40.69,3.671,130.8966452,6.403,2012,3,12,4,0,853136.46,860224.98,843864.43,853351.085,876099.25
17,0,45.29,3.734,130.9670968,6.403,2012,3,13,4,0,851762.28,853136.46,856178.47,855325.5475,882312.1649999999
17,0,43.92,3.793,131.0375484,6.235,2012,4,14,4,0,872469.03,851762.28,860224.98,859398.1875,855175.8991666668
17,0,46.94,3.833,131.108,6.235,2012,4,15,4,0,986922.62,872469.03,853136.46,891072.5974999999,864621.3708333332
17,0,47.69,3.845,131.1173333,6.235,2012,4,16,4,0,877055.32,986922.62,851762.28,897052.3125,870269.9266666666
17,0,59.11,3.842,131.1266667,6.235,2012,4,17,4,0,1119979.98,877055.32,872469.03,964106.7375,899474.7308333333
17,0,48.86,3.831,131.136,6.235,2012,5,18,4,0,925916.65,1119979.98,986922.62,977468.6425,904563.3808333334
17,0,49.96,3.809,131.1453333,6.235,2012,5,19,4,0,930121.14,925916.65,877055.32,963268.2725000001,908726.3341666666
17,0,59.67,3.808,131.0983226,6.235,2012,5,20,4,0,944100.3,930121.14,1119979.98,980029.5175000001,910144.305
17,0,55.69,3.801,131.0287742,6.235,2012,5,21,4,0,968816.33,944100.3,925916.65,942238.605,920556.9633333334
17,0,54.13,3.788,130.9592258,6.235,2012,6,22,4,0,984881.59,968816.33,930121.14,956979.8400000001,931282.2233333333
17,0,60.51,3.776,130.8896774,6.235,2012,6,23,4,0,938914.28,984881.59,944100.3,959178.125,937839.665
17,0,56.67,3.756,130.8295333,6.235,2012,6,24,4,0,987990.24,938914.28,968816.33,970150.6100000001,949077.48
17,0,62.9,3.737,130.7929,6.235,2012,6,25,4,0,964169.67,987990.24,984881.59,968988.9450000001,958444.7625000001
17,0,71.14,3.681,130.7562667,6.235,2012,6,26,4,0,981210.57,964169.67,938914.28,968071.1900000001,967506.5575
17,0,68.91,3.63,130.7196333,5.936,2012,7,27,4,0,982322.24,981210.57,987990.24,978923.1799999999,967123.1925
17,0,72.94,3.595,130.683,5.936,2012,7,28,4,0,1046782.52,982322.24,964169.67,993621.25,981267.1258333334
17,0,70.59,3.556,130.7012903,5.936,2012,7,29,4,0,960746.04,1046782.52,981210.57,992765.3425,967997.6308333334
17,0,74.2,3.537,130.7195806,5.936,2012,7,30,4,0,944698.7,960746.04,982322.24,983637.375,969562.8016666666
17,0,72.94,3.512,130.737871,5.936,2012,8,31,4,0,907493.24,944698.7,1046782.52,964930.125,967677.1433333334
18,0,51.12,2.935,132.0644333,9.269,2010,4,17,4,0,1132433.55,1135577.62,1254107.84,1174141.6400000001,1150610.5008333332
18,0,65.64,2.981,132.1062,9.269,2010,5,18,4,0,1060446.16,1132433.55,1174447.55,1125726.22,1138538.7225
18,0,49.9,2.983,132.152129,9.269,2010,5,19,4,0,1222255.47,1060446.16,1135577.62,1137678.2000000002,1141403.2866666669
18,0,60.27,2.961,132.2230323,9.269,2010,5,20,4,0,1092616.49,1222255.47,1132433.55,1126937.9175,1136566.0425
18,0,69.12,2.906,132.2939355,9.269,2010,5,21,4,0,1101621.36,1092616.49,1060446.16,1119234.87,1139354.7016666667
18,0,70.28,2.857,132.3648387,9.269,2010,6,22,4,0,1256282.79,1101621.36,1222255.47,1168194.0274999999,1145733.3925
18,0,64.08,2.83,132.4357419,9.269,2010,6,23,4,0,1271311.76,1256282.79,1092616.49,1180458.1,1156776.0125
18,0,65.96,2.805,132.4733333,9.269,2010,6,24,4,0,1173521.82,1271311.76,1101621.36,1200684.4325,1163943.875
18,0,74.04,2.81,132.4976,9.269,2010,6,25,4,0,1183225.92,1173521.82,1256282.79,1221085.5725,1171487.3608333333
18,0,71.22,2.815,132.5218667,9.342,2010,7,26,4,0,1220983.17,1183225.92,1271311.76,1212260.6675,1168726.9716666667
18,0,79.75,2.806,132.5461333,9.342,2010,7,27,4,0,1257928.35,1220983.17,1173521.82,1208914.815,1175683.705
18,0,76.9,2.796,132.5667742,9.342,2010,7,28,4,0,1171391.41,1257928.35,1183225.92,1208382.2125,1178668.1875
18,0,75.71,2.784,132.5825806,9.342,2010,7,29,4,0,1115514.61,1171391.41,1220983.17,1191454.385,1177258.2758333334
18,0,75.79,2.792,132.5983871,9.342,2010,7,30,4,0,1032908.23,1115514.61,1257928.35,1144435.65,1174963.4483333332
18,0,73.67,2.792,132.6141935,9.342,2010,8,31,4,0,1078557.62,1032908.23,1171391.41,1099592.9675,1162988.6275000002
18,0,74.19,2.81,132.63,9.342,2010,8,32,4,0,1166117.85,1078557.62,1115514.61,1098274.5775000001,1169113.7408333335
18,0,71.76,2.796,132.6616129,9.342,2010,8,33,4,0,1084722.78,1166117.85,1032908.23,1090576.62,1167705.5258333334
18,0,67.05,2.77,132.6932258,9.342,2010,8,34,4,0,1141860.67,1084722.78,1078557.62,1117814.73,1158170.3491666669
18,0,75.42,2.735,132.7248387,9.342,2010,9,35,4,0,1214302.76,1141860.67,1166117.85,1151751.0150000001,1153419.5991666669
18,1,67.09,2.717,132.7564516,9.342,2010,9,36,4,0,1187359.77,1214302.76,1084722.78,1157061.495,1154572.7616666667
18,0,60.94,2.716,132.7670667,9.342,2010,9,37,4,0,1011201.12,1187359.77,1141860.67,1138681.0799999998,1140237.3616666666
18,0,64.82,2.718,132.7619333,9.342,2010,9,38,4,0,997998.21,1011201.12,1214302.76,1102715.4649999999,1121655.2816666667
18,0,67.76,2.717,132.7568,9.331,2010,10,39,4,0,950862.92,997998.21,1187359.77,1036855.505,1096066.4958333333
18,0,54.73,2.776,132.7516667,9.331,2010,10,40,4,0,948977.5,950862.92,1011201.12,977259.9375,1077532.0033333334
18,0,52.02,2.878,132.7633548,9.331,2010,10,41,4,0,1107432.71,948977.5,997998.21,1001317.835,1076858.5116666667
18,0,47.12,2.919,132.8170968,9.331,2010,10,42,4,0,1029618.1,1107432.71,950862.92,1009222.8075,1076584.3341666667
18,0,55.85,2.938,132.8708387,9.331,2010,10,43,4,0,1052120.43,1029618.1,948977.5,1034537.1849999999,1074381.235
18,0,42.05,2.938,132.9245806,9.331,2010,11,44,4,0,1038576.54,1052120.43,1107432.71,1056936.9449999998,1063752.7925
18,0,43.17,2.961,132.9783226,9.331,2010,11,45,4,0,1089530.94,1038576.54,1029618.1,1052461.5025,1064153.4725
18,0,45.26,3.03,132.9172,9.331,2010,11,46,4,0,1081322.12,1089530.94,1052120.43,1065387.5074999998,1059108.5933333333
18,1,40.81,3.07,132.8369333,9.331,2010,11,47,4,0,1045722.37,1081322.12,1038576.54,1063787.9925,1045060.2274999999
18,0,37.09,3.065,132.7566667,9.331,2010,12,48,4,0,1653759.36,1045722.37,1089530.94,1217583.6975,1083926.86
18,0,25.64,3.132,132.6764,9.331,2010,12,49,4,0,1211026.13,1653759.36,1081322.12,1247957.495,1100578.9441666666
18,0,27.4,3.139,132.6804516,9.331,2010,12,50,4,0,1416168.98,1211026.13,1045722.37,1331669.21,1135426.5083333333
18,0,28.16,3.15,132.7477419,9.331,2010,12,51,4,0,1588430.71,1416168.98,1653759.36,1467346.295,1188557.1575
18,1,26.1,3.177,132.8150323,9.331,2010,12,52,4,0,2027507.15,1588430.71,1211026.13,1560783.2425000002,1278434.6283333332
18,0,30.1,3.193,132.8823226,9.131,2011,1,1,4,0,887907.01,2027507.15,1416168.98,1480003.4625,1260140.8199999998
18,0,22.69,3.215,132.9510645,9.131,2011,1,2,4,0,933960.3,887907.01,1588430.71,1359451.2925,1252169.3366666667
18,0,22.55,3.232,133.0285161,9.131,2011,1,3,4,0,777175.28,933960.3,2027507.15,1156637.435,1229257.2408333332
18,0,14.84,3.243,133.1059677,9.131,2011,1,4,4,0,891148.55,777175.28,887907.01,872547.785,1216971.575
18,0,20.79,3.24,133.1834194,9.131,2011,2,5,4,0,849540.85,891148.55,933960.3,862956.245,1196972.4008333334
18,1,24.3,3.255,133.260871,9.131,2011,2,6,4,0,1055841.24,849540.85,777175.28,893426.48,1194848.9941666666
18,0,31.59,3.263,133.3701429,9.131,2011,2,7,4,0,1122053.58,1055841.24,891148.55,979646.0549999999,1201209.9283333335
18,0,26.15,3.281,133.4921429,9.131,2011,2,8,4,0,1095058.57,1122053.58,849540.85,1030623.56,1154651.5291666666
18,0,28.49,3.437,133.6141429,9.131,2011,3,9,4,0,1005983.31,1095058.57,1055841.24,1069734.175,1137564.6275000002
18,0,38.4,3.6,133.7361429,9.131,2011,3,10,4,0,1063310.62,1005983.31,1122053.58,1071601.52,1108159.7641666667
18,0,41.12,3.634,133.8492258,9.131,2011,3,11,4,0,1002714.25,1063310.62,1095058.57,1041766.6875,1059350.0591666668
18,0,36.65,3.624,133.9587419,9.131,2011,3,12,4,0,945889.59,1002714.25,1005983.31,1004474.4425,969215.2625000001
18,0,35.06,3.638,134.0682581,8.975,2011,4,13,4,0,944523.3,945889.59,1063310.62,989109.44,973933.2866666667
18,0,43.32,3.72,134.1777742,8.975,2011,4,14,4,0,938083.17,944523.3,1002714.25,957802.5774999999,974276.8591666667
18,0,49.91,3.823,134.2784667,8.975,2011,4,15,4,0,1018541.3,938083.17,945889.59,961759.34,994390.6941666668
18,0,45.99,3.919,134.3571,8.975,2011,4,16,4,0,988157.72,1018541.3,944523.3,972326.3725,1002474.7916666666
18,0,58.82,3.988,134.4357333,8.975,2011,4,17,4,0,1105860.06,988157.72,938083.17,1012660.5625,1023834.7258333334
18,0,54.17,4.078,134.5143667,8.975,2011,5,18,4,0,974114.39,1105860.06,1018541.3,1021668.3675,1017024.1550000001
18,0,58.48,4.095,134.593,8.975,2011,5,19,4,0,1065427.37,974114.39,988157.72,1033389.885,1012305.3041666667
18,0,57.55,4.101,134.6803871,8.975,2011,5,20,4,0,993172.98,1065427.37,1105860.06,1034643.7000000001,1003814.8383333334
18,0,64.6,4.034,134.7677742,8.975,2011,5,21,4,0,994610.43,993172.98,974114.39,1006831.2925000001,1002867.0983333333
18,0,70.9,3.973,134.8551613,8.975,2011,6,22,4,0,1065214.14,994610.43,1065427.37,1029606.23,1003025.725
18,0,69.49,3.924,134.9425484,8.975,2011,6,23,4,0,1178039.0,1065214.14,993172.98,1057759.1375,1017636.1208333332
18,0,63.23,3.873,135.0837333,8.975,2011,6,24,4,0,1044079.2,1178039.0,994610.43,1070485.6925,1025818.5883333334
18,0,67.41,3.851,135.2652667,8.975,2011,6,25,4,0,1045859.39,1044079.2,1065214.14,1083297.9324999999,1034263.2625000001
18,0,69.75,3.815,135.4468,8.89,2011,7,26,4,0,1056478.65,1045859.39,1178039.0,1081114.06,1044129.5524999999
18,0,73.12,3.784,135.6283333,8.89,2011,7,27,4,0,1087051.26,1056478.65,1044079.2,1058367.125,1049838.715833333
18,0,74.36,3.827,135.7837419,8.89,2011,7,28,4,0,1048802.62,1087051.26,1045859.39,1059547.98,1054892.4575
18,0,78.68,3.882,135.8738387,8.89,2011,7,29,4,0,974916.13,1048802.62,1056478.65,1041812.165,1043980.4633333333
18,0,73.85,3.898,135.9639355,8.89,2011,7,30,4,0,991262.46,974916.13,1087051.26,1025508.1175,1045409.4691666666
18,0,74.58,3.903,136.0540323,8.89,2011,8,31,4,0,954148.64,991262.46,1048802.62,992282.4624999999,1036136.2416666667
18,0,73.57,3.88,136.144129,8.89,2011,8,32,4,0,1002806.39,954148.64,974916.13,980783.4049999999,1036939.0258333333
18,0,69.24,3.82,136.183129,8.89,2011,8,33,4,0,928470.83,1002806.39,991262.46,969172.08,1031427.3925
18,0,70.32,3.796,136.2136129,8.89,2011,8,34,4,0,932679.79,928470.83,954148.64,954526.4125,1020382.8633333334
18,0,68.23,3.784,136.2440968,8.89,2011,9,35,4,0,1147906.46,932679.79,1002806.39,1002965.8674999999,1017871.8183333332
18,1,68.11,3.809,136.2745806,8.89,2011,9,36,4,0,540922.94,1147906.46,928470.83,887495.005,975942.1299999999
18,0,66.23,3.809,136.3145,8.89,2011,9,37,4,0,951549.61,540922.94,932679.79,893264.7,968082.9816666666
18,0,60.44,3.758,136.367,8.89,2011,9,38,4,0,845715.37,951549.61,1147906.46,871523.595,950519.375
18,0,69.01,3.684,136.4195,8.89,2011,9,39,4,0,853073.17,845715.37,540922.94,797815.2725,931021.2008333333
18,0,54.65,3.633,136.472,8.471,2011,10,40,4,0,847348.08,853073.17,951549.61,874421.5575,914233.3224999999
18,0,60.26,3.583,136.5150968,8.471,2011,10,41,4,0,1019741.1,847348.08,845715.37,891469.43,917968.7366666667
18,0,55.83,3.618,136.5017742,8.471,2011,10,42,4,0,953533.95,1019741.1,853073.17,918424.075,914824.6941666667
18,0,45.61,3.604,136.4884516,8.471,2011,10,43,4,0,1048212.62,953533.95,847348.08,967208.9375,922663.3591666665
18,0,38.29,3.586,136.475129,8.471,2011,11,44,4,0,1106642.63,1048212.62,1019741.1,1032032.575,931316.3791666668
18,0,45.69,3.57,136.4618065,8.471,2011,11,45,4,0,1100625.06,1106642.63,953533.95,1052253.565,945662.5650000001
18,0,47.88,3.571,136.4666667,8.471,2011,11,46,4,0,1079931.63,1100625.06,1048212.62,1083852.9849999999,957933.5516666666
18,1,41.97,3.536,136.4788,8.471,2011,11,47,4,0,1056992.18,1079931.63,1106642.63,1086047.875,950357.3616666667
18,0,46.25,3.501,136.4909333,8.471,2011,12,48,4,0,1624170.99,1056992.18,1100625.06,1215429.9649999999,1040628.0324999999
18,0,42.36,3.47,136.5030667,8.471,2011,12,49,4,0,1188047.61,1624170.99,1079931.63,1237285.6025,1060336.1991666665
18,0,35.52,3.445,136.5335161,8.471,2011,12,50,4,0,1368471.23,1188047.61,1056992.18,1309420.5025,1103899.1875
18,0,35.78,3.413,136.5883871,8.471,2011,12,51,4,0,1516924.23,1368471.23,1624170.99,1424403.5150000001,1159220.1091666666
18,1,32.36,3.402,136.6432581,8.471,2011,12,52,4,0,1882393.4,1516924.23,1188047.61,1488959.1175,1245473.8858333335
18,0,31.27,3.439,136.698129,8.075,2012,1,1,4,0,1010562.49,1882393.4,1368471.23,1444587.8375,1244709.0016666667
18,0,35.25,3.523,136.753,8.075,2012,1,2,4,0,977286.07,1010562.49,1516924.23,1346791.5475,1246688.345
18,0,24.2,3.542,136.8564194,8.075,2012,1,3,4,0,890130.25,977286.07,1882393.4,1190093.0525,1233514.8141666667
18,0,30.44,3.568,136.9598387,8.075,2012,1,4,4,0,937522.77,890130.25,1010562.49,953875.395,1219421.4925
18,0,37.62,3.633,137.0632581,8.075,2012,2,5,4,0,825584.22,937522.77,977286.07,907630.8275,1196501.4225
18,1,32.83,3.655,137.1666774,8.075,2012,2,6,4,0,1049772.04,825584.22,890130.25,925752.3200000001,1193988.1233333333
18,0,32.87,3.703,137.2583103,8.075,2012,2,7,4,0,1161615.51,1049772.04,937522.77,993623.635,1202706.7341666666
18,0,36.34,3.751,137.3411034,8.075,2012,2,8,4,0,1115985.81,1161615.51,825584.22,1038239.395,1160357.9691666667
18,0,33.59,3.827,137.4238966,8.075,2012,3,9,4,0,1037861.11,1115985.81,1049772.04,1091308.6175,1147842.4275
18,0,38.1,3.876,137.5066897,8.075,2012,3,10,4,0,1047178.91,1037861.11,1161615.51,1090660.335,1121068.0675000001
18,0,45.84,3.867,137.5843871,8.075,2012,3,11,4,0,1084894.47,1047178.91,1115985.81,1071480.0750000002,1085065.5875000001
18,0,58.06,3.889,137.6552903,8.075,2012,3,12,4,0,1022018.43,1084894.47,1037861.11,1047988.23,1013367.6733333333
18,0,45.35,3.921,137.7261935,8.075,2012,3,13,4,0,1031139.3,1022018.43,1047178.91,1046307.7775,1015082.4074999999
18,0,43.8,3.957,137.7970968,8.304,2012,4,14,4,0,1009121.2,1031139.3,1084894.47,1036793.3500000001,1017735.3350000001
18,0,47.75,4.025,137.868,8.304,2012,4,15,4,0,1200815.3,1009121.2,1022018.43,1065773.5575,1043625.7558333334
18,0,60.88,4.046,137.9230667,8.304,2012,4,16,4,0,998443.5,1200815.3,1031139.3,1059879.825,1048702.4833333332
18,0,50.43,4.023,137.9781333,8.304,2012,4,17,4,0,1025813.8,998443.5,1009121.2,1058548.45,1065388.2816666667
18,0,49.66,3.991,138.0332,8.304,2012,5,18,4,0,961186.23,1025813.8,1200815.3,1046564.7075,1058006.1308333334
18,0,57.44,3.947,138.0882667,8.304,2012,5,19,4,0,1050027.89,961186.23,998443.5,1008867.855,1048707.1624999999
18,0,62.31,3.899,138.1065806,8.304,2012,5,20,4,0,1060433.1,1050027.89,1025813.8,1024365.255,1044077.7699999999
18,0,65.48,3.85,138.1101935,8.304,2012,5,21,4,0,1047444.59,1060433.1,961186.23,1029772.9524999999,1044876.3933333334
18,0,71.42,3.798,138.1138065,8.304,2012,6,22,4,0,1088446.58,1047444.59,1050027.89,1061588.04,1048315.3658333333
18,0,59.1,3.746,138.1174194,8.304,2012,6,23,4,0,1118313.7,1088446.58,1060433.1,1078659.4925,1051100.3016666668
18,0,66.58,3.683,138.1295333,8.304,2012,6,24,4,0,1110479.94,1118313.7,1047444.59,1091171.2025,1058472.0941666665
18,0,70.92,3.629,138.1629,8.304,2012,6,25,4,0,1057425.83,1110479.94,1088446.58,1093666.5125,1060662.6383333334
18,0,70.17,3.577,138.1962667,8.304,2012,6,26,4,0,1080357.89,1057425.83,1118313.7,1091644.3399999999,1066599.0291666666
18,0,76.08,3.538,138.2296333,8.535,2012,7,27,4,0,1097006.3,1080357.89,1110479.94,1086317.49,1057948.2791666666
18,0,75.09,3.561,138.263,8.535,2012,7,28,4,0,1158247.31,1097006.3,1057425.83,1098259.3325,1071265.2633333334
18,0,77.43,3.61,138.2331935,8.535,2012,7,29,4,0,1024784.92,1158247.31,1080357.89,1090099.105,1071179.5233333332
18,0,72.97,3.701,138.2033871,8.535,2012,7,30,4,0,1033543.56,1024784.92,1097006.3,1078395.5225,1077209.3008333333
18,0,72.67,3.698,138.1735806,8.535,2012,8,31,4,0,924506.26,1033543.56,1158247.31,1035270.5125000001,1066749.165
19,0,49.89,3.042,132.0644333,8.185,2010,4,17,4,0,1456793.33,1460354.67,1642970.27,1512432.8975,1475571.8708333333
19,0,62.54,3.095,132.1062,8.185,2010,5,18,4,0,1405065.57,1456793.33,1489613.32,1452956.7225000001,1467024.2375
19,0,46.53,3.112,132.152129,8.185,2010,5,19,4,0,1566219.77,1405065.57,1460354.67,1472108.335,1469496.7225000001
19,0,57.53,3.096,132.2230323,8.185,2010,5,20,4,0,1437319.45,1566219.77,1456793.33,1466349.53,1462942.0008333332
19,0,68.85,3.046,132.2939355,8.185,2010,5,21,4,0,1377716.17,1437319.45,1405065.57,1446580.24,1463312.51
19,0,68.88,3.006,132.3648387,8.185,2010,6,22,4,0,1648882.62,1377716.17,1566219.77,1507534.5025,1476065.6808333334
19,0,61.64,2.972,132.4357419,8.185,2010,6,23,4,0,1519013.49,1648882.62,1437319.45,1495732.9325,1480326.0383333333
19,0,66.25,2.942,132.4733333,8.185,2010,6,24,4,0,1410683.94,1519013.49,1377716.17,1489074.055,1486804.6708333334
19,0,72.3,2.958,132.4976,8.185,2010,6,25,4,0,1457314.39,1410683.94,1648882.62,1508973.6099999999,1489328.9158333335
19,0,66.25,2.958,132.5218667,8.099,2010,7,26,4,0,1450407.32,1457314.39,1519013.49,1459354.785,1473282.0033333332
19,0,78.22,2.94,132.5461333,8.099,2010,7,27,4,0,1549018.68,1450407.32,1410683.94,1466856.0825,1478232.45
19,0,74.6,2.933,132.5667742,8.099,2010,7,28,4,0,1577541.24,1549018.68,1457314.39,1508570.4075,1487997.9975000003
19,0,74.68,2.924,132.5825806,8.099,2010,7,29,4,0,1412157.02,1577541.24,1450407.32,1497281.0650000002,1484278.305
19,0,72.83,2.932,132.5983871,8.099,2010,7,30,4,0,1372043.71,1412157.02,1549018.68,1477690.1625,1481526.4833333334
19,0,74.2,2.942,132.6141935,8.099,2010,8,31,4,0,1366395.96,1372043.71,1577541.24,1432034.4825000002,1464874.4991666665
19,0,72.71,2.923,132.63,8.099,2010,8,32,4,0,1492060.89,1366395.96,1412157.02,1410664.395,1469436.2858333334
19,0,72.22,2.913,132.6616129,8.099,2010,8,33,4,0,1418027.08,1492060.89,1372043.71,1412131.91,1472795.5283333333
19,0,66.4,2.885,132.6932258,8.099,2010,8,34,4,0,1419383.19,1418027.08,1366395.96,1423966.7799999998,1453670.5758333334
19,0,74.69,2.86,132.7248387,8.099,2010,9,35,4,0,1557888.16,1419383.19,1492060.89,1471839.8299999998,1456910.1316666668
19,1,63.36,2.837,132.7564516,8.099,2010,9,36,4,0,1623519.64,1557888.16,1418027.08,1504704.5175,1474646.4399999997
19,0,58.68,2.846,132.7670667,8.099,2010,9,37,4,0,1591453.39,1623519.64,1419383.19,1548061.095,1485824.6900000002
19,0,63.43,2.837,132.7619333,8.099,2010,9,38,4,0,1386789.31,1591453.39,1557888.16,1539912.6249999998,1480523.1891666667
19,0,59.91,2.84,132.7568,8.067,2010,10,39,4,0,1318343.58,1386789.31,1623519.64,1480026.48,1461300.264166667
19,0,53.74,2.903,132.7516667,8.067,2010,10,40,4,0,1379456.3,1318343.58,1591453.39,1419010.645,1444793.1858333333
19,0,51.32,2.999,132.7633548,8.067,2010,10,41,4,0,1428960.72,1379456.3,1386789.31,1378387.4775,1446193.4941666666
19,0,48.45,3.049,132.8170968,8.067,2010,10,42,4,0,1369317.63,1428960.72,1318343.58,1374019.5575,1445966.320833333
19,0,56.11,3.055,132.8708387,8.067,2010,10,43,4,0,1357154.71,1369317.63,1379456.3,1383722.34,1445196.2166666668
19,0,41.78,3.049,132.9245806,8.067,2010,11,44,4,0,1404576.48,1357154.71,1428960.72,1390002.385,1437905.8491666669
19,0,40.3,3.065,132.9783226,8.067,2010,11,45,4,0,1435379.25,1404576.48,1369317.63,1391607.0175,1439351.8633333333
19,0,44.22,3.138,132.9172,8.067,2010,11,46,4,0,1490235.86,1435379.25,1357154.71,1421836.5750000002,1445256.2525000002
19,1,42.62,3.186,132.8369333,8.067,2010,11,47,4,0,1377593.1,1490235.86,1404576.48,1426946.1725,1430231.6641666666
19,0,36.64,3.2,132.7566667,8.067,2010,12,48,4,0,1993367.83,1377593.1,1435379.25,1574144.01,1461052.3466666667
19,0,25.12,3.255,132.6764,8.067,2010,12,49,4,0,1615987.96,1993367.83,1490235.86,1619296.1875,1463096.8941666668
19,0,26.83,3.301,132.6804516,8.067,2010,12,50,4,0,1799070.98,1615987.96,1377593.1,1696504.9675000003,1497453.7
19,0,26.05,3.309,132.7477419,8.067,2010,12,51,4,0,1911967.44,1799070.98,1993367.83,1830098.5525,1546922.3550000002
19,1,28.65,3.336,132.8150323,8.067,2010,12,52,4,0,2678206.42,1911967.44,1615987.96,2001308.2,1655151.5316666665
19,0,31.34,3.351,132.8823226,7.771,2011,1,1,4,0,1275146.94,2678206.42,1799070.98,1916097.9449999998,1642333.7166666668
19,0,21.68,3.367,132.9510645,7.771,2011,1,2,4,0,1224175.99,1275146.94,1911967.44,1772374.1974999998,1630238.58
19,0,22.8,3.391,133.0285161,7.771,2011,1,3,4,0,1181204.53,1224175.99,2678206.42,1589683.47,1615576.0650000002
19,0,20.66,3.402,133.1059677,7.771,2011,1,4,4,0,1212967.84,1181204.53,1275146.94,1223373.825,1599608.6783333335
19,0,21.02,3.4,133.1834194,7.771,2011,2,5,4,0,1284185.49,1212967.84,1224175.99,1225633.4625,1587009.1983333332
19,1,21.79,3.416,133.260871,7.771,2011,2,6,4,0,1370562.11,1284185.49,1181204.53,1262229.9925,1577036.3858333335
19,0,34.74,3.42,133.3701429,7.771,2011,2,7,4,0,1430851.11,1370562.11,1212967.84,1324641.6375000002,1581474.5533333335
19,0,23.24,3.452,133.4921429,7.771,2011,2,8,4,0,1457270.16,1430851.11,1284185.49,1385717.2175,1536799.7475000003
19,0,29.28,3.605,133.6141429,7.771,2011,3,9,4,0,1296658.47,1457270.16,1370562.11,1388835.4625,1510188.9566666668
19,0,35.59,3.752,133.7361429,7.771,2011,3,10,4,0,1433569.44,1296658.47,1430851.11,1404587.295,1479730.495
19,0,40.32,3.796,133.8492258,7.771,2011,3,11,4,0,1351450.43,1433569.44,1457270.16,1384737.125,1433020.7441666666
19,0,33.26,3.789,133.9587419,7.771,2011,3,12,4,0,1257972.37,1351450.43,1296658.47,1334912.6775,1314667.9066666667
19,0,30.68,3.811,134.0682581,7.658,2011,4,13,4,0,1266564.94,1257972.37,1433569.44,1327389.295,1313952.74
19,0,41.26,3.895,134.1777742,7.658,2011,4,14,4,0,1305950.22,1266564.94,1351450.43,1295484.49,1320767.2591666668
19,0,48.67,3.981,134.2784667,7.658,2011,4,15,4,0,1419911.91,1305950.22,1257972.37,1312599.86,1340659.5408333333
19,0,41.66,4.061,134.3571,7.658,2011,4,16,4,0,1392093.04,1419911.91,1266564.94,1346130.0275,1355586.6408333334
19,0,54.23,4.117,134.4357333,7.658,2011,4,17,4,0,1514288.82,1392093.04,1305950.22,1408060.9975,1374761.9183333332
19,0,50.43,4.192,134.5143667,7.658,2011,5,18,4,0,1297237.7,1514288.82,1419911.91,1405882.8675,1368651.5508333333
19,0,54.2,4.211,134.593,7.658,2011,5,19,4,0,1451953.95,1297237.7,1392093.04,1413893.3775,1370410.1208333333
19,0,52.8,4.202,134.6803871,7.658,2011,5,20,4,0,1429143.06,1451953.95,1514288.82,1423155.8824999998,1368066.1958333335
19,0,63.2,4.134,134.7677742,7.658,2011,5,21,4,0,1355234.3,1429143.06,1297237.7,1383392.2525,1372947.515
19,0,66.01,4.069,134.8551613,7.658,2011,6,22,4,0,1388553.11,1355234.3,1451953.95,1406221.105,1369196.1541666668
19,0,68.26,4.025,134.9425484,7.658,2011,6,23,4,0,1457345.75,1388553.11,1429143.06,1407569.0550000002,1378020.764166667
19,0,64.02,3.989,135.0837333,7.658,2011,6,24,4,0,1467473.63,1457345.75,1355234.3,1417151.6974999998,1395479.2025
19,0,68.4,3.964,135.2652667,7.658,2011,6,25,4,0,1418973.62,1467473.63,1388553.11,1433086.5274999999,1408179.9258333333
19,0,67.64,3.916,135.4468,7.806,2011,7,26,4,0,1440785.7,1418973.62,1457345.75,1446144.675,1419416.2158333333
19,0,73.2,3.886,135.6283333,7.806,2011,7,27,4,0,1462731.93,1440785.7,1467473.63,1447491.2199999997,1422984.5508333333
19,0,73.7,3.915,135.7837419,7.806,2011,7,28,4,0,1465489.75,1462731.93,1418973.62,1446995.25,1429100.9433333334
19,0,79.37,3.972,135.8738387,7.806,2011,7,29,4,0,1391580.41,1465489.75,1440785.7,1440146.9474999998,1418875.2425
19,0,74.86,4.004,135.9639355,7.806,2011,7,30,4,0,1377119.45,1391580.41,1462731.93,1424230.385,1425532.055
19,0,73.84,4.02,136.0540323,7.806,2011,8,31,4,0,1298775.8,1377119.45,1465489.75,1383241.3524999998,1412767.2091666665
19,0,70.92,3.995,136.144129,7.806,2011,8,32,4,0,1408968.55,1298775.8,1391580.41,1369111.0525,1411086.0
19,0,71.14,3.942,136.183129,7.806,2011,8,33,4,0,1360969.45,1408968.55,1377119.45,1361458.3125,1411563.9291666665
19,0,69.34,3.906,136.2136129,7.806,2011,8,34,4,0,1391792.69,1360969.45,1298775.8,1365126.6225,1411833.8941666668
19,0,69.27,3.879,136.2440968,7.806,2011,9,35,4,0,1547729.24,1391792.69,1408968.55,1427364.9825,1419365.8516666666
19,1,68.28,3.93,136.2745806,7.806,2011,9,36,4,0,1609951.02,1547729.24,1360969.45,1477610.5999999999,1431238.9675
19,0,62.76,3.937,136.3145,7.806,2011,9,37,4,0,1566712.79,1609951.02,1391792.69,1529046.435,1443550.5649999997
19,0,61.32,3.899,136.367,7.806,2011,9,38,4,0,1365633.53,1566712.79,1547729.24,1522506.645,1437287.8841666665
19,0,64.99,3.858,136.4195,7.806,2011,9,39,4,0,1300375.76,1365633.53,1609951.02,1460668.275,1423758.2033333334
19,0,53.1,3.775,136.472,7.866,2011,10,40,4,0,1330757.22,1300375.76,1566712.79,1390869.825,1412530.4925
19,0,61.86,3.744,136.5150968,7.866,2011,10,41,4,0,1461718.87,1330757.22,1365633.53,1364621.345,1418375.3641666668
19,0,52.05,3.757,136.5017742,7.866,2011,10,42,4,0,1318905.53,1461718.87,1300375.76,1352939.345,1413524.2041666666
19,0,46.49,3.757,136.4884516,7.866,2011,10,43,4,0,1374863.1,1318905.53,1330757.22,1371561.1800000002,1419864.8125
19,0,44.97,3.738,136.475129,7.866,2011,11,44,4,0,1396612.36,1374863.1,1461718.87,1388024.965,1418835.13
19,0,48.22,3.719,136.4618065,7.866,2011,11,45,4,0,1480289.64,1396612.36,1318905.53,1392667.6575000002,1428778.4791666667
19,0,48.21,3.717,136.4666667,7.866,2011,11,46,4,0,1502078.93,1480289.64,1374863.1,1438461.0075,1437968.9991666668
19,1,42.75,3.689,136.4788,7.866,2011,11,47,4,0,1411835.57,1502078.93,1396612.36,1447704.125,1426644.5266666666
19,0,45.67,3.666,136.4909333,7.866,2011,12,48,4,0,1974646.78,1411835.57,1480289.64,1592212.73,1457035.84
19,0,40.18,3.627,136.5030667,7.866,2011,12,49,4,0,1484708.38,1974646.78,1502078.93,1593317.4149999998,1450202.1391666664
19,0,37.07,3.611,136.5335161,7.866,2011,12,50,4,0,1713769.06,1484708.38,1411835.57,1646239.9475,1479213.4333333333
19,0,36.09,3.587,136.5883871,7.866,2011,12,51,4,0,1852179.15,1713769.06,1974646.78,1756325.8425,1525197.0491666666
19,1,31.65,3.566,136.6432581,7.866,2011,12,52,4,0,2480159.47,1852179.15,1484708.38,1882704.0150000001,1620980.5700000003
19,0,31.84,3.585,136.698129,7.943,2012,1,1,4,0,1405168.06,2480159.47,1713769.06,1862818.935,1616268.0025000002
19,0,37.08,3.666,136.753,7.943,2012,1,2,4,0,1266570.4,1405168.06,1852179.15,1751019.27,1611906.7416666665
19,0,23.44,3.705,136.8564194,7.943,2012,1,3,4,0,1182198.7,1266570.4,2480159.47,1583524.1575000002,1595851.3749999998
19,0,32.41,3.737,136.9598387,7.943,2012,1,4,4,0,1237104.73,1182198.7,1405168.06,1272760.4725,1582559.0724999998
19,0,36.22,3.796,137.0632581,7.943,2012,2,5,4,0,1279623.26,1237104.73,1266570.4,1241374.2725,1565836.8741666665
19,1,32.61,3.826,137.1666774,7.943,2012,2,6,4,0,1345311.65,1279623.26,1182198.7,1261059.585,1552772.9341666664
19,0,30.95,3.874,137.2583103,7.943,2012,2,7,4,0,1499496.67,1345311.65,1237104.73,1340384.0775,1560078.0258333336
19,0,33.91,3.917,137.3411034,7.943,2012,2,8,4,0,1424720.27,1499496.67,1279623.26,1387287.9625,1514250.8166666667
19,0,34.83,3.983,137.4238966,7.943,2012,3,9,4,0,1352470.09,1424720.27,1345311.65,1405499.6700000002,1503230.9591666665
19,0,38.15,4.021,137.5066897,7.943,2012,3,10,4,0,1308977.05,1352470.09,1499496.67,1396416.02,1469498.2916666667
19,0,48.2,4.021,137.5843871,7.943,2012,3,11,4,0,1358816.46,1308977.05,1424720.27,1361245.9675,1428384.7341666669
19,0,56.72,4.054,137.6552903,7.943,2012,3,12,4,0,1312849.1,1358816.46,1352470.09,1333278.175,1331108.8699999999
19,0,43.47,4.098,137.7261935,7.943,2012,3,13,4,0,1342254.55,1312849.1,1308977.05,1330724.29,1325866.0775
19,0,40.23,4.143,137.7970968,8.15,2012,4,14,4,0,1327139.35,1342254.55,1358816.46,1335264.865,1330913.49
19,0,44.42,4.187,137.868,8.15,2012,4,15,4,0,1631737.68,1327139.35,1312849.1,1403495.17,1368375.0716666665
19,0,55.2,4.17,137.9230667,8.15,2012,4,16,4,0,1365098.46,1631737.68,1342254.55,1416557.5100000002,1379041.2158333333
19,0,42.45,4.163,137.9781333,8.15,2012,4,17,4,0,1255087.26,1365098.46,1327139.35,1394765.6875,1376996.5491666666
19,0,50.76,4.124,138.0332,8.15,2012,5,18,4,0,1285897.24,1255087.26,1631737.68,1384455.1600000001,1372045.3483333334
19,0,55.33,4.055,138.0882667,8.15,2012,5,19,4,0,1405007.44,1285897.24,1365098.46,1327772.6,1364171.2458333333
19,0,58.81,4.029,138.1065806,8.15,2012,5,20,4,0,1442873.22,1405007.44,1255087.26,1347216.29,1365683.9916666667
19,0,67.79,3.979,138.1101935,8.15,2012,5,21,4,0,1366937.1,1442873.22,1285897.24,1375178.75,1366889.5758333334
19,0,68.18,3.915,138.1138065,8.15,2012,6,22,4,0,1485540.28,1366937.1,1405007.44,1425089.51,1381603.1783333332
19,0,60.19,3.871,138.1174194,8.15,2012,6,23,4,0,1450733.29,1485540.28,1442873.22,1436520.9725,1389262.9141666668
19,0,68.19,3.786,138.1295333,8.15,2012,6,24,4,0,1390122.11,1450733.29,1366937.1,1423333.195,1395702.3316666668
19,0,75.83,3.722,138.1629,8.15,2012,6,25,4,0,1440263.15,1390122.11,1485540.28,1441664.7075,1403869.7149999999
19,0,69.92,3.667,138.1962667,8.15,2012,6,26,4,0,1468350.36,1440263.15,1450733.29,1437367.2275,1415637.2991666666
19,0,76.07,3.646,138.2296333,8.193,2012,7,27,4,0,1379652.65,1468350.36,1390122.11,1419597.0675,1394630.2133333334
19,0,73.17,3.689,138.263,8.193,2012,7,28,4,0,1557120.44,1379652.65,1440263.15,1461346.65,1410632.045
19,0,76.17,3.732,138.2331935,8.193,2012,7,29,4,0,1321741.35,1557120.44,1468350.36,1431716.2000000002,1416186.5525
19,0,74.43,3.82,138.2033871,8.193,2012,7,30,4,0,1317672.92,1321741.35,1379652.65,1394046.8399999999,1418834.5258333331
19,0,73.41,3.819,138.1735806,8.193,2012,8,31,4,0,1248915.43,1317672.92,1557120.44,1361362.535,1405826.8583333334
20,0,54.75,2.921,203.6503685,7.856,2010,4,17,4,0,1878862.42,1985784.59,2405395.22,2069459.6225,2068738.7925000002
20,0,66.74,2.966,203.6101784,7.856,2010,5,18,4,0,1919053.21,1878862.42,2007796.26,1947874.12,2028543.6041666667
20,0,55.91,2.982,203.6133915,7.856,2010,5,19,4,0,2137202.38,1919053.21,1985784.59,1980225.65,2030884.8108333333
20,0,60.38,2.958,203.8770235,7.856,2010,5,20,4,0,2033211.62,2137202.38,1878862.42,1992082.4075000002,2020189.9658333333
20,0,70.97,2.899,204.1406556,7.856,2010,5,21,4,0,1893736.9,2033211.62,1919053.21,1995801.0275,2019818.545
20,0,72.52,2.847,204.4042877,7.856,2010,6,22,4,0,2065984.95,1893736.9,2137202.38,2032533.9625000001,2015382.8141666667
20,0,67.32,2.809,204.6679198,7.856,2010,6,23,4,0,2203619.35,2065984.95,2033211.62,2049138.205,2031436.5233333334
20,0,72.62,2.78,204.670036,7.856,2010,6,24,4,0,2100489.79,2203619.35,1893736.9,2065957.7474999998,2043823.3033333335
20,0,75.17,2.808,204.5675459,7.856,2010,6,25,4,0,2091903.63,2100489.79,2065984.95,2115499.4299999997,2060253.36
20,0,70.1,2.815,204.4650559,7.527,2010,7,26,4,0,1973135.87,2091903.63,2203619.35,2092287.16,2024231.7474999998
20,0,78.09,2.793,204.3625658,7.527,2010,7,27,4,0,2143676.77,1973135.87,2100489.79,2077301.5150000001,2035555.123333333
20,0,75.14,2.783,204.3571656,7.527,2010,7,28,4,0,2107285.85,2143676.77,2091903.63,2079000.53,2045680.2283333333
20,0,77.75,2.771,204.4812188,7.527,2010,7,29,4,0,2031852.16,2107285.85,1973135.87,2063987.6625,2058429.3733333333
20,0,76.03,2.781,204.605272,7.527,2010,7,30,4,0,1900535.9,2031852.16,2143676.77,2045837.67,2056886.2641666664
20,0,74.57,2.784,204.7293252,7.527,2010,8,31,4,0,1955896.59,1900535.9,2107285.85,1998892.625,2041777.4483333332
20,0,75.98,2.805,204.8533784,7.527,2010,8,32,4,0,1910177.38,1955896.59,2031852.16,1949615.5074999998,2031524.595
20,0,75.34,2.779,204.8217044,7.527,2010,8,33,4,0,2071022.45,1910177.38,1900535.9,1959408.0799999998,2046298.3908333334
20,0,70.51,2.755,204.7900305,7.527,2010,8,34,4,0,1975374.56,2071022.45,1955896.59,1978117.745,2038747.5250000001
20,0,75.5,2.715,204.7583566,7.527,2010,9,35,4,0,1946369.57,1975374.56,1910177.38,1975735.9900000002,2017310.0433333332
20,1,65.02,2.699,204.7266827,7.527,2010,9,36,4,0,2121561.41,1946369.57,2071022.45,2028581.9975,2019066.0116666667
20,0,65.28,2.706,204.7513279,7.527,2010,9,37,4,0,2014954.79,2121561.41,1975374.56,2014565.0825,2012653.6083333332
20,0,69.37,2.713,204.8182126,7.527,2010,9,38,4,0,1948359.78,2014954.79,1946369.57,2007811.3875,2010588.9341666668
20,0,61.08,2.707,204.8850973,7.484,2010,10,39,4,0,1789687.65,1948359.78,2121561.41,1968640.9075000002,1981089.8408333333
20,0,51.5,2.764,204.951982,7.484,2010,10,40,4,0,1933719.21,1789687.65,2014954.79,1921680.3575000002,1966625.9541666666
20,0,59.17,2.868,205.0137637,7.484,2010,10,41,4,0,2060389.27,1933719.21,1948359.78,1933038.9775,1969004.0466666666
20,0,50.52,2.917,205.0627881,7.484,2010,10,42,4,0,1950676.39,2060389.27,1789687.65,1933618.13,1973182.4208333334
20,0,57.56,2.921,205.1118126,7.484,2010,10,43,4,0,1893955.27,1950676.39,1933719.21,1959685.035,1968020.6441666668
20,0,42.78,2.917,205.160837,7.484,2010,11,44,4,0,1891816.0,1893955.27,2060389.27,1949209.2325,1966490.5291666666
20,0,42.38,2.931,205.2098614,7.484,2010,11,45,4,0,2184316.64,1891816.0,1950676.39,1980191.0750000002,1975931.7116666667
20,0,45.88,3.0,205.0992811,7.484,2010,11,46,4,0,2187765.28,2184316.64,1893955.27,2039463.2974999999,1993630.9383333335
20,1,46.66,3.039,204.9621,7.484,2010,11,47,4,0,2105058.91,2187765.28,1891816.0,2092239.2075,2006855.05
20,0,35.47,3.046,204.8249189,7.484,2010,12,48,4,0,2811634.04,2105058.91,2184316.64,2322193.7175000003,2064361.1025
20,0,24.27,3.109,204.6877378,7.484,2010,12,49,4,0,2416051.17,2811634.04,2187765.28,2380127.3499999996,2097785.8008333333
20,0,24.07,3.14,204.6321194,7.484,2010,12,50,4,0,2752122.08,2416051.17,2105058.91,2521216.55,2164765.9925
20,0,25.17,3.141,204.6376731,7.484,2010,12,51,4,0,2819193.17,2752122.08,2811634.04,2699750.115,2250558.1191666666
20,1,28.85,3.179,204.6432267,7.484,2010,12,52,4,0,3766687.43,2819193.17,2416051.17,2938513.4625,2403305.4708333337
20,0,31.43,3.193,204.6487803,7.343,2011,1,1,4,0,1799737.79,3766687.43,2752122.08,2784435.1175,2381584.5141666667
20,0,20.39,3.205,204.7026042,7.343,2011,1,2,4,0,1843030.95,1799737.79,2819193.17,2557162.335,2372614.0608333335
20,0,27.43,3.229,205.0460497,7.343,2011,1,3,4,0,1884345.01,1843030.95,3766687.43,2323450.295,2371813.2058333335
20,0,23.21,3.237,205.3894952,7.343,2011,1,4,4,0,1781805.66,1884345.01,1799737.79,1827229.8525,2362645.6775
20,0,28.58,3.231,205.7329407,7.343,2011,2,5,4,0,1761506.68,1781805.66,1843030.95,1817672.0749999997,2327411.5141666667
20,1,25.38,3.239,206.0763862,7.343,2011,2,6,4,0,2351143.07,1761506.68,1884345.01,1944700.105,2341026.33
20,0,42.95,3.245,206.3694701,7.343,2011,2,7,4,0,2211388.14,2351143.07,1781805.66,2026460.8875000002,2349887.0991666666
20,0,33.2,3.274,206.6424093,7.343,2011,2,8,4,0,2258616.24,2211388.14,1761506.68,2145663.5325,2303802.2825
20,0,37.33,3.433,206.9153485,7.343,2011,3,9,4,0,1938608.52,2258616.24,2351143.07,2189938.9925,2264015.395
20,0,39.53,3.582,207.1882876,7.343,2011,3,10,4,0,2143424.61,1938608.52,2211388.14,2138009.3775,2213290.6058333335
20,0,44.8,3.631,207.4283845,7.343,2011,3,11,4,0,1990932.77,2143424.61,2258616.24,2082895.535,2144268.9058333333
20,0,44.83,3.625,207.6553444,7.343,2011,3,12,4,0,1931668.64,1990932.77,1938608.52,2001158.635,1991350.673333333
20,0,32.43,3.638,207.8823043,7.287,2011,4,13,4,0,1824711.21,1931668.64,2143424.61,1972684.3074999999,1993431.7916666667
20,0,47.09,3.72,208.1092642,7.287,2011,4,14,4,0,1927993.09,1824711.21,1990932.77,1918826.4274999998,2000511.97
20,0,55.0,3.821,208.3172811,7.287,2011,4,15,4,0,2027056.39,1927993.09,1931668.64,1927857.3325,2012404.585
20,0,52.56,3.892,208.4779405,7.287,2011,4,16,4,0,2057406.33,2027056.39,1824711.21,1959291.7550000001,2035371.3074999999
20,0,62.97,3.962,208.6386,7.287,2011,4,17,4,0,2313861.81,2057406.33,1927993.09,2081579.405,2081400.9016666666
20,0,53.41,4.046,208.7992595,7.287,2011,5,18,4,0,1881788.19,2313861.81,2027056.39,2070028.1799999997,2042287.9949999999
20,0,62.26,4.066,208.9599189,7.287,2011,5,19,4,0,2090838.44,1881788.19,2057406.33,2085973.6925,2032242.1866666668
20,0,59.01,4.062,208.7583165,7.287,2011,5,20,4,0,2036748.53,2090838.44,2313861.81,2080809.2425,2013753.2108333332
20,0,69.12,3.985,208.556714,7.287,2011,5,21,4,0,1953416.06,2036748.53,1881788.19,1990697.805,2014987.1725
20,0,73.51,3.922,208.3551116,7.287,2011,6,22,4,0,1944433.17,1953416.06,2090838.44,2006359.0499999998,1998404.5525
20,0,73.64,3.881,208.1535092,7.287,2011,6,23,4,0,2182246.69,1944433.17,2036748.53,2029211.1125,2014347.3791666667
20,0,66.41,3.842,208.1265604,7.287,2011,6,24,4,0,2135062.04,2182246.69,1953416.06,2053789.49,2031296.8291666666
20,0,72.4,3.804,208.2306018,7.287,2011,6,25,4,0,2065191.27,2135062.04,1944433.17,2081733.2925,2051336.8341666665
20,0,69.66,3.748,208.3346432,7.274,2011,7,26,4,0,1950826.32,2065191.27,2182246.69,2083331.58,2053239.6033333333
20,0,74.69,3.711,208.4386847,7.274,2011,7,27,4,0,2053165.41,1950826.32,2135062.04,2051061.26,2055415.3549999997
20,0,74.88,3.76,208.5309337,7.274,2011,7,28,4,0,2123787.79,2053165.41,2065191.27,2048242.6975,2060947.1433333333
20,0,78.89,3.811,208.5937018,7.274,2011,7,29,4,0,2039875.75,2123787.79,1950826.32,2041913.8175,2038114.9716666664
20,0,77.47,3.829,208.6564699,7.274,2011,7,30,4,0,1950904.84,2039875.75,2053165.41,2041933.4475,2043874.6925000001
20,0,77.8,3.842,208.719238,7.274,2011,8,31,4,0,1858440.92,1950904.84,2123787.79,1993252.325,2024508.2325
20,0,73.52,3.812,208.7820061,7.274,2011,8,32,4,0,2189353.63,1858440.92,2039875.75,2009643.785,2037225.3241666667
20,0,71.25,3.747,208.8424359,7.274,2011,8,33,4,0,2052246.4,2189353.63,1950904.84,2012736.4474999998,2045461.1858333333
20,0,70.15,3.704,208.902476,7.274,2011,8,34,4,0,1990017.93,2052246.4,1858440.92,2022514.72,2049259.9158333335
20,0,70.82,3.703,208.9625161,7.274,2011,9,35,4,0,1933577.2,1990017.93,2189353.63,2041298.79,2028537.4583333333
20,1,68.74,3.738,209.0225562,7.274,2011,9,36,4,0,2141765.98,1933577.2,2052246.4,2029401.8775,2029096.12
20,0,64.02,3.742,209.1893892,7.274,2011,9,37,4,0,2050542.56,2141765.98,1990017.93,2028975.9175,2027875.3941666668
20,0,62.15,3.711,209.4986126,7.274,2011,9,38,4,0,1979009.46,2050542.56,1933577.2,2026223.7999999998,2030223.9891666668
20,0,63.44,3.645,209.807836,7.274,2011,9,39,4,0,1888119.7,1979009.46,2141765.98,2014859.425,2016470.18
20,0,52.42,3.583,210.1170595,7.082,2011,10,40,4,0,1945808.26,1888119.7,2050542.56,1965869.995,2001638.5525
20,0,62.54,3.541,210.4027602,7.082,2011,10,41,4,0,2135982.79,1945808.26,1979009.46,1987230.0524999998,2009647.4725000001
20,0,53.69,3.57,210.5473252,7.082,2011,10,42,4,0,2010107.68,2135982.79,1888119.7,1995004.6075000002,2014581.0424999997
20,0,49.36,3.569,210.6918901,7.082,2011,10,43,4,0,2104241.9,2010107.68,1945808.26,2049035.1575,2035064.4574999998
20,0,43.88,3.551,210.8364551,7.082,2011,11,44,4,0,2065421.52,2104241.9,2135982.79,2078938.4724999997,2024736.7816666665
20,0,47.27,3.53,210.9810201,7.082,2011,11,45,4,0,2284106.6,2065421.52,2010107.68,2115969.425,2044058.4649999999
20,0,49.3,3.53,211.1847207,7.082,2011,11,46,4,0,2269975.85,2284106.6,2104241.9,2180936.4675,2067388.2916666667
20,1,46.38,3.492,211.4120757,7.082,2011,11,47,4,0,2169933.82,2269975.85,2065421.52,2197359.4475,2087084.6766666665
20,0,46.32,3.452,211.6394306,7.082,2011,12,48,4,0,2906233.25,2169933.82,2284106.6,2407562.38,2150790.2825
20,0,41.64,3.415,211.8667856,7.082,2011,12,49,4,0,2298776.83,2906233.25,2269975.85,2411229.9375,2171476.4716666667
20,0,37.16,3.413,212.0685039,7.082,2011,12,50,4,0,2546123.78,2298776.83,2169933.82,2480266.92,2218735.9983333335
20,0,40.19,3.389,212.2360401,7.082,2011,12,51,4,0,2762816.65,2546123.78,2906233.25,2628487.6275,2291627.410833333
20,1,36.35,3.389,212.4035763,7.082,2011,12,52,4,0,3555371.03,2762816.65,2298776.83,2790772.0725,2425757.6416666666
20,0,33.42,3.422,212.5711125,6.961,2012,1,1,4,0,2043245.0,3555371.03,2546123.78,2726889.1149999998,2418029.4925
20,0,37.79,3.513,212.7386486,6.961,2012,1,2,4,0,1964701.94,2043245.0,2762816.65,2581533.6550000003,2414245.680833333
20,0,27.65,3.533,212.8336399,6.961,2012,1,3,4,0,1911510.64,1964701.94,3555371.03,2368707.1525,2398184.7425
20,0,37.19,3.567,212.9286312,6.961,2012,1,4,4,0,1892775.94,1911510.64,2043245.0,1953058.3800000001,2383797.6108333333
20,0,39.93,3.617,213.0236225,6.961,2012,2,5,4,0,1761016.51,1892775.94,1964701.94,1882501.2574999998,2340206.77
20,1,33.47,3.64,213.1186138,6.961,2012,2,6,4,0,2203523.2,1761016.51,1911510.64,1942206.5725,2334669.0491666663
20,0,31.11,3.695,213.2732106,6.961,2012,2,7,4,0,2462978.28,2203523.2,1892775.94,2080073.4825,2359089.420833333
20,0,39.79,3.739,213.4725116,6.961,2012,2,8,4,0,2309025.16,2462978.28,1761016.51,2184135.7875,2309322.0799999996
20,0,39.98,3.816,213.6718127,6.961,2012,3,9,4,0,2045837.55,2309025.16,2203523.2,2255341.0475,2288243.8066666666
20,0,41.14,3.848,213.8711137,6.961,2012,3,10,4,0,2148822.76,2045837.55,2462978.28,2241665.9375,2255135.388333333
20,0,53.73,3.862,214.0167132,6.961,2012,3,11,4,0,2139265.4,2148822.76,2309025.16,2160737.7175000003,2203172.7841666667
20,0,66.11,3.9,214.0907105,6.961,2012,3,12,4,0,2064991.71,2139265.4,2045837.55,2099729.355,2078974.5075
20,0,51.52,3.953,214.1647079,6.961,2012,3,13,4,0,1992436.96,2064991.71,2148822.76,2086379.2075,2074740.5041666664
20,0,50.06,3.996,214.2387053,7.139,2012,4,14,4,0,2074721.74,1992436.96,2139265.4,2067853.9525,2083908.8208333335
20,0,45.68,4.044,214.3127027,7.139,2012,4,15,4,0,2565259.92,2074721.74,2064991.71,2174352.5825,2138387.9274999998
20,0,60.11,4.027,214.3675045,7.139,2012,4,16,4,0,2045396.06,2565259.92,1992436.96,2169453.67,2151106.2708333335
20,0,47.64,4.004,214.4223063,7.139,2012,4,17,4,0,1884427.84,2045396.06,2074721.74,2142451.39,2161390.5483333333
20,0,62.74,3.951,214.4771081,7.139,2012,5,18,4,0,1886503.93,1884427.84,2565259.92,2095396.9375,2134972.2758333334
20,0,63.19,3.889,214.5319099,7.139,2012,5,19,4,0,2163510.89,1886503.93,2045396.06,1994959.6800000002,2110016.66
20,0,60.99,3.848,214.5485571,7.139,2012,5,20,4,0,2168097.11,2163510.89,1884427.84,2025634.9425,2098272.6558333333
20,0,70.04,3.798,214.5499425,7.139,2012,5,21,4,0,2039222.26,2168097.11,1886503.93,2064333.5474999999,2097721.3816666664
20,0,73.67,3.742,214.5513278,7.139,2012,6,22,4,0,2114989.0,2039222.26,2163510.89,2121454.815,2094901.9016666666
20,0,62.01,3.689,214.5527132,7.139,2012,6,23,4,0,2143126.59,2114989.0,2168097.11,2116358.7399999998,2095223.6674999997
20,0,71.51,3.62,214.5653243,7.139,2012,6,24,4,0,2231962.13,2143126.59,2039222.26,2132324.995,2109137.8691666666
20,0,76.51,3.564,214.606,7.139,2012,6,25,4,0,2165160.29,2231962.13,2114989.0,2163809.5025,2123531.48
20,0,74.15,3.506,214.6466757,7.139,2012,6,26,4,0,2060588.69,2165160.29,2143126.59,2150209.425,2122353.725833333
20,0,79.2,3.475,214.6873514,7.28,2012,7,27,4,0,2055952.61,2060588.69,2231962.13,2128415.93,2079911.4500000002
20,0,78.27,3.523,214.728027,7.28,2012,7,28,4,0,2358055.3,2055952.61,2165160.29,2159939.2225,2105966.3866666663
20,0,76.04,3.567,214.7331351,7.28,2012,7,29,4,0,2134680.12,2358055.3,2060588.69,2152319.1799999997,2126820.743333333
20,0,74.6,3.647,214.7382432,7.28,2012,7,30,4,0,1970170.29,2134680.12,2055952.61,2129714.58,2133792.94
20,0,74.73,3.654,214.7433514,7.28,2012,8,31,4,0,1911559.1,1970170.29,2358055.3,2093616.2025000001,2112796.9575
21,0,66.93,2.78,210.0505833,8.2,2010,4,17,4,0,718780.59,716026.51,753664.12,734913.155,753147.7641666667
21,0,70.87,2.835,210.0011018,8.2,2010,5,18,4,0,680532.69,718780.59,751181.4,716630.2975,743309.3316666667
21,0,73.08,2.854,209.9984585,8.2,2010,5,19,4,0,744969.42,680532.69,716026.51,715077.3025,737946.6633333332
21,0,74.24,2.826,210.2768443,8.2,2010,5,20,4,0,723559.88,744969.42,718780.59,716960.645,725969.7158333333
21,0,80.94,2.759,210.5552301,8.2,2010,5,21,4,0,753361.72,723559.88,680532.69,725605.9275,726283.4225
21,0,82.68,2.705,210.833616,8.2,2010,6,22,4,0,755214.26,753361.72,744969.42,744276.3200000001,726930.9175
21,0,83.51,2.668,211.1120018,8.2,2010,6,23,4,0,806012.48,755214.26,723559.88,759537.085,734739.2166666667
21,0,86.18,2.637,211.1096543,8.2,2010,6,24,4,0,784305.55,806012.48,753361.72,774723.5025000001,739508.8458333333
21,0,87.01,2.653,210.9950134,8.2,2010,6,25,4,0,785104.29,784305.55,755214.26,782659.145,747726.0758333333
21,0,82.29,2.669,210.8803726,8.099,2010,7,26,4,0,769848.75,785104.29,806012.48,786317.7675000001,749074.795
21,0,81.67,2.642,210.7657317,8.099,2010,7,27,4,0,711470.8,769848.75,784305.55,762682.3474999999,745765.5783333333
21,0,85.61,2.623,210.7577954,8.099,2010,7,28,4,0,714677.47,711470.8,785104.29,745275.3275,745653.1583333333
21,0,87.17,2.608,210.8921319,8.099,2010,7,29,4,0,755098.41,714677.47,769848.75,737773.8575,748679.6433333334
21,0,83.59,2.64,211.0264684,8.099,2010,7,30,4,0,765823.48,755098.41,711470.8,736767.54,755787.2091666666
21,0,90.3,2.627,211.1608049,8.099,2010,8,31,4,0,715876.27,765823.48,714677.47,737868.9075000001,753362.7799999999
21,0,89.65,2.692,211.2951413,8.099,2010,8,32,4,0,739279.19,715876.27,755098.41,744019.3375,754672.7225
21,0,89.58,2.664,211.2596586,8.099,2010,8,33,4,0,793589.18,739279.19,765823.48,753642.03,758025.0108333334
21,0,86.2,2.619,211.2241759,8.099,2010,8,34,4,0,848873.28,793589.18,715876.27,774404.48,765829.9291666667
21,0,82.57,2.577,211.1886931,8.099,2010,9,35,4,0,855882.57,848873.28,739279.19,809406.0549999999,769985.77
21,1,79.3,2.565,211.1532104,8.099,2010,9,36,4,0,727772.8,855882.57,793589.18,806529.4575,765274.7075
21,0,83.03,2.582,211.1806415,8.099,2010,9,37,4,0,674055.81,727772.8,848873.28,776646.1150000001,756020.6675
21,0,80.79,2.624,211.2552578,8.099,2010,9,38,4,0,684340.86,674055.81,855882.57,735513.01,748895.0100000001
21,0,70.28,2.603,211.3298742,8.163,2010,10,39,4,0,671688.06,684340.86,727772.8,689464.3825000001,745579.7816666666
21,0,65.76,2.633,211.4044906,8.163,2010,10,40,4,0,677158.39,671688.06,674055.81,676810.78,742453.1916666668
21,0,68.61,2.72,211.4713286,8.163,2010,10,41,4,0,680579.49,677158.39,684340.86,678441.7,736243.2816666666
21,0,70.72,2.725,211.5187208,8.163,2010,10,42,4,0,693412.05,680579.49,671688.06,680709.4975,730208.9958333335
21,0,67.51,2.716,211.5661131,8.163,2010,10,43,4,0,710668.45,693412.05,677158.39,690454.595,729775.0108333332
21,0,58.71,2.689,211.6135053,8.163,2010,11,44,4,0,731756.65,710668.45,680579.49,704104.1599999999,729148.1325
21,0,60.95,2.728,211.6608975,8.163,2010,11,45,4,0,719888.76,731756.65,693412.05,713931.4775,723006.4308333333
21,0,51.71,2.771,211.5470304,8.163,2010,11,46,4,0,735796.38,719888.76,710668.45,724527.5599999999,713583.3558333333
21,1,62.96,2.735,211.4062867,8.163,2010,11,47,4,0,756288.89,735796.38,731756.65,735932.67,705283.8825
21,0,50.43,2.708,211.265543,8.163,2010,12,48,4,0,1245628.61,756288.89,719888.76,864400.6600000001,748438.5333333333
21,0,46.35,2.843,211.1247993,8.163,2010,12,49,4,0,829210.73,1245628.61,735796.38,891731.1525000001,761368.11
21,0,48.63,2.869,211.0645458,8.163,2010,12,50,4,0,943891.64,829210.73,756288.89,943754.9675,782997.3416666667
21,0,51.29,2.886,211.0646599,8.163,2010,12,51,4,0,1147556.83,943891.64,1245628.61,1041571.9525,822653.0725000001
21,1,47.19,2.943,211.064774,8.163,2010,12,52,4,0,1587257.78,1147556.83,829210.73,1126979.245,898494.6883333334
21,0,44.24,2.976,211.0648881,8.028,2011,1,1,4,0,672903.23,1587257.78,943891.64,1087902.3699999999,897855.0000000001
21,0,34.14,2.983,211.1176713,8.028,2011,1,2,4,0,629152.06,672903.23,1147556.83,1009217.4750000001,892500.0008333334
21,0,42.72,3.016,211.4864691,8.028,2011,1,3,4,0,650789.13,629152.06,1587257.78,885025.55,887510.0575000001
21,0,44.04,3.01,211.8552668,8.028,2011,1,4,4,0,663941.73,650789.13,672903.23,654196.5375,881858.8141666668
21,0,36.33,2.989,212.2240646,8.028,2011,2,5,4,0,649878.29,663941.73,629152.06,648440.3025,876024.6083333334
21,1,34.61,3.022,212.5928624,8.028,2011,2,6,4,0,596218.24,649878.29,650789.13,640206.8475,864393.0966666667
21,0,59.87,3.045,212.9033115,8.028,2011,2,7,4,0,771908.51,596218.24,663941.73,670486.6925,865694.7316666666
21,0,61.27,3.065,213.190421,8.028,2011,2,8,4,0,884701.92,771908.51,649878.29,725676.74,835617.5075
21,0,59.52,3.288,213.4775305,8.028,2011,3,9,4,0,768313.85,884701.92,596218.24,755285.63,830542.7675
21,0,54.69,3.459,213.7646401,8.028,2011,3,10,4,0,796277.72,768313.85,771908.51,805300.5,818241.6075
21,0,63.26,3.488,214.0156238,8.028,2011,3,11,4,0,763479.9,796277.72,884701.92,803193.3475,786235.1966666668
21,0,70.33,3.473,214.2521573,8.028,2011,3,12,4,0,793569.0,763479.9,768313.85,780410.1174999999,720094.465
21,0,56.36,3.524,214.4886908,7.931,2011,4,13,4,0,753711.32,793569.0,796277.72,776759.485,726828.4725
21,0,68.62,3.622,214.7252242,7.931,2011,4,14,4,0,732056.37,753711.32,763479.9,760704.1475,735403.8316666667
21,0,71.01,3.743,214.9420631,7.931,2011,4,15,4,0,744782.89,732056.37,793569.0,756029.895,743236.645
21,0,70.79,3.807,215.1096657,7.931,2011,4,16,4,0,768390.05,744782.89,753711.32,749735.1575,751940.6716666667
21,0,70.19,3.81,215.2772683,7.931,2011,4,17,4,0,801302.01,768390.05,732056.37,761632.8300000001,764559.3150000001
21,0,61.87,3.906,215.4448709,7.931,2011,5,18,4,0,783250.75,801302.01,744782.89,774431.425,780145.3575
21,0,75.04,3.899,215.6124735,7.931,2011,5,19,4,0,718898.33,783250.75,768390.05,767960.2849999999,775727.8424999999
21,0,68.36,3.907,215.3834778,7.931,2011,5,20,4,0,754236.7,718898.33,801302.01,764421.9475,764855.7408333333
21,0,76.86,3.786,215.1544822,7.931,2011,5,21,4,0,744836.56,754236.7,783250.75,750305.585,762899.3000000002
21,0,83.82,3.699,214.9254865,7.931,2011,6,22,4,0,744389.81,744836.56,718898.33,740590.35,758575.3075
21,0,84.71,3.648,214.6964908,7.931,2011,6,23,4,0,773878.58,744389.81,754236.7,754335.4125000001,759441.8641666666
21,0,87.54,3.637,214.6513538,7.931,2011,6,24,4,0,794397.89,773878.58,744836.56,764375.71,759510.9383333334
21,0,85.72,3.594,214.7441108,7.931,2011,6,25,4,0,823220.43,794397.89,744389.81,783971.6775,765303.3641666668
21,0,87.57,3.524,214.8368678,7.852,2011,7,26,4,0,771298.98,823220.43,773878.58,790698.97,768573.5816666665
21,0,89.16,3.48,214.9296249,7.852,2011,7,27,4,0,784639.12,771298.98,794397.89,793389.105,771894.9341666667
21,0,91.05,3.575,215.0134426,7.852,2011,7,28,4,0,734099.4,784639.12,823220.43,778314.4825,769037.38
21,0,90.27,3.651,215.0749122,7.852,2011,7,29,4,0,728311.15,734099.4,771298.98,754587.1625000001,762954.8083333332
21,0,91.56,3.682,215.1363819,7.852,2011,7,30,4,0,784490.67,728311.15,784639.12,757885.0850000001,763058.1350000001
21,0,94.22,3.684,215.1978515,7.852,2011,8,31,4,0,751167.12,784490.67,734099.4,749517.085,765747.2008333333
21,0,92.32,3.638,215.2593211,7.852,2011,8,32,4,0,783614.89,751167.12,728311.15,761895.9575,768195.3833333334
21,0,90.11,3.554,215.3229307,7.852,2011,8,33,4,0,776933.37,783614.89,784490.67,774051.5125,770870.1175
21,0,92.07,3.523,215.386897,7.852,2011,8,34,4,0,855546.5,776933.37,751167.12,791815.47,780133.1749999999
21,0,91.94,3.533,215.4508632,7.852,2011,9,35,4,0,821127.53,855546.5,783614.89,809305.5725,784070.5875
21,1,78.87,3.546,215.5148295,7.852,2011,9,36,4,0,705557.8,821127.53,776933.37,789791.3,776667.2466666666
21,0,80.62,3.526,215.6944378,7.852,2011,9,37,4,0,653989.65,705557.8,855546.5,759055.37,762564.6816666666
21,0,75.68,3.467,216.0282356,7.852,2011,9,38,4,0,653525.84,653989.65,821127.53,708550.2050000001,752750.2533333333
21,0,78.91,3.355,216.3620333,7.852,2011,9,39,4,0,681913.29,653525.84,705557.8,673746.645,744189.7675000001
21,0,71.64,3.285,216.6958311,7.441,2011,10,40,4,0,651970.48,681913.29,653989.65,660349.815,737345.6908333334
21,0,69.79,3.274,217.0048261,7.441,2011,10,41,4,0,663452.46,651970.48,653525.84,662715.5175000001,731940.7999999999
21,0,65.16,3.353,217.1650042,7.441,2011,10,42,4,0,671379.44,663452.46,681913.29,667178.9175,722514.8641666668
21,0,65.46,3.372,217.3251824,7.441,2011,10,43,4,0,729036.06,671379.44,651970.48,678959.61,720670.6091666667
21,0,56.01,3.332,217.4853605,7.441,2011,11,44,4,0,738812.0,729036.06,663452.46,700669.99,716937.035
21,0,59.8,3.297,217.6455387,7.441,2011,11,45,4,0,767358.37,738812.0,671379.44,726646.4675,716139.1183333333
21,0,61.9,3.308,217.8670218,7.441,2011,11,46,4,0,757369.87,767358.37,729036.06,748144.075,707957.7325
21,1,56.43,3.236,218.1130269,7.441,2011,11,47,4,0,737014.09,757369.87,738812.0,750138.5825,700948.2791666667
21,0,48.72,3.172,218.3590319,7.441,2011,12,48,4,0,1219263.4,737014.09,767358.37,870251.4325,743757.0791666666
21,0,41.44,3.158,218.605037,7.441,2011,12,49,4,0,793184.25,1219263.4,757369.87,876707.9025,755356.6291666668
21,0,50.56,3.159,218.8217928,7.441,2011,12,50,4,0,897747.13,793184.25,737014.09,911802.2175,775708.4033333333
21,0,46.54,3.112,218.9995495,7.441,2011,12,51,4,0,1027584.51,897747.13,1219263.4,984444.8225,804514.3383333334
21,1,45.16,3.129,219.1773063,7.441,2011,12,52,4,0,1384552.17,1027584.51,793184.25,1025767.015,865562.8125
21,0,48.1,3.157,219.355063,7.057,2012,1,1,4,0,804362.36,1384552.17,897747.13,1028561.5425,877305.3041666667
21,0,45.0,3.261,219.5328198,7.057,2012,1,2,4,0,640181.86,804362.36,1027584.51,964170.2250000001,874705.5058333334
21,0,52.21,3.268,219.6258417,7.057,2012,1,3,4,0,631181.25,640181.86,1384552.17,865069.4099999999,866550.9383333334
21,0,50.79,3.29,219.7188636,7.057,2012,1,4,4,0,651178.2,631181.25,804362.36,681725.9175,859248.1216666666
21,0,55.83,3.36,219.8118854,7.057,2012,2,5,4,0,611258.71,651178.2,640181.86,633450.005,846239.8166666668
21,1,46.52,3.409,219.9049073,7.057,2012,2,6,4,0,680725.43,611258.71,631181.25,643585.8975,839852.7799999999
21,0,45.03,3.51,220.0651993,7.057,2012,2,7,4,0,770652.79,680725.43,651178.2,678453.7825,842656.0049999999
21,0,54.81,3.555,220.275944,7.057,2012,2,8,4,0,834663.52,770652.79,611258.71,724325.1125,810606.0150000001
21,0,59.3,3.63,220.4866886,7.057,2012,3,9,4,0,747099.07,834663.52,680725.43,758285.2025,806765.5833333334
21,0,57.16,3.669,220.6974332,7.057,2012,3,10,4,0,764385.4,747099.07,770652.79,779200.195,795652.1058333333
21,0,63.39,3.734,220.8498468,7.057,2012,3,11,4,0,755084.4,764385.4,834663.52,775308.0974999999,772943.7633333333
21,0,62.96,3.787,220.9244858,7.057,2012,3,12,4,0,767338.32,755084.4,747099.07,758476.7975,721509.2758333334
21,0,67.87,3.845,220.9991248,7.057,2012,3,13,4,0,729759.97,767338.32,764385.4,754142.0225,715292.41
21,0,69.02,3.891,221.0737638,6.891,2012,4,14,4,0,724798.76,729759.97,755084.4,744245.3625,722343.8183333334
21,0,69.03,3.891,221.1484028,6.891,2012,4,15,4,0,761956.58,724798.76,767338.32,745963.4075,733241.7625000001
21,0,66.97,3.877,221.2021074,6.891,2012,4,16,4,0,769319.04,761956.58,729759.97,746458.5874999999,743086.8325
21,0,69.21,3.814,221.255812,6.891,2012,4,17,4,0,734858.91,769319.04,724798.76,747733.3225,753386.8491666666
21,0,77.53,3.749,221.3095166,6.891,2012,5,18,4,0,674829.58,734858.91,761956.58,735241.0275,752895.5283333333
21,0,74.14,3.688,221.3632212,6.891,2012,5,19,4,0,697645.32,674829.58,769319.04,719163.2125,746811.5724999999
21,0,72.42,3.63,221.380331,6.891,2012,5,20,4,0,649945.54,697645.32,734858.91,689319.8374999999,731418.4075000001
21,0,79.49,3.561,221.3828029,6.891,2012,5,21,4,0,700554.16,649945.54,674829.58,680743.65,727539.665
21,0,79.24,3.501,221.3852748,6.891,2012,6,22,4,0,722891.24,700554.16,697645.32,692759.065,724081.8183333334
21,0,79.47,3.452,221.3877467,6.891,2012,6,23,4,0,695439.83,722891.24,649945.54,692207.6925,719111.4375
21,0,81.51,3.393,221.4009901,6.891,2012,6,24,4,0,707895.72,695439.83,700554.16,706695.2375,714157.8875000001
21,0,81.78,3.346,221.4411622,6.891,2012,6,25,4,0,727049.04,707895.72,722891.24,713318.9575,713931.9766666667
21,0,88.05,3.286,221.4813343,6.891,2012,6,26,4,0,735870.0,727049.04,695439.83,716563.6475,714854.5800000001
21,0,85.26,3.227,221.5215064,6.565,2012,7,27,4,0,716341.39,735870.0,707895.72,721789.0375000001,711053.3141666666
21,0,82.51,3.256,221.5616784,6.565,2012,7,28,4,0,693013.59,716341.39,727049.04,718068.505,704694.5266666667
21,0,84.25,3.311,221.5701123,6.565,2012,7,29,4,0,668132.36,693013.59,735870.0,703339.335,699133.9808333333
21,0,88.09,3.407,221.5785461,6.565,2012,7,30,4,0,691200.33,668132.36,716341.39,692171.9175,700498.21
21,0,91.57,3.417,221.5869799,6.565,2012,8,31,4,0,677789.14,691200.33,693013.59,682533.855,698843.5283333333
22,0,50.96,2.935,135.9170833,8.348,2010,4,17,4,0,969594.47,1000968.67,1177340.99,1045268.8,1006625.1441666667
22,0,63.81,2.981,135.962,8.348,2010,5,18,4,0,977683.06,969594.47,1033171.07,995354.3174999999,1002013.9516666665
22,0,50.99,2.983,136.010394,8.348,2010,5,19,4,0,1052973.28,977683.06,1000968.67,1000304.87,1004547.4541666666
22,0,59.99,2.961,136.0796521,8.348,2010,5,20,4,0,973585.33,1052973.28,969594.47,993459.035,1003307.2641666667
22,0,65.64,2.906,136.1489101,8.348,2010,5,21,4,0,979977.89,973585.33,977683.06,996054.8899999999,1009991.9649999999
22,0,69.49,2.857,136.2181682,8.348,2010,6,22,4,0,1103740.4,979977.89,1052973.28,1027569.2250000001,1017870.2283333334
22,0,65.01,2.83,136.2874263,8.348,2010,6,23,4,0,1095539.13,1103740.4,973585.33,1038210.6875,1028566.2083333334
22,0,67.13,2.805,136.3243393,8.348,2010,6,24,4,0,1061196.47,1095539.13,979977.89,1060113.4725,1036487.1566666666
22,0,74.37,2.81,136.3483143,8.348,2010,6,25,4,0,1052895.25,1061196.47,1103740.4,1078342.8125,1039888.8341666666
22,0,72.88,2.815,136.3722893,8.433,2010,7,26,4,0,1095020.33,1052895.25,1095539.13,1076162.795,1033028.7791666667
22,0,79.22,2.806,136.3962643,8.433,2010,7,27,4,0,1120259.71,1095020.33,1061196.47,1082342.94,1040286.1658333334
22,0,76.3,2.796,136.4179827,8.433,2010,7,28,4,0,1092654.26,1120259.71,1052895.25,1090207.3875,1047926.6316666667
22,0,76.91,2.784,136.4366924,8.433,2010,7,29,4,0,988392.99,1092654.26,1095020.33,1074081.8225,1049493.175
22,0,76.35,2.792,136.4554021,8.433,2010,7,30,4,0,974123.2,988392.99,1120259.71,1043857.54,1049196.5199999998
22,0,74.37,2.792,136.4741118,8.433,2010,8,31,4,0,970773.64,974123.2,1092654.26,1006486.0225,1042346.5499999999
22,0,74.75,2.81,136.4928214,8.433,2010,8,32,4,0,1010326.14,970773.64,988392.99,985903.9925,1045408.2841666667
22,0,73.21,2.796,136.5249182,8.433,2010,8,33,4,0,993097.43,1010326.14,974123.2,987080.1025,1046501.5791666666
22,0,68.99,2.77,136.557015,8.433,2010,8,34,4,0,1017045.44,993097.43,970773.64,997810.6625,1039276.9991666666
22,0,75.85,2.735,136.5891118,8.433,2010,9,35,4,0,1081420.96,1017045.44,1010326.14,1025472.4925,1038100.485
22,1,68.6,2.717,136.6212085,8.433,2010,9,36,4,0,1074535.88,1081420.96,993097.43,1041524.9275,1039212.1025
22,0,62.49,2.716,136.6338071,8.433,2010,9,37,4,0,924174.4,1074535.88,1017045.44,1024294.1699999999,1028485.3650000001
22,0,65.14,2.718,136.6317821,8.433,2010,9,38,4,0,918285.97,924174.4,1081420.96,999604.3025,1013757.5016666666
22,0,69.31,2.717,136.6297571,8.572,2010,10,39,4,0,902779.25,918285.97,1074535.88,954943.875,995634.1299999999
22,0,56.32,2.776,136.6277321,8.572,2010,10,40,4,0,905987.17,902779.25,924174.4,912806.6975,980078.5391666666
22,0,55.23,2.878,136.6401935,8.572,2010,10,41,4,0,1015051.62,905987.17,918285.97,935526.0025000001,982300.0916666667
22,0,50.24,2.919,136.688871,8.572,2010,10,42,4,0,954401.46,1015051.62,902779.25,944554.875,980656.6133333333
22,0,57.73,2.938,136.7375484,8.572,2010,10,43,4,0,960998.52,954401.46,905987.17,959109.6925,979842.02
22,0,44.34,2.938,136.7862258,8.572,2010,11,44,4,0,1025766.27,960998.52,1015051.62,989054.4675,981128.6974999999
22,0,44.42,2.961,136.8349032,8.572,2010,11,45,4,0,1006888.16,1025766.27,954401.46,987013.6025,982277.9249999999
22,0,48.62,3.03,136.7715714,8.572,2010,11,46,4,0,1043698.64,1006888.16,960998.52,1009337.8975,984499.025
22,1,44.61,3.07,136.6895714,8.572,2010,11,47,4,0,985896.44,1043698.64,1025766.27,1015562.3775,976538.6483333333
22,0,39.42,3.065,136.6075714,8.572,2010,12,48,4,0,1564502.26,985896.44,1006888.16,1150246.375,1017369.18
22,0,28.43,3.132,136.5255714,8.572,2010,12,49,4,0,1230514.58,1564502.26,1043698.64,1206152.98,1042897.5283333333
22,0,30.46,3.139,136.5292811,8.572,2010,12,50,4,0,1367202.84,1230514.58,985896.44,1287029.03,1080307.2675
22,0,29.76,3.15,136.597273,8.572,2010,12,51,4,0,1527682.99,1367202.84,1564502.26,1422475.6675,1132382.5791666668
22,1,28.49,3.177,136.665265,8.572,2010,12,52,4,0,1962445.04,1527682.99,1230514.58,1521961.3625,1220420.735
22,0,32.56,3.193,136.7332569,8.458,2011,1,1,4,0,774262.28,1962445.04,1367202.84,1407898.2875,1200354.9566666668
22,0,24.76,3.215,136.803477,8.458,2011,1,2,4,0,873954.7,774262.28,1527682.99,1284586.2525,1193651.06
22,0,26.8,3.232,136.8870657,8.458,2011,1,3,4,0,807535.52,873954.7,1962445.04,1104549.385,1180862.4766666666
22,0,20.61,3.243,136.9706544,8.458,2011,1,4,4,0,855001.02,807535.52,774262.28,827688.38,1166632.0391666668
22,0,26.39,3.24,137.0542431,8.458,2011,2,5,4,0,799369.15,855001.02,873954.7,833965.0975,1149338.7883333333
22,1,28.89,3.255,137.1378318,8.458,2011,2,6,4,0,946060.98,799369.15,807535.52,851991.6675,1141202.3166666667
22,0,35.34,3.263,137.2511849,8.458,2011,2,7,4,0,1009206.33,946060.98,855001.02,902409.37,1143144.8074999999
22,0,30.23,3.281,137.3764439,8.458,2011,2,8,4,0,975964.86,1009206.33,799369.15,932650.33,1094100.0241666667
22,0,33.52,3.437,137.5017028,8.458,2011,3,9,4,0,911245.43,975964.86,946060.98,960619.4,1067494.2616666667
22,0,41.42,3.6,137.6269617,8.458,2011,3,10,4,0,997353.15,911245.43,1009206.33,973442.4425,1036673.4541666667
22,0,43.38,3.634,137.7398929,8.458,2011,3,11,4,0,944587.23,997353.15,975964.86,957287.6675,988082.1408333333
22,0,38.77,3.624,137.8478929,8.458,2011,3,12,4,0,926427.12,944587.23,911245.43,944903.2325,901747.3141666666
22,0,36.04,3.638,137.9558929,8.252,2011,4,13,4,0,933528.39,926427.12,997353.15,950473.9725,915019.4899999999
22,0,44.42,3.72,138.0638929,8.252,2011,4,14,4,0,951588.37,933528.39,944587.23,939032.7775000001,921488.9625
22,0,48.88,3.823,138.1646952,8.252,2011,4,15,4,0,969046.69,951588.37,926427.12,945147.6425000001,934948.2266666667
22,0,47.76,3.919,138.2475036,8.252,2011,4,16,4,0,1008557.04,969046.69,933528.39,965680.1225,947744.5616666666
22,0,57.2,3.988,138.3303119,8.252,2011,4,17,4,0,1152781.9,1008557.04,951588.37,1020493.5,977195.6241666665
22,0,53.63,4.078,138.4131202,8.252,2011,5,18,4,0,926133.8,1152781.9,969046.69,1014129.8574999999,975535.0258333334
22,0,57.71,4.095,138.4959286,8.252,2011,5,19,4,0,1032076.06,926133.8,1008557.04,1029887.2000000001,977440.8366666668
22,0,58.56,4.101,138.587106,8.252,2011,5,20,4,0,1001558.74,1032076.06,1152781.9,1028137.625,979573.66
22,0,62.59,4.034,138.6782834,8.252,2011,5,21,4,0,970307.83,1001558.74,926133.8,982519.1075,984495.5266666667
22,0,70.09,3.973,138.7694608,8.252,2011,6,22,4,0,1021568.34,970307.83,1032076.06,1006377.7424999999,986513.4591666666
22,0,69.53,3.924,138.8606382,8.252,2011,6,23,4,0,1125169.92,1021568.34,1001558.74,1029651.2075,1001562.0166666667
22,0,63.97,3.873,139.0028333,8.252,2011,6,24,4,0,1060868.49,1125169.92,970307.83,1044478.6449999999,1012765.4641666667
22,0,68.53,3.851,139.1832917,8.252,2011,6,25,4,0,1042454.61,1060868.49,1021568.34,1062515.34,1021842.6491666668
22,0,70.8,3.815,139.36375,8.023,2011,7,26,4,0,1012584.2,1042454.61,1125169.92,1060269.305,1026925.6349999999
22,0,74.22,3.784,139.5442083,8.023,2011,7,27,4,0,1077491.68,1012584.2,1060868.49,1048349.745,1035962.7174999999
22,0,75.2,3.827,139.7006325,8.023,2011,7,28,4,0,1017050.65,1077491.68,1042454.61,1037395.2849999999,1036670.5183333332
22,0,77.79,3.882,139.7969712,8.023,2011,7,29,4,0,961953.57,1017050.65,1012584.2,1017270.0249999999,1020768.1575000001
22,0,75.32,3.898,139.8933099,8.023,2011,7,30,4,0,964683.8,961953.57,1077491.68,1005294.9249999999,1023980.6575000001
22,0,75.33,3.903,139.9896486,8.023,2011,8,31,4,0,944958.69,964683.8,1017050.65,972161.6775,1016720.8766666666
22,0,74.69,3.88,140.0859873,8.023,2011,8,32,4,0,983232.96,944958.69,961953.57,963707.255,1015193.7283333332
22,0,71.3,3.82,140.1289205,8.023,2011,8,33,4,0,991779.2,983232.96,964683.8,971163.6625000001,1016983.0091666667
22,0,72.22,3.796,140.1629528,8.023,2011,8,34,4,0,973004.91,991779.2,944958.69,973243.94,1012936.0566666666
22,0,69.16,3.784,140.196985,8.023,2011,9,35,4,0,1181815.31,973004.91,983232.96,1032458.095,1017656.5058333332
22,1,69.14,3.809,140.2310173,8.023,2011,9,36,4,0,912762.76,1181815.31,991779.2,1014840.5449999999,1005314.3616666665
22,0,68.08,3.809,140.2735,8.023,2011,9,37,4,0,1004434.54,912762.76,973004.91,1018004.3799999999,1002146.0225
22,0,62.36,3.758,140.32725,8.023,2011,9,38,4,0,937420.65,1004434.54,1181815.31,1009108.3150000001,995882.3933333334
22,0,69.78,3.684,140.381,8.023,2011,9,39,4,0,899834.75,937420.65,912762.76,938613.175,981077.6491666668
22,0,56.44,3.633,140.43475,7.706,2011,10,40,4,0,953314.16,899834.75,1004434.54,948751.0250000001,975766.275
22,0,62.63,3.583,140.4784194,7.706,2011,10,41,4,0,993436.67,953314.16,937420.65,946001.5575000001,978389.8666666667
22,0,59.3,3.618,140.4616048,7.706,2011,10,42,4,0,944337.32,993436.67,899834.75,947730.725,976694.3266666668
22,0,49.31,3.604,140.4447903,7.706,2011,10,43,4,0,981567.22,944337.32,953314.16,968163.8425,979745.0375
22,0,42.81,3.586,140.4279758,7.706,2011,11,44,4,0,1099351.68,981567.22,993436.67,1004673.2224999999,989421.5975
22,0,47.8,3.57,140.4111613,7.706,2011,11,45,4,0,1106575.59,1099351.68,944337.32,1032957.9524999999,998987.9633333333
22,0,50.62,3.571,140.4127857,7.706,2011,11,46,4,0,1051740.29,1106575.59,981567.22,1059808.695,1005549.245
22,1,46.28,3.536,140.4217857,7.706,2011,11,47,4,0,1007579.44,1051740.29,1099351.68,1066311.75,991029.5891666667
22,0,49.11,3.501,140.4307857,7.706,2011,12,48,4,0,1535857.49,1007579.44,1106575.59,1175438.2025000001,1042954.15
22,0,45.35,3.47,140.4397857,7.706,2011,12,49,4,0,1167621.14,1535857.49,1051740.29,1190699.59,1056553.0333333334
22,0,39.11,3.445,140.4700795,7.706,2011,12,50,4,0,1308967.44,1167621.14,1007579.44,1255006.3775,1087515.2658333334
22,0,39.83,3.413,140.528765,7.706,2011,12,51,4,0,1453153.33,1308967.44,1535857.49,1366399.8499999999,1133625.1475
22,1,36.28,3.402,140.5874505,7.706,2011,12,52,4,0,1863195.68,1453153.33,1167621.14,1448234.3975,1209448.6075
22,0,34.61,3.439,140.6461359,7.503,2012,1,1,4,0,982661.14,1863195.68,1308967.44,1401994.3975,1208550.6466666667
22,0,39.0,3.523,140.7048214,7.503,2012,1,2,4,0,895358.2,982661.14,1453153.33,1298592.0875,1204469.0533333335
22,0,29.16,3.542,140.8086118,7.503,2012,1,3,4,0,855437.57,895358.2,1863195.68,1149163.1475,1193958.2491666668
22,0,35.68,3.568,140.9124021,7.503,2012,1,4,4,0,897027.44,855437.57,982661.14,907621.0874999999,1177097.8958333333
22,0,40.58,3.633,141.0161924,7.503,2012,2,5,4,0,786459.23,897027.44,895358.2,858570.6099999999,1150421.5325
22,1,35.68,3.655,141.1199827,7.503,2012,2,6,4,0,958487.75,786459.23,855437.57,874352.9975,1142650.4875
22,0,36.25,3.703,141.2140357,7.503,2012,2,7,4,0,1034448.07,958487.75,897027.44,919105.6224999999,1144889.54
22,0,39.0,3.751,141.3007857,7.503,2012,2,8,4,0,1004749.41,1034448.07,786459.23,946036.115,1100630.5333333334
22,0,37.47,3.827,141.3875357,7.503,2012,3,9,4,0,912958.95,1004749.41,958487.75,977661.045,1079408.6841666666
22,0,41.72,3.876,141.4742857,7.503,2012,3,10,4,0,974866.65,912958.95,1034448.07,981755.7699999999,1051566.9516666667
22,0,46.06,3.867,141.55478,7.503,2012,3,11,4,0,991127.01,974866.65,1004749.41,970925.505,1013064.7583333333
22,0,54.68,3.889,141.6269332,7.503,2012,3,12,4,0,966780.01,991127.01,912958.95,961433.155,938363.4525
22,0,46.4,3.921,141.6990864,7.503,2012,3,13,4,0,992774.4,966780.01,974866.65,981387.0175000001,939206.2241666666
22,0,46.38,3.957,141.7712396,7.671,2012,4,14,4,0,965769.93,992774.4,991127.01,979112.8375,945073.8683333333
22,0,49.89,4.025,141.8433929,7.671,2012,4,15,4,0,1197489.66,965769.93,966780.01,1030703.5,973578.2091666666
22,0,58.81,4.046,141.9015262,7.671,2012,4,16,4,0,939118.24,1197489.66,992774.4,1023788.0575000001,977085.7758333334
22,0,51.42,4.023,141.9596595,7.671,2012,4,17,4,0,1000342.87,939118.24,965769.93,1025680.1749999999,994909.4125
22,0,50.75,3.991,142.0177929,7.671,2012,5,18,4,0,922539.94,1000342.87,1197489.66,1014872.6775,991913.7616666667
22,0,56.72,3.947,142.0759262,7.671,2012,5,19,4,0,1005083.31,922539.94,939118.24,966771.09,989466.6983333332
22,0,61.9,3.899,142.0970115,7.671,2012,5,20,4,0,997868.63,1005083.31,1000342.87,981458.6875,988893.2999999999
22,0,62.39,3.85,142.1032776,7.671,2012,5,21,4,0,986612.02,997868.63,922539.94,978025.9750000001,995031.0558333333
22,0,70.01,3.798,142.1095438,7.671,2012,6,22,4,0,1047297.38,986612.02,1005083.31,1009215.3350000001,1001066.9500000001
22,0,61.71,3.746,142.1158099,7.671,2012,6,23,4,0,1102857.37,1047297.38,997868.63,1033658.8500000001,1010377.8133333334
22,0,66.56,3.683,142.1292548,7.671,2012,6,24,4,0,1061134.37,1102857.37,986612.02,1049475.2850000001,1018240.6766666668
22,0,70.61,3.629,142.1606464,7.671,2012,6,25,4,0,1061219.19,1061134.37,1047297.38,1068127.0775000001,1023944.4091666667
22,0,70.99,3.577,142.1920381,7.671,2012,6,26,4,0,1112449.3,1061219.19,1102857.37,1084415.0575,1036167.6900000001
22,0,77.41,3.538,142.2234298,7.753,2012,7,27,4,0,1053881.78,1112449.3,1061134.37,1072171.1600000001,1024200.3666666667
22,0,75.81,3.561,142.2548214,7.753,2012,7,28,4,0,1097786.14,1053881.78,1061219.19,1081334.1025,1037422.6916666668
22,0,76.57,3.61,142.2337569,7.753,2012,7,29,4,0,971361.38,1097786.14,1112449.3,1058869.65,1035007.5675
22,0,73.52,3.701,142.2126924,7.753,2012,7,30,4,0,991969.37,971361.38,1053881.78,1028749.6675,1040793.3533333334
22,0,72.99,3.698,142.1916279,7.753,2012,8,31,4,0,925731.21,991969.37,1097786.14,996712.0249999999,1034180.6783333333
23,0,45.47,2.935,132.0644333,5.435,2010,4,17,4,0,1315023.08,1288823.72,1556627.62,1356227.28,1328982.4566666668
23,0,61.04,2.981,132.1062,5.435,2010,5,18,4,0,1259414.52,1315023.08,1264434.7,1281924.005,1320206.8683333334
23,0,45.33,2.983,132.152129,5.435,2010,5,19,4,0,1365552.28,1259414.52,1288823.72,1307203.4,1318928.5516666668
23,0,57.94,2.961,132.2230323,5.435,2010,5,20,4,0,1303055.09,1365552.28,1315023.08,1310761.2425000002,1317550.8058333334
23,0,69.26,2.906,132.2939355,5.435,2010,5,21,4,0,1327424.28,1303055.09,1259414.52,1313861.5425,1328277.025
23,0,64.94,2.857,132.3648387,5.435,2010,6,22,4,0,1571158.56,1327424.28,1365552.28,1391797.5525,1349942.2441666666
23,0,58.35,2.83,132.4357419,5.435,2010,6,23,4,0,1514435.51,1571158.56,1303055.09,1429018.3599999999,1358804.9566666668
23,0,60.29,2.805,132.4733333,5.435,2010,6,24,4,0,1439432.06,1514435.51,1327424.28,1463112.6025,1376340.2683333333
23,0,69.83,2.81,132.4976,5.435,2010,6,25,4,0,1507708.93,1439432.06,1571158.56,1508183.7650000001,1392757.5291666666
23,0,64.76,2.815,132.5218667,5.326,2010,7,26,4,0,1415204.88,1507708.93,1514435.51,1469195.345,1380972.3008333333
23,0,77.16,2.806,132.5461333,5.326,2010,7,27,4,0,1549113.18,1415204.88,1439432.06,1477864.7625,1404695.5075
23,0,73.94,2.796,132.5667742,5.326,2010,7,28,4,0,1417535.78,1549113.18,1507708.93,1472390.6925,1415421.5125
23,0,70.2,2.784,132.5825806,5.326,2010,7,29,4,0,1413124.11,1417535.78,1415204.88,1448744.4874999998,1423596.5983333334
23,0,69.71,2.792,132.5983871,5.326,2010,7,30,4,0,1333634.45,1413124.11,1549113.18,1428351.88,1429781.5925
23,0,70.03,2.792,132.6141935,5.326,2010,8,31,4,0,1319773.55,1333634.45,1417535.78,1371016.9725000001,1425966.6983333332
23,0,67.43,2.81,132.63,5.326,2010,8,32,4,0,1417013.07,1319773.55,1413124.11,1370886.295,1435463.1966666665
23,0,68.65,2.796,132.6616129,5.326,2010,8,33,4,0,1346345.97,1417013.07,1333634.45,1354191.7599999998,1437040.0041666667
23,0,63.25,2.77,132.6932258,5.326,2010,8,34,4,0,1439901.05,1346345.97,1319773.55,1380758.41,1426101.8783333332
23,0,72.91,2.735,132.7248387,5.326,2010,9,35,4,0,1584623.36,1439901.05,1417013.07,1446970.8625,1431950.8658333335
23,1,63.21,2.717,132.7564516,5.326,2010,9,36,4,0,1405119.23,1584623.36,1346345.97,1443997.4024999999,1429091.4633333331
23,0,55.3,2.716,132.7670667,5.326,2010,9,37,4,0,1272842.85,1405119.23,1439901.05,1425621.6225,1409519.29
23,0,57.75,2.718,132.7619333,5.326,2010,9,38,4,0,1159132.58,1272842.85,1584623.36,1355429.505,1388179.9316666669
23,0,62.07,2.717,132.7568,5.287,2010,10,39,4,0,1099055.65,1159132.58,1405119.23,1234037.5775000001,1350675.1375
23,0,50.75,2.776,132.7516667,5.287,2010,10,40,4,0,1129909.44,1099055.65,1272842.85,1165235.13,1326706.2758333334
23,0,45.55,2.878,132.7633548,5.287,2010,10,41,4,0,1179851.68,1129909.44,1159132.58,1141987.3375,1307266.9066666667
23,0,43.19,2.919,132.8170968,5.287,2010,10,42,4,0,1119809.71,1179851.68,1099055.65,1132156.6199999999,1289448.1783333335
23,0,48.68,2.938,132.8708387,5.287,2010,10,43,4,0,1147503.92,1119809.71,1129909.44,1144268.6874999998,1275092.3758333335
23,0,36.6,2.938,132.9245806,5.287,2010,11,44,4,0,1112871.23,1147503.92,1179851.68,1140009.135,1249747.2225
23,0,35.59,2.961,132.9783226,5.287,2010,11,45,4,0,1203119.96,1112871.23,1119809.71,1145826.2049999998,1237811.7216666667
23,0,41.66,3.03,132.9172,5.287,2010,11,46,4,0,1387953.75,1203119.96,1147503.92,1212862.2149999999,1233482.78
23,1,34.95,3.07,132.8369333,5.287,2010,11,47,4,0,1314994.32,1387953.75,1112871.23,1254734.815,1211013.6933333334
23,0,34.3,3.065,132.7566667,5.287,2010,12,48,4,0,2072685.05,1314994.32,1203119.96,1494688.27,1266644.1783333332
23,0,20.12,3.132,132.6764,5.287,2010,12,49,4,0,1617025.41,2072685.05,1387953.75,1598164.6324999998,1295326.0583333333
23,0,23.05,3.139,132.6804516,5.287,2010,12,50,4,0,1872365.99,1617025.41,1314994.32,1719267.6925,1354762.1758333333
23,0,22.96,3.15,132.7477419,5.287,2010,12,51,4,0,2238573.48,1872365.99,2072685.05,1950162.4825,1449721.9949999999
23,1,19.05,3.177,132.8150323,5.287,2010,12,52,4,0,2734277.1,2238573.48,1617025.41,2115560.495,1583419.3
23,0,27.81,3.193,132.8823226,5.114,2011,1,1,4,0,1169773.85,2734277.1,1872365.99,2003747.605,1582579.4808333332
23,0,18.2,3.215,132.9510645,5.114,2011,1,2,4,0,1122034.48,1169773.85,2238573.48,1816164.7275,1582764.8783333332
23,0,15.58,3.232,133.0285161,5.114,2011,1,3,4,0,1016756.1,1122034.48,2734277.1,1510710.3825,1571869.2266666668
23,0,10.91,3.243,133.1059677,5.114,2011,1,4,4,0,1110706.06,1016756.1,1169773.85,1104817.6225,1571688.7958333334
23,0,14.5,3.24,133.1834194,5.114,2011,2,5,4,0,1083657.61,1110706.06,1122034.48,1083288.5625,1561733.5999999999
23,1,21.52,3.255,133.260871,5.114,2011,2,6,4,0,1159438.53,1083657.61,1016756.1,1092639.5750000002,1542690.665
23,0,26.6,3.263,133.3701429,5.114,2011,2,7,4,0,1249786.4,1159438.53,1110706.06,1150897.15,1537256.6716666666
23,0,17.0,3.281,133.4921429,5.114,2011,2,8,4,0,1369971.57,1249786.4,1083657.61,1215713.5275,1478697.215
23,0,20.67,3.437,133.6141429,5.114,2011,3,9,4,0,1206917.2,1369971.57,1159438.53,1246528.4249999998,1444521.5308333335
23,0,29.36,3.6,133.7361429,5.114,2011,3,10,4,0,1301185.28,1206917.2,1249786.4,1281965.1125,1396923.1383333334
23,0,37.28,3.634,133.8492258,5.114,2011,3,11,4,0,1042043.55,1301185.28,1369971.57,1230029.4,1297212.3108333333
23,0,29.11,3.624,133.9587419,5.114,2011,3,12,4,0,1203682.62,1042043.55,1206917.2,1188457.1625,1169662.7708333333
23,0,29.44,3.638,134.0682581,4.781,2011,4,13,4,0,1148624.83,1203682.62,1301185.28,1173884.07,1167900.3525
23,0,36.74,3.72,134.1777742,4.781,2011,4,14,4,0,1182694.95,1148624.83,1042043.55,1144261.4875,1172955.3916666668
23,0,45.51,3.823,134.2784667,4.781,2011,4,15,4,0,1248901.98,1182694.95,1203682.62,1195976.095,1192300.8816666666
23,0,39.62,3.919,134.3571,4.781,2011,4,16,4,0,1263680.51,1248901.98,1148624.83,1210975.5675,1205048.7525000002
23,0,54.2,3.988,134.4357333,4.781,2011,4,17,4,0,1447301.24,1263680.51,1182694.95,1285644.67,1235352.3883333334
23,0,50.07,4.078,134.5143667,4.781,2011,5,18,4,0,1173307.4,1447301.24,1248901.98,1283297.7825,1236508.1275
23,0,55.12,4.095,134.593,4.781,2011,5,19,4,0,1359921.13,1173307.4,1263680.51,1311052.57,1245686.0216666667
23,0,56.67,4.101,134.6803871,4.781,2011,5,20,4,0,1254914.87,1359921.13,1447301.24,1308861.16,1236097.9633333334
23,0,63.27,4.034,134.7677742,4.781,2011,5,21,4,0,1337617.55,1254914.87,1173307.4,1281440.2374999998,1246989.6591666667
23,0,67.21,3.973,134.8551613,4.781,2011,6,22,4,0,1361945.18,1337617.55,1359921.13,1328599.6825,1252052.9841666666
23,0,65.23,3.924,134.9425484,4.781,2011,6,23,4,0,1562161.97,1361945.18,1254914.87,1379159.8925,1295396.1858333333
23,0,61.06,3.873,135.0837333,4.781,2011,6,24,4,0,1447028.06,1562161.97,1337617.55,1427188.19,1315674.9725
23,0,63.8,3.851,135.2652667,4.781,2011,6,25,4,0,1470520.83,1447028.06,1361945.18,1460414.0099999998,1342499.6391666667
23,0,65.65,3.815,135.4468,4.584,2011,7,26,4,0,1434036.18,1470520.83,1562161.97,1478436.76,1363444.7416666665
23,0,69.92,3.784,135.6283333,4.584,2011,7,27,4,0,1492507.44,1434036.18,1447028.06,1461023.1275,1383745.1966666668
23,0,69.8,3.827,135.7837419,4.584,2011,7,28,4,0,1379488.05,1492507.44,1470520.83,1444138.125,1393395.825
23,0,76.74,3.882,135.8738387,4.584,2011,7,29,4,0,1360520.56,1379488.05,1434036.18,1416638.0574999999,1386164.1016666668
23,0,69.55,3.898,135.9639355,4.584,2011,7,30,4,0,1362144.0,1360520.56,1492507.44,1398665.0125,1401900.485
23,0,69.53,3.903,136.0540323,4.584,2011,8,31,4,0,1319767.55,1362144.0,1379488.05,1355480.04,1398554.3533333333
23,0,69.86,3.88,136.144129,4.584,2011,8,32,4,0,1416344.68,1319767.55,1360520.56,1364694.1975,1412006.8375000001
23,0,67.09,3.82,136.183129,4.584,2011,8,33,4,0,1380952.05,1416344.68,1362144.0,1369802.07,1415618.0458333334
23,0,67.04,3.796,136.2136129,4.584,2011,8,34,4,0,1453416.53,1380952.05,1319767.55,1392620.2025000001,1423240.6583333332
23,0,65.33,3.784,136.2440968,4.584,2011,9,35,4,0,1637266.29,1453416.53,1416344.68,1471994.8875000002,1429499.3516666668
23,1,66.04,3.809,136.2745806,4.584,2011,9,36,4,0,1464295.69,1637266.29,1380952.05,1483982.6400000001,1430938.3208333335
23,0,60.52,3.809,136.3145,4.584,2011,9,37,4,0,1423289.9,1464295.69,1453416.53,1494567.1025,1427002.4100000001
23,0,57.14,3.758,136.367,4.584,2011,9,38,4,0,1253329.17,1423289.9,1637266.29,1444545.2625000002,1411943.4925
23,0,64.76,3.684,136.4195,4.584,2011,9,39,4,0,1289082.81,1253329.17,1464295.69,1357499.3925,1394991.44
23,0,49.0,3.633,136.472,4.42,2011,10,40,4,0,1275597.85,1289082.81,1423289.9,1310324.9325,1386333.9233333333
23,0,56.79,3.583,136.5150968,4.42,2011,10,41,4,0,1463501.99,1275597.85,1253329.17,1320377.955,1394915.7091666667
23,0,52.12,3.618,136.5017742,4.42,2011,10,42,4,0,1257778.34,1463501.99,1289082.81,1321490.2475,1386218.5708333333
23,0,42.57,3.604,136.4884516,4.42,2011,10,43,4,0,1441032.59,1257778.34,1275597.85,1359477.6925000001,1396323.9908333332
23,0,39.18,3.586,136.475129,4.42,2011,11,44,4,0,1407191.96,1441032.59,1463501.99,1392376.22,1395561.2641666667
23,0,44.04,3.57,136.4618065,4.42,2011,11,45,4,0,1428436.33,1407191.96,1257778.34,1383609.805,1399518.2874999999
23,0,45.48,3.571,136.4666667,4.42,2011,11,46,4,0,1436940.78,1428436.33,1441032.59,1428400.415,1398145.3083333333
23,1,35.23,3.536,136.4788,4.42,2011,11,47,4,0,1345631.96,1436940.78,1407191.96,1404550.2575,1373842.4475
23,0,43.6,3.501,136.4909333,4.42,2011,12,48,4,0,2057059.53,1345631.96,1428436.33,1567017.1500000001,1423239.4341666668
23,0,36.4,3.47,136.5030667,4.42,2011,12,49,4,0,1552886.59,2057059.53,1436940.78,1598129.715,1434039.1583333334
23,0,32.99,3.445,136.5335161,4.42,2011,12,50,4,0,1841173.6,1552886.59,1345631.96,1699187.92,1483026.1941666668
23,0,27.8,3.413,136.5883871,4.42,2011,12,51,4,0,2173621.2,1841173.6,2057059.53,1906185.23,1556737.7266666666
23,1,22.3,3.402,136.6432581,4.42,2011,12,52,4,0,2587953.32,2173621.2,1552886.59,2038908.6775,1666100.6824999999
23,0,24.29,3.439,136.698129,4.261,2012,1,1,4,0,1213486.95,2587953.32,1841173.6,1954058.7675,1645266.0958333334
23,0,28.49,3.523,136.753,4.261,2012,1,2,4,0,1150662.55,1213486.95,2173621.2,1781431.0050000001,1636339.78
23,0,15.33,3.542,136.8564194,4.261,2012,1,3,4,0,1031451.35,1150662.55,2587953.32,1495888.5425,1602208.01
23,0,25.71,3.568,136.9598387,4.261,2012,1,4,4,0,1146992.13,1031451.35,1213486.95,1135648.245,1580524.6908333332
23,0,29.71,3.633,137.0632581,4.261,2012,2,5,4,0,1037476.38,1146992.13,1150662.55,1091645.6025,1547944.6950000003
23,1,26.6,3.655,137.1666774,4.261,2012,2,6,4,0,1261872.67,1037476.38,1031451.35,1119448.1324999998,1533355.6858333333
23,0,27.01,3.703,137.2583103,4.261,2012,2,7,4,0,1358444.07,1261872.67,1146992.13,1201196.3125,1534423.3616666666
23,0,31.12,3.751,137.3411034,4.261,2012,2,8,4,0,1365546.69,1358444.07,1037476.38,1255834.9525,1476797.2916666667
23,0,25.91,3.827,137.4238966,4.261,2012,3,9,4,0,1272948.27,1365546.69,1261872.67,1314702.925,1453469.0983333334
23,0,33.11,3.876,137.5066897,4.261,2012,3,10,4,0,1322852.2,1272948.27,1358444.07,1329947.8075,1410275.6483333332
23,0,41.19,3.867,137.5843871,4.261,2012,3,11,4,0,1292724.9,1322852.2,1365546.69,1313518.015,1336867.6233333333
23,0,57.82,3.889,137.6552903,4.261,2012,3,12,4,0,1258364.31,1292724.9,1272948.27,1286722.42,1226068.5391666666
23,0,36.71,3.921,137.7261935,4.261,2012,3,13,4,0,1288154.1,1258364.31,1322852.2,1290523.8775,1232290.8016666668
23,0,37.43,3.957,137.7970968,4.125,2012,4,14,4,0,1261964.96,1288154.1,1292724.9,1275302.0675,1241566.0025
23,0,41.81,4.025,137.868,4.125,2012,4,15,4,0,1604605.69,1261964.96,1258364.31,1353272.2650000001,1289328.8641666665
23,0,56.55,4.046,137.9230667,4.125,2012,4,16,4,0,1231752.54,1604605.69,1288154.1,1346619.3225,1296392.2316666667
23,0,44.62,4.023,137.9781333,4.125,2012,4,17,4,0,1287899.41,1231752.54,1261964.96,1346555.65,1317260.8175000001
23,0,45.88,3.991,138.0332,4.125,2012,5,18,4,0,1277758.76,1287899.41,1604605.69,1350504.1,1318584.6583333334
23,0,52.9,3.947,138.0882667,4.125,2012,5,19,4,0,1317379.68,1277758.76,1231752.54,1278697.5975,1315162.6258333332
23,0,58.42,3.899,138.1065806,4.125,2012,5,20,4,0,1321914.34,1317379.68,1287899.41,1301238.0474999999,1311526.5966666667
23,0,66.43,3.85,138.1101935,4.125,2012,5,21,4,0,1332952.47,1321914.34,1277758.76,1312501.3125,1316526.9466666668
23,0,66.22,3.798,138.1138065,4.125,2012,6,22,4,0,1552934.64,1332952.47,1317379.68,1381295.2825,1335700.4833333332
23,0,56.82,3.746,138.1174194,4.125,2012,6,23,4,0,1476144.34,1552934.64,1321914.34,1420986.4475,1350985.4366666665
23,0,64.73,3.683,138.1295333,4.125,2012,6,24,4,0,1568048.54,1476144.34,1332952.47,1482519.9974999998,1376792.4558333333
23,0,71.82,3.629,138.1629,4.125,2012,6,25,4,0,1543667.68,1568048.54,1552934.64,1535198.7999999998,1398085.2541666667
23,0,64.23,3.577,138.1962667,4.125,2012,6,26,4,0,1522042.57,1543667.68,1476144.34,1527475.7825,1419758.3883333334
23,0,70.86,3.538,138.2296333,4.156,2012,7,27,4,0,1451782.16,1522042.57,1568048.54,1521385.2375,1407023.0941666665
23,0,69.19,3.561,138.263,4.156,2012,7,28,4,0,1545370.16,1451782.16,1543667.68,1515715.6425,1433157.8958333333
23,0,71.13,3.61,138.2331935,4.156,2012,7,29,4,0,1384921.63,1545370.16,1522042.57,1476029.1300000001,1441243.0808333333
23,0,69.31,3.701,138.2033871,4.156,2012,7,30,4,0,1381339.23,1384921.63,1451782.16,1440853.295,1449874.7866666664
23,0,71.51,3.698,138.1735806,4.156,2012,8,31,4,0,1322932.36,1381339.23,1545370.16,1408640.845,1450337.51
24,0,51.48,3.042,132.0644333,8.211,2010,4,17,4,0,1264117.01,1268266.72,1478321.26,1347571.155,1328312.7466666666
24,0,66.65,3.095,132.1062,8.211,2010,5,18,4,0,1259877.19,1264117.01,1379579.63,1292960.1375,1317575.3766666667
24,0,51.31,3.112,132.152129,8.211,2010,5,19,4,0,1409705.03,1259877.19,1268266.72,1300491.4875,1317208.5374999999
24,0,60.44,3.096,132.2230323,8.211,2010,5,20,4,0,1346783.35,1409705.03,1264117.01,1320120.645,1313993.6091666666
24,0,69.59,3.046,132.2939355,8.211,2010,5,21,4,0,1283482.85,1346783.35,1259877.19,1324962.105,1324390.2850000001
24,0,71.99,3.006,132.3648387,8.211,2010,6,22,4,0,1473868.15,1283482.85,1409705.03,1378459.845,1329513.6833333333
24,0,64.84,2.972,132.4357419,8.211,2010,6,23,4,0,1566668.91,1473868.15,1346783.35,1417700.815,1350957.7458333333
24,0,67.17,2.942,132.4733333,8.211,2010,6,24,4,0,1375458.21,1566668.91,1283482.85,1424869.53,1363703.3225
24,0,74.9,2.958,132.4976,8.211,2010,6,25,4,0,1354168.18,1375458.21,1473868.15,1442540.8624999998,1371691.3741666668
24,0,71.12,2.958,132.5218667,8.117,2010,7,26,4,0,1399073.75,1354168.18,1566668.91,1423842.2624999997,1365087.415
24,0,79.05,2.94,132.5461333,8.117,2010,7,27,4,0,1563387.94,1399073.75,1375458.21,1423022.02,1380404.7741666667
24,0,76.56,2.933,132.5667742,8.117,2010,7,28,4,0,1665502.55,1563387.94,1354168.18,1495533.105,1413507.76
24,0,75.27,2.924,132.5825806,8.117,2010,7,29,4,0,1418697.05,1665502.55,1399073.75,1511665.3225000002,1426389.43
24,0,75.91,2.932,132.5983871,8.117,2010,7,30,4,0,1333740.35,1418697.05,1563387.94,1495331.9725000001,1432544.6933333334
24,0,74.54,2.942,132.6141935,8.117,2010,8,31,4,0,1387517.63,1333740.35,1665502.55,1451364.395,1430695.7433333334
24,0,74.17,2.923,132.63,8.117,2010,8,32,4,0,1442819.28,1387517.63,1418697.05,1395693.5775000001,1438698.7375
24,0,72.17,2.913,132.6616129,8.117,2010,8,33,4,0,1384243.75,1442819.28,1333740.35,1387080.2525,1447095.4791666667
24,0,67.0,2.885,132.6932258,8.117,2010,8,34,4,0,1375307.54,1384243.75,1387517.63,1397472.05,1438882.095
24,0,73.52,2.86,132.7248387,8.117,2010,9,35,4,0,1350059.35,1375307.54,1442819.28,1388107.4800000002,1420831.2983333336
24,1,67.11,2.837,132.7564516,8.117,2010,9,36,4,0,1366381.6,1350059.35,1384243.75,1368998.06,1420074.9141666666
24,0,60.31,2.846,132.7670667,8.117,2010,9,37,4,0,1474498.59,1366381.6,1375307.54,1391561.77,1430102.4483333332
24,0,64.3,2.837,132.7619333,8.117,2010,9,38,4,0,1273295.46,1474498.59,1350059.35,1366058.75,1419620.9241666666
24,0,66.88,2.84,132.7568,8.275,2010,10,39,4,0,1169413.27,1273295.46,1366381.6,1320897.23,1386789.7016666667
24,0,54.82,2.903,132.7516667,8.275,2010,10,40,4,0,1215273.2,1169413.27,1474498.59,1283120.1300000001,1349270.5891666666
24,0,52.83,2.999,132.7633548,8.275,2010,10,41,4,0,1361944.94,1215273.2,1273295.46,1254981.7175,1344541.2466666668
24,0,48.69,3.049,132.8170968,8.275,2010,10,42,4,0,1300806.74,1361944.94,1169413.27,1261859.5375,1341796.7791666666
24,0,57.29,3.055,132.8708387,8.275,2010,10,43,4,0,1234875.33,1300806.74,1215273.2,1278225.0525,1329076.5875000001
24,0,42.2,3.049,132.9245806,8.275,2010,11,44,4,0,1244925.94,1234875.33,1361944.94,1285638.2374999998,1312585.4758333333
24,0,41.76,3.065,132.9783226,8.275,2010,11,45,4,0,1285358.01,1244925.94,1300806.74,1266491.5050000001,1304344.9975
24,0,45.63,3.138,132.9172,8.275,2010,11,46,4,0,1312877.01,1285358.01,1234875.33,1269509.0725,1299142.4533333334
24,1,41.92,3.186,132.8369333,8.275,2010,11,47,4,0,1277150.6,1312877.01,1244925.94,1280077.8900000001,1293066.7241666669
24,0,37.08,3.2,132.7566667,8.275,2010,12,48,4,0,1779276.51,1277150.6,1285358.01,1413665.5325,1327474.6333333335
24,0,27.11,3.255,132.6764,8.275,2010,12,49,4,0,1413302.7,1779276.51,1312877.01,1445651.705,1322374.9758333333
24,0,27.99,3.301,132.6804516,8.275,2010,12,50,4,0,1593012.75,1413302.7,1277150.6,1515685.6400000001,1349018.0833333333
24,0,27.74,3.309,132.7477419,8.275,2010,12,51,4,0,1663525.77,1593012.75,1779276.51,1612279.4325,1390194.125
24,1,25.9,3.336,132.8150323,8.275,2010,12,52,4,0,2386015.75,1663525.77,1413302.7,1763964.2425000002,1487756.0041666667
24,0,30.72,3.351,132.8823226,8.252,2011,1,1,4,0,1208600.05,2386015.75,1593012.75,1712788.58,1474977.2633333334
24,0,22.41,3.367,132.9510645,8.252,2011,1,2,4,0,1178641.71,1208600.05,1663525.77,1609195.82,1464796.8441666665
24,0,23.69,3.391,133.0285161,8.252,2011,1,3,4,0,1167740.2,1178641.71,2386015.75,1485249.4274999998,1459202.25
24,0,17.91,3.402,133.1059677,8.252,2011,1,4,4,0,1107170.39,1167740.2,1208600.05,1165538.0875,1447722.6208333333
24,0,23.83,3.4,133.1834194,8.252,2011,2,5,4,0,1126921.34,1107170.39,1178641.71,1145118.4100000001,1434519.5650000002
24,1,26.51,3.416,133.260871,8.252,2011,2,6,4,0,1225182.04,1126921.34,1167740.2,1156753.4925000002,1427211.6508333336
24,0,34.04,3.42,133.3701429,8.252,2011,2,7,4,0,1341240.62,1225182.04,1107170.39,1200128.5975000001,1432552.485833333
24,0,26.09,3.452,133.4921429,8.252,2011,2,8,4,0,1360150.12,1341240.62,1126921.34,1263373.5300000003,1397625.2866666666
24,0,31.36,3.605,133.6141429,8.252,2011,3,9,4,0,1235121.33,1360150.12,1225182.04,1290423.5275,1382776.8391666666
24,0,39.51,3.752,133.7361429,8.252,2011,3,10,4,0,1346994.53,1235121.33,1341240.62,1320876.6500000001,1362275.3208333333
24,0,43.39,3.796,133.8492258,8.252,2011,3,11,4,0,1253218.7,1346994.53,1360150.12,1298871.17,1328083.0650000002
24,0,36.88,3.789,133.9587419,8.252,2011,3,12,4,0,1168397.26,1253218.7,1235121.33,1250932.955,1226614.8575000002
24,0,35.73,3.811,134.0682581,8.212,2011,4,13,4,0,1158693.12,1168397.26,1346994.53,1231825.9025,1222455.9466666665
24,0,44.7,3.895,134.1777742,8.212,2011,4,14,4,0,1163803.3,1158693.12,1253218.7,1186028.095,1221219.4125
24,0,52.36,3.981,134.2784667,8.212,2011,4,15,4,0,1273670.32,1163803.3,1168397.26,1191141.0,1230046.9225
24,0,46.0,4.061,134.3571,8.212,2011,4,16,4,0,1245576.65,1273670.32,1158693.12,1210435.8475000001,1241580.7775
24,0,60.48,4.117,134.4357333,8.212,2011,4,17,4,0,1372484.9,1245576.65,1163803.3,1263883.7925,1262044.4075
24,0,55.75,4.192,134.5143667,8.212,2011,5,18,4,0,1197761.17,1372484.9,1273670.32,1272373.26,1259759.335
24,0,58.49,4.211,134.593,8.212,2011,5,19,4,0,1339630.35,1197761.17,1245576.65,1288863.2674999998,1259625.1458333333
24,0,59.84,4.202,134.6803871,8.212,2011,5,20,4,0,1311950.16,1339630.35,1372484.9,1305456.645,1255608.4825
24,0,65.74,4.134,134.7677742,8.212,2011,5,21,4,0,1234281.7,1311950.16,1197761.17,1270905.845,1255538.5133333334
24,0,73.12,4.069,134.8551613,8.212,2011,6,22,4,0,1311153.72,1234281.7,1339630.35,1299253.9825,1252551.7791666668
24,0,70.02,4.025,134.9425484,8.212,2011,6,23,4,0,1554837.62,1311153.72,1311950.16,1353055.8,1277686.6891666667
24,0,64.34,3.989,135.0837333,8.212,2011,6,24,4,0,1373841.91,1554837.62,1234281.7,1368528.7375,1294807.0766666667
24,0,68.88,3.964,135.2652667,8.212,2011,6,25,4,0,1320359.23,1373841.91,1311153.72,1390048.1199999999,1308279.2525000002
24,0,70.27,3.916,135.4468,8.358,2011,7,26,4,0,1304850.67,1320359.23,1554837.62,1388472.3575,1320033.2
24,0,72.56,3.886,135.6283333,8.358,2011,7,27,4,0,1445596.61,1304850.67,1373841.91,1361162.105,1334360.3908333334
24,0,74.43,3.915,135.7837419,8.358,2011,7,28,4,0,1567340.07,1445596.61,1320359.23,1409536.645,1361174.0091666665
24,0,79.29,3.972,135.8738387,8.358,2011,7,29,4,0,1356938.95,1567340.07,1304850.67,1418681.5750000002,1359878.5133333334
24,0,74.84,4.004,135.9639355,8.358,2011,7,30,4,0,1357672.24,1356938.95,1445596.61,1431886.9675,1373204.4358333333
24,0,74.64,4.02,136.0540323,8.358,2011,8,31,4,0,1310973.06,1357672.24,1567340.07,1398231.08,1370816.3283333334
24,0,72.52,3.995,136.144129,8.358,2011,8,32,4,0,1417616.81,1310973.06,1356938.95,1360800.265,1379621.8825
24,0,69.93,3.942,136.183129,8.358,2011,8,33,4,0,1402818.01,1417616.81,1357672.24,1372270.03,1393666.575
24,0,69.94,3.906,136.2136129,8.358,2011,8,34,4,0,1352039.88,1402818.01,1310973.06,1370861.94,1397073.755
24,0,68.14,3.879,136.2440968,8.358,2011,9,35,4,0,1402372.09,1352039.88,1417616.81,1393711.6975,1384368.2941666667
24,1,68.32,3.93,136.2745806,8.358,2011,9,36,4,0,1196105.44,1402372.09,1402818.01,1338333.855,1369556.9216666666
24,0,65.56,3.937,136.3145,8.358,2011,9,37,4,0,1527455.19,1196105.44,1352039.88,1369493.15,1386814.9183333332
24,0,60.61,3.899,136.367,8.358,2011,9,38,4,0,1227535.97,1527455.19,1402372.09,1338367.1724999999,1380372.0266666666
24,0,68.0,3.858,136.4195,8.358,2011,9,39,4,0,1232376.49,1227535.97,1196105.44,1295868.2725,1362603.6833333333
24,0,53.87,3.775,136.472,8.454,2011,10,40,4,0,1246242.61,1232376.49,1527455.19,1308402.565,1335845.5616666668
24,0,60.21,3.744,136.5150968,8.454,2011,10,41,4,0,1405914.39,1246242.61,1227535.97,1278017.365,1339926.8483333334
24,0,56.6,3.757,136.5017742,8.454,2011,10,42,4,0,1333315.03,1405914.39,1232376.49,1304462.13,1337897.0808333333
24,0,48.0,3.757,136.4884516,8.454,2011,10,43,4,0,1283563.43,1333315.03,1246242.61,1317258.865,1335612.945
24,0,39.87,3.738,136.475129,8.454,2011,11,44,4,0,1307142.75,1283563.43,1405914.39,1332483.9,1326406.7733333332
24,0,46.78,3.719,136.4618065,8.454,2011,11,45,4,0,1385860.38,1307142.75,1333315.03,1327470.3975,1324993.6375
24,0,48.17,3.717,136.4666667,8.454,2011,11,46,4,0,1425078.59,1385860.38,1283563.43,1350411.2875,1331080.1966666665
24,1,41.83,3.689,136.4788,8.454,2011,11,47,4,0,1297535.69,1425078.59,1307142.75,1353904.3525,1322343.83
24,0,47.21,3.666,136.4909333,8.454,2011,12,48,4,0,1761235.67,1297535.69,1385860.38,1467427.5825,1369438.0158333334
24,0,42.3,3.627,136.5030667,8.454,2011,12,49,4,0,1335647.1,1761235.67,1425078.59,1454874.2625000002,1353454.0083333333
24,0,36.0,3.611,136.5335161,8.454,2011,12,50,4,0,1529615.54,1335647.1,1297535.69,1481008.5,1378627.3058333332
24,0,36.93,3.587,136.5883871,8.454,2011,12,51,4,0,1624994.43,1529615.54,1761235.67,1562873.185,1411345.4675
24,1,33.45,3.566,136.6432581,8.454,2011,12,52,4,0,2168344.23,1624994.43,1335647.1,1664650.325,1488187.2691666668
24,0,32.86,3.585,136.698129,8.659,2012,1,1,4,0,1363973.16,2168344.23,1529615.54,1671731.8399999999,1484692.1666666667
24,0,36.5,3.666,136.753,8.659,2012,1,2,4,0,1251581.89,1363973.16,1624994.43,1602223.4275,1477881.0716666665
24,0,25.73,3.705,136.8564194,8.659,2012,1,3,4,0,1155594.2,1251581.89,2168344.23,1484873.3699999999,1467216.9691666665
24,0,31.92,3.737,136.9598387,8.659,2012,1,4,4,0,1151993.85,1155594.2,1363973.16,1230785.775,1454287.8941666668
24,0,38.61,3.796,137.0632581,8.659,2012,2,5,4,0,1057290.41,1151993.85,1251581.89,1154115.0875,1426907.0633333335
24,1,33.82,3.826,137.1666774,8.659,2012,2,6,4,0,1249696.97,1057290.41,1155594.2,1153643.8575,1412291.9283333335
24,0,33.92,3.874,137.2583103,8.659,2012,2,7,4,0,1403460.87,1249696.97,1151993.85,1215610.525,1421119.0266666666
24,0,37.35,3.917,137.3411034,8.659,2012,2,8,4,0,1326370.08,1403460.87,1057290.41,1259204.5825,1384880.2275
24,0,35.36,3.983,137.4238966,8.659,2012,3,9,4,0,1303233.15,1326370.08,1249696.97,1320690.2675,1382179.065
24,0,41.5,4.021,137.5066897,8.659,2012,3,10,4,0,1213994.39,1303233.15,1403460.87,1311764.6225,1355877.3025
24,0,48.68,4.021,137.5843871,8.659,2012,3,11,4,0,1325835.7,1213994.39,1326370.08,1292358.33,1330947.4083333332
24,0,59.51,4.054,137.6552903,8.659,2012,3,12,4,0,1239299.12,1325835.7,1303233.15,1270590.59,1253526.9825
24,0,47.28,4.098,137.7261935,8.659,2012,3,13,4,0,1221723.94,1239299.12,1213994.39,1250213.2874999999,1241672.8808333334
24,0,45.25,4.143,137.7970968,8.983,2012,4,14,4,0,1230106.13,1221723.94,1325835.7,1254241.2225,1239883.2341666666
24,0,48.65,4.187,137.868,8.983,2012,4,15,4,0,1524734.29,1230106.13,1239299.12,1303965.8699999999,1270644.9083333334
24,0,61.05,4.17,137.9230667,8.983,2012,4,16,4,0,1285783.87,1524734.29,1221723.94,1315587.0574999999,1281794.0766666667
24,0,49.26,4.163,137.9781333,8.983,2012,4,17,4,0,1208654.4,1285783.87,1230106.13,1312319.6725,1294407.7425
24,0,52.14,4.124,138.0332,8.983,2012,5,18,4,0,1194334.65,1208654.4,1524734.29,1303376.8025,1289794.2158333333
24,0,58.7,4.055,138.0882667,8.983,2012,5,19,4,0,1306551.71,1194334.65,1285783.87,1248831.1575,1281718.4525
24,0,63.1,4.029,138.1065806,8.983,2012,5,20,4,0,1355391.79,1306551.71,1208654.4,1266233.1375,1284136.9283333332
24,0,65.79,3.979,138.1101935,8.983,2012,5,21,4,0,1298809.8,1355391.79,1194334.65,1288771.9874999998,1283768.3158333334
24,0,71.79,3.915,138.1138065,8.983,2012,6,22,4,0,1407897.57,1298809.8,1306551.71,1342162.7175,1299926.9141666668
24,0,59.93,3.871,138.1174194,8.983,2012,6,23,4,0,1467722.19,1407897.57,1355391.79,1382455.3375000001,1311750.7883333333
24,0,68.28,3.786,138.1295333,8.983,2012,6,24,4,0,1406313.13,1467722.19,1298809.8,1395185.6725,1325668.6224999998
24,0,72.29,3.722,138.1629,8.983,2012,6,25,4,0,1364445.98,1406313.13,1407897.57,1411594.7175,1337562.1258333332
24,0,70.4,3.667,138.1962667,8.983,2012,6,26,4,0,1434709.63,1364445.98,1467722.19,1418297.7325,1354612.4175
24,0,77.18,3.646,138.2296333,8.953,2012,7,27,4,0,1428869.9,1434709.63,1406313.13,1408584.66,1346623.7183333333
24,0,75.36,3.689,138.263,8.953,2012,7,28,4,0,1645097.75,1428869.9,1364445.98,1468280.815,1376566.5416666665
24,0,76.42,3.732,138.2331935,8.953,2012,7,29,4,0,1405475.78,1645097.75,1434709.63,1478538.2650000001,1392968.3233333335
24,0,73.62,3.82,138.2033871,8.953,2012,7,30,4,0,1394299.0,1405475.78,1428869.9,1468435.6075,1409632.0191666668
24,0,73.26,3.819,138.1735806,8.953,2012,8,31,4,0,1307339.14,1394299.0,1645097.75,1438052.9175,1409697.6383333334
25,0,50.97,2.921,203.6503685,7.856,2010,4,17,4,0,694531.72,715311.6,822486.37,736244.4149999999,682767.0033333333
25,0,63.67,2.966,203.6101784,7.856,2010,5,18,4,0,706924.02,694531.72,712647.97,707353.8275,685241.3691666668
25,0,50.27,2.982,203.6133915,7.856,2010,5,19,4,0,724468.97,706924.02,715311.6,710309.0775,697000.115
25,0,57.17,2.958,203.8770235,7.856,2010,5,20,4,0,698073.95,724468.97,694531.72,705999.6649999999,698817.8883333333
25,0,69.31,2.899,204.1406556,7.856,2010,5,21,4,0,704113.22,698073.95,706924.02,708395.04,705117.6091666665
25,0,69.22,2.847,204.4042877,7.856,2010,6,22,4,0,792442.54,704113.22,724468.97,729774.67,715675.3158333333
25,0,63.68,2.809,204.6679198,7.856,2010,6,23,4,0,764155.44,792442.54,698073.95,739696.2875,724303.27
25,0,69.56,2.78,204.670036,7.856,2010,6,24,4,0,737163.2,764155.44,704113.22,749468.6,730750.5499999999
25,0,72.17,2.808,204.5675459,7.856,2010,6,25,4,0,780444.94,737163.2,792442.54,768551.5299999999,737730.3283333333
25,0,66.42,2.815,204.4650559,7.527,2010,7,26,4,0,737569.14,780444.94,764155.44,754833.1799999999,730653.8925000001
25,0,75.24,2.793,204.3625658,7.527,2010,7,27,4,0,759407.87,737569.14,737163.2,753646.2875,734550.5508333333
25,0,73.43,2.783,204.3571656,7.527,2010,7,28,4,0,719591.13,759407.87,780444.94,749253.27,734907.1783333333
25,0,75.37,2.771,204.4812188,7.527,2010,7,29,4,0,726997.84,719591.13,737569.14,735891.495,737612.6883333334
25,0,71.99,2.781,204.605272,7.527,2010,7,30,4,0,665290.93,726997.84,759407.87,717821.9425,734143.2641666667
25,0,71.79,2.784,204.7293252,7.527,2010,8,31,4,0,682124.34,665290.93,719591.13,698501.0599999999,730614.5449999999
25,0,72.73,2.805,204.8533784,7.527,2010,8,32,4,0,699464.43,682124.34,726997.84,693469.385,730730.4183333333
25,0,71.81,2.779,204.8217044,7.527,2010,8,33,4,0,686072.39,699464.43,665290.93,683238.0225000001,729227.0158333333
25,0,67.15,2.755,204.7900305,7.527,2010,8,34,4,0,724499.81,686072.39,682124.34,698040.2425,723565.1216666666
25,0,71.17,2.715,204.7583566,7.527,2010,9,35,4,0,711461.95,724499.81,699464.43,705374.645,719173.9975
25,1,61.14,2.699,204.7266827,7.527,2010,9,36,4,0,685700.08,711461.95,686072.39,701933.5575,714885.4041666667
25,0,60.13,2.706,204.7513279,7.527,2010,9,37,4,0,655811.95,685700.08,724499.81,694368.4475,704499.3216666667
25,0,65.06,2.713,204.8182126,7.527,2010,9,38,4,0,628989.88,655811.95,711461.95,670490.965,695451.0499999999
25,0,57.56,2.707,204.8850973,7.484,2010,10,39,4,0,607819.33,628989.88,685700.08,644580.31,682818.6716666666
25,0,48.46,2.764,204.951982,7.484,2010,10,40,4,0,658640.14,607819.33,655811.95,637815.325,677739.4225
25,0,54.09,2.868,205.0137637,7.484,2010,10,41,4,0,674283.86,658640.14,628989.88,642433.3025,673346.5908333333
25,0,46.73,2.917,205.0627881,7.484,2010,10,42,4,0,616094.72,674283.86,607819.33,639209.5125,669246.9066666667
25,0,55.72,2.921,205.1118126,7.484,2010,10,43,4,0,661644.19,616094.72,658640.14,652665.7275,667540.2274999999
25,0,38.8,2.917,205.160837,7.484,2010,11,44,4,0,674458.03,661644.19,674283.86,656620.2,665456.3608333333
25,0,40.68,2.931,205.2098614,7.484,2010,11,45,4,0,696314.53,674458.03,616094.72,662127.8674999999,666309.8725
25,0,42.72,3.0,205.0992811,7.484,2010,11,46,4,0,713250.08,696314.53,661644.19,686416.7075,665372.3949999999
25,1,43.43,3.039,204.9621,7.484,2010,11,47,4,0,718056.73,713250.08,674458.03,700519.8425,665921.96
25,0,32.41,3.046,204.8249189,7.484,2010,12,48,4,0,1115240.61,718056.73,696314.53,810715.4874999999,701717.0041666665
25,0,22.65,3.109,204.6877378,7.484,2010,12,49,4,0,885572.96,1115240.61,713250.08,858030.095,720863.755
25,0,21.6,3.14,204.6321194,7.484,2010,12,50,4,0,964729.18,885572.96,718056.73,920899.87,748842.0299999999
25,0,22.94,3.141,204.6376731,7.484,2010,12,51,4,0,1047707.59,964729.18,1115240.61,1003312.585,785499.3850000001
25,1,25.89,3.179,204.6432267,7.484,2010,12,52,4,0,1295391.19,1047707.59,885572.96,1048350.23,838561.9725
25,0,29.0,3.193,204.6487803,7.343,2011,1,1,4,0,623092.54,1295391.19,964729.18,982730.125,834296.0291666667
25,0,18.3,3.205,204.7026042,7.343,2011,1,2,4,0,558794.63,623092.54,1047707.59,881246.4874999999,829521.0216666666
25,0,23.21,3.229,205.0460497,7.343,2011,1,3,4,0,572360.83,558794.63,1295391.19,762409.7975,822080.7416666667
25,0,18.92,3.237,205.3894952,7.343,2011,1,4,4,0,568093.57,572360.83,623092.54,580585.3925,813217.0366666667
25,0,23.94,3.231,205.7329407,7.343,2011,2,5,4,0,600448.69,568093.57,558794.63,574924.4299999999,805228.2166666667
25,1,21.18,3.239,206.0763862,7.343,2011,2,6,4,0,639830.45,600448.69,572360.83,595183.385,799109.9141666666
25,0,38.42,3.245,206.3694701,7.343,2011,2,7,4,0,615666.78,639830.45,568093.57,606009.8724999999,790577.4183333335
25,0,28.36,3.274,206.6424093,7.343,2011,2,8,4,0,634637.03,615666.78,600448.69,622645.7375,750527.12
25,0,31.59,3.433,206.9153485,7.343,2011,3,9,4,0,570816.34,634637.03,639830.45,615237.65,724297.4016666667
25,0,36.73,3.582,207.1882876,7.343,2011,3,10,4,0,640912.18,570816.34,615666.78,615508.0825,697312.6516666666
25,0,40.94,3.631,207.4283845,7.343,2011,3,11,4,0,599828.39,640912.18,634637.03,611548.4850000001,659989.385
25,0,38.51,3.625,207.6553444,7.343,2011,3,12,4,0,603393.64,599828.39,570816.34,603737.6375,602322.9225
25,0,28.5,3.638,207.8823043,7.287,2011,4,13,4,0,616324.24,603393.64,640912.18,615114.6125,601758.8975
25,0,42.11,3.72,208.1092642,7.287,2011,4,14,4,0,618377.79,616324.24,599828.39,609481.015,606724.1608333333
25,0,51.43,3.821,208.3172811,7.287,2011,4,15,4,0,648606.13,618377.79,603393.64,621675.45,613077.9358333333
25,0,45.87,3.892,208.4779405,7.287,2011,4,16,4,0,674562.45,648606.13,616324.24,639467.6525,621950.3425
25,0,58.43,3.962,208.6386,7.287,2011,4,17,4,0,756588.42,674562.45,618377.79,674533.6975,634961.9866666667
25,0,49.5,4.046,208.7992595,7.287,2011,5,18,4,0,649245.0,756588.42,648606.13,682250.5,635746.5325000001
25,0,60.1,4.066,208.9599189,7.287,2011,5,19,4,0,659446.55,649245.0,674562.45,684960.605,639394.8466666667
25,0,56.56,4.062,208.7583165,7.287,2011,5,20,4,0,684783.15,659446.55,756588.42,687515.78,643573.6900000001
25,0,67.18,3.985,208.556714,7.287,2011,5,21,4,0,677971.33,684783.15,649245.0,667861.5075000001,652503.2725000001
25,0,70.69,3.922,208.3551116,7.287,2011,6,22,4,0,718373.94,677971.33,659446.55,685143.7425,658958.4191666667
25,0,71.45,3.881,208.1535092,7.287,2011,6,23,4,0,737551.74,718373.94,684783.15,704670.0399999999,670435.365
25,0,63.58,3.842,208.1265604,7.287,2011,6,24,4,0,740259.63,737551.74,677971.33,718539.1599999999,681840.8641666666
25,0,70.71,3.804,208.2306018,7.287,2011,6,25,4,0,717373.43,740259.63,718373.94,728389.6849999999,690261.63
25,0,66.61,3.748,208.3346432,7.274,2011,7,26,4,0,699270.1,717373.43,737551.74,723613.725,697002.6558333334
25,0,71.64,3.711,208.4386847,7.274,2011,7,27,4,0,706206.86,699270.1,740259.63,715777.505,701802.7166666667
25,0,72.67,3.76,208.5309337,7.274,2011,7,28,4,0,698529.64,706206.86,717373.43,705345.0075,703799.9824999999
25,0,78.1,3.811,208.5937018,7.274,2011,7,29,4,0,680510.23,698529.64,699270.1,696129.2075,697460.1333333333
25,0,74.72,3.829,208.6564699,7.274,2011,7,30,4,0,670854.96,680510.23,706206.86,689025.4225,699260.9633333334
25,0,74.0,3.842,208.719238,7.274,2011,8,31,4,0,668390.82,670854.96,698529.64,679571.4125,700006.3191666667
25,0,70.93,3.812,208.7820061,7.274,2011,8,32,4,0,679706.01,668390.82,680510.23,674865.505,699583.2241666666
25,0,68.09,3.747,208.8424359,7.274,2011,8,33,4,0,667130.48,679706.01,670854.96,671520.5675,698679.82
25,0,66.8,3.704,208.902476,7.274,2011,8,34,4,0,688958.75,667130.48,668390.82,676046.515,696228.5541666667
25,0,67.2,3.703,208.9625161,7.274,2011,9,35,4,0,726422.55,688958.75,679706.01,690554.4475,695301.1216666667
25,1,67.51,3.738,209.0225562,7.274,2011,9,36,4,0,699779.0,726422.55,667130.48,695572.695,691927.7358333333
25,0,62.05,3.742,209.1893892,7.274,2011,9,37,4,0,673248.48,699779.0,688958.75,697102.195,688250.6566666666
25,0,60.28,3.711,209.4986126,7.274,2011,9,38,4,0,628720.46,673248.48,726422.55,682042.6224999999,682371.5199999999
25,0,60.7,3.645,209.807836,7.274,2011,9,39,4,0,620885.93,628720.46,699779.0,655658.4675,675261.4425
25,0,50.82,3.583,210.1170595,7.082,2011,10,40,4,0,639160.24,620885.93,673248.48,640503.7775000001,670313.9925
25,0,58.95,3.541,210.4027602,7.082,2011,10,41,4,0,671522.87,639160.24,628720.46,640072.375,669565.0458333333
25,0,50.22,3.57,210.5473252,7.082,2011,10,42,4,0,646915.47,671522.87,620885.93,644621.1275000001,667570.0883333334
25,0,46.28,3.569,210.6918901,7.082,2011,10,43,4,0,690675.5,646915.47,639160.24,662068.52,669427.145
25,0,40.88,3.551,210.8364551,7.082,2011,11,44,4,0,724443.97,690675.5,671522.87,683389.4525,673155.3083333333
25,0,44.81,3.53,210.9810201,7.082,2011,11,45,4,0,718393.61,724443.97,646915.47,695107.1375,677427.2358333333
25,0,46.41,3.53,211.1847207,7.082,2011,11,46,4,0,719235.07,718393.61,690675.5,713187.0375,679950.2625
25,1,43.49,3.492,211.4120757,7.082,2011,11,47,4,0,728525.6,719235.07,724443.97,722649.5625,680125.5166666666
25,0,42.85,3.452,211.6394306,7.082,2011,12,48,4,0,1116211.39,728525.6,718393.61,820591.4175,714828.2158333333
25,0,38.69,3.415,211.8667856,7.082,2011,12,49,4,0,878314.57,1116211.39,719235.07,860571.6575,731917.0566666666
25,0,33.09,3.413,212.0685039,7.082,2011,12,50,4,0,916446.02,878314.57,728525.6,909874.395,755894.1866666666
25,0,36.56,3.389,212.2360401,7.082,2011,12,51,4,0,997502.47,916446.02,1116211.39,977118.6124999999,787278.8983333334
25,1,32.42,3.389,212.4035763,7.082,2011,12,52,4,0,1290532.97,997502.47,878314.57,1020699.0075,841559.9591666666
25,0,30.23,3.422,212.5711125,6.961,2012,1,1,4,0,683665.37,1290532.97,916446.02,972036.7075,842571.8341666666
25,0,34.6,3.513,212.7386486,6.961,2012,1,2,4,0,636419.12,683665.37,997502.47,902029.9824999999,841697.1383333333
25,0,23.87,3.533,212.8336399,6.961,2012,1,3,4,0,614764.31,636419.12,1290532.97,806345.4425000001,835371.2058333334
25,0,32.24,3.567,212.9286312,6.961,2012,1,4,4,0,594744.89,614764.31,683665.37,632398.4225,824562.9491666667
25,0,34.98,3.617,213.0236225,6.961,2012,2,5,4,0,589554.29,594744.89,636419.12,608870.6525,813826.3391666667
25,1,32.47,3.64,213.1186138,6.961,2012,2,6,4,0,642776.4,589554.29,614764.31,610459.9725,807454.7833333333
25,0,32.23,3.695,213.2732106,6.961,2012,2,7,4,0,658984.38,642776.4,594744.89,621514.99,801659.6816666666
25,0,35.51,3.739,213.4725116,6.961,2012,2,8,4,0,654088.02,658984.38,589554.29,636350.7725,763149.4008333334
25,0,36.01,3.816,213.6718127,6.961,2012,3,9,4,0,613501.05,654088.02,642776.4,642337.4625,741081.6075
25,0,37.44,3.848,213.8711137,6.961,2012,3,10,4,0,643155.89,613501.05,658984.38,642432.335,718307.43
25,0,50.64,3.862,214.0167132,6.961,2012,3,11,4,0,643711.53,643155.89,654088.02,638614.1225,688824.8516666667
25,0,62.7,3.9,214.0907105,6.961,2012,3,12,4,0,638204.27,643711.53,613501.05,634643.185,634464.1266666666
25,0,47.92,3.953,214.1647079,6.961,2012,3,13,4,0,672831.78,638204.27,643155.89,649475.8674999999,633561.3275
25,0,44.73,3.996,214.2387053,7.139,2012,4,14,4,0,684348.92,672831.78,643711.53,659774.125,637555.4775
25,0,42.46,4.044,214.3127027,7.139,2012,4,15,4,0,791356.9,684348.92,638204.27,696685.4675,652271.5266666667
25,0,57.1,4.027,214.3675045,7.139,2012,4,16,4,0,658691.56,791356.9,672831.78,701807.29,657600.4158333334
25,0,44.2,4.004,214.4223063,7.139,2012,4,17,4,0,661566.48,658691.56,684348.92,698990.965,663601.4316666668
25,0,58.76,3.951,214.4771081,7.139,2012,5,18,4,0,655157.32,661566.48,791356.9,691693.065,664633.1749999999
25,0,59.21,3.889,214.5319099,7.139,2012,5,19,4,0,696421.72,655157.32,658691.56,667959.27,667752.9533333334
25,0,58.21,3.848,214.5485571,7.139,2012,5,20,4,0,739866.16,696421.72,661566.48,688252.9199999999,674901.1316666667
25,0,67.69,3.798,214.5499425,7.139,2012,5,21,4,0,717207.19,739866.16,655157.32,702163.0974999999,683543.3099999999
25,0,69.54,3.742,214.5513278,7.139,2012,6,22,4,0,783371.02,717207.19,696421.72,734216.5225,695227.9041666667
25,0,58.48,3.689,214.5527132,7.139,2012,6,23,4,0,694765.95,783371.02,739866.16,733802.58,699482.4391666666
25,0,68.34,3.62,214.5653243,7.139,2012,6,24,4,0,730254.19,694765.95,717207.19,731399.5875,707153.2658333333
25,0,73.52,3.564,214.606,7.139,2012,6,25,4,0,753860.89,730254.19,783371.02,740563.0125000001,713905.6916666668
25,0,69.84,3.506,214.6466757,7.139,2012,6,26,4,0,721601.9,753860.89,694765.95,725120.7325,717010.1066666666
25,0,75.52,3.475,214.6873514,7.28,2012,7,27,4,0,718890.81,721601.9,730254.19,731151.9475,710971.2658333333
25,0,73.87,3.523,214.728027,7.28,2012,7,28,4,0,753385.55,718890.81,753860.89,736934.7875000001,718862.4316666666
25,0,74.32,3.567,214.7331351,7.28,2012,7,29,4,0,714093.95,753385.55,721601.9,726993.0525,723239.7208333333
25,0,72.98,3.647,214.7382432,7.28,2012,7,30,4,0,685676.58,714093.95,718890.81,718011.7225,725782.9925
25,0,72.08,3.654,214.7433514,7.28,2012,8,31,4,0,659109.53,685676.58,753385.55,703066.4025,722673.6433333332
26,0,40.56,2.935,132.0644333,8.512,2010,4,17,4,0,881930.87,905548.38,1029849.2,959905.565,959182.5283333333
26,0,54.72,2.981,132.1062,8.512,2010,5,18,4,0,904503.85,881930.87,1022293.81,928569.2275,948381.2483333334
26,0,39.08,2.983,132.152129,8.512,2010,5,19,4,0,1074479.73,904503.85,905548.38,941615.7075,953280.8850000001
26,0,50.81,2.961,132.2230323,8.512,2010,5,20,4,0,972663.59,1074479.73,881930.87,958394.51,951057.1383333333
26,0,61.65,2.906,132.2939355,8.512,2010,5,21,4,0,986765.01,972663.59,904503.85,984603.045,962005.4716666667
26,0,58.46,2.857,132.3648387,8.512,2010,6,22,4,0,1069851.59,986765.01,1074479.73,1025939.98,967353.9725
26,0,51.62,2.83,132.4357419,8.512,2010,6,23,4,0,1003202.66,1069851.59,972663.59,1008120.7125,970672.3533333334
26,0,53.62,2.805,132.4733333,8.512,2010,6,24,4,0,1073862.59,1003202.66,986765.01,1033420.4625,984880.3566666668
26,0,63.78,2.81,132.4976,8.512,2010,6,25,4,0,1001286.67,1073862.59,1069851.59,1037050.8775,993853.1625000001
26,0,58.9,2.815,132.5218667,8.445,2010,7,26,4,0,976242.09,1001286.67,1003202.66,1013648.5025,989385.9033333333
26,0,71.08,2.806,132.5461333,8.445,2010,7,27,4,0,1078455.48,976242.09,1073862.59,1032461.7075,994066.0425
26,0,67.66,2.796,132.5667742,8.445,2010,7,28,4,0,1122356.53,1078455.48,1001286.67,1044585.1925,1012133.3883333333
26,0,65.4,2.784,132.5825806,8.445,2010,7,29,4,0,1028151.72,1122356.53,976242.09,1051301.455,1024318.4591666666
26,0,63.79,2.792,132.5983871,8.445,2010,7,30,4,0,971615.62,1028151.72,1078455.48,1050144.8375000001,1029911.1066666666
26,0,62.93,2.792,132.6141935,8.445,2010,8,31,4,0,1005324.28,971615.62,1122356.53,1031862.0375,1024148.1525
26,0,61.58,2.81,132.63,8.445,2010,8,32,4,0,1125329.77,1005324.28,1028151.72,1032605.3475,1036870.3341666666
26,0,62.68,2.796,132.6616129,8.445,2010,8,33,4,0,1011938.29,1125329.77,971615.62,1028551.99,1038968.1074999999
26,0,57.23,2.77,132.6932258,8.445,2010,8,34,4,0,1007385.36,1011938.29,1005324.28,1037494.425,1033762.5883333334
26,0,66.93,2.735,132.7248387,8.445,2010,9,35,4,0,977322.52,1007385.36,1125329.77,1030493.985,1031605.91
26,1,54.82,2.717,132.7564516,8.445,2010,9,36,4,0,1037549.71,977322.52,1011938.29,1008548.97,1028579.8366666666
26,0,50.08,2.716,132.7670667,8.445,2010,9,37,4,0,1042226.3,1037549.71,1007385.36,1016120.9725,1031991.4725
26,0,52.47,2.718,132.7619333,8.445,2010,9,38,4,0,923473.7,1042226.3,977322.52,995143.0575,1027594.1066666666
26,0,57.8,2.717,132.7568,8.149,2010,10,39,4,0,868636.3,923473.7,1037549.71,967971.5025000001,1010109.1749999999
26,0,46.81,2.776,132.7516667,8.149,2010,10,40,4,0,923221.52,868636.3,1042226.3,939389.4550000001,993514.5908333333
26,0,39.93,2.878,132.7633548,8.149,2010,10,41,4,0,1001069.52,923221.52,923473.7,929100.26,991257.7408333332
26,0,36.13,2.919,132.8170968,8.149,2010,10,42,4,0,937956.89,1001069.52,868636.3,932721.0575000001,988452.8466666667
26,0,40.3,2.938,132.8708387,8.149,2010,10,43,4,0,916522.66,937956.89,923221.52,944692.6475,981052.7116666668
26,0,30.51,2.938,132.9245806,8.149,2010,11,44,4,0,895069.88,916522.66,1001069.52,937654.7375,961864.3875000001
26,0,37.51,2.961,132.9783226,8.149,2010,11,45,4,0,970224.51,895069.88,937956.89,929943.485,958388.2391666668
26,0,36.73,3.03,132.9172,8.149,2010,11,46,4,0,971193.01,970224.51,916522.66,938252.5149999999,955372.21
26,1,28.11,3.07,132.8369333,8.149,2010,11,47,4,0,901972.7,971193.01,895069.88,934615.025,949093.0583333332
26,0,27.73,3.065,132.7566667,8.149,2010,12,48,4,0,1286833.62,901972.7,970224.51,1032555.96,969866.7175000001
26,0,16.6,3.132,132.6764,8.149,2010,12,49,4,0,1016143.64,1286833.62,971193.01,1044035.7425,967693.1625
26,0,20.61,3.139,132.6804516,8.149,2010,12,50,4,0,1149612.04,1016143.64,901972.7,1088640.5,986538.0241666668
26,0,21.81,3.15,132.7477419,8.149,2010,12,51,4,0,1196813.33,1149612.04,1286833.62,1162350.6575000002,1013886.11
26,1,18.73,3.177,132.8150323,8.149,2010,12,52,4,0,1573982.47,1196813.33,1016143.64,1234137.87,1068116.1891666667
26,0,21.13,3.193,132.8823226,7.907,2011,1,1,4,0,877268.29,1573982.47,1149612.04,1199419.0325,1057799.4200000002
26,0,16.7,3.215,132.9510645,7.907,2011,1,2,4,0,938149.21,877268.29,1196813.33,1146553.325,1057815.4466666668
26,0,12.98,3.232,133.0285161,7.907,2011,1,3,4,0,812323.29,938149.21,1573982.47,1050430.815,1049132.1658333333
26,0,5.54,3.243,133.1059677,7.907,2011,1,4,4,0,809833.21,812323.29,877268.29,859393.5,1042029.11
26,0,11.17,3.24,133.1834194,7.907,2011,2,5,4,0,817485.14,809833.21,938149.21,844447.7125,1029300.8291666666
26,1,15.12,3.255,133.260871,7.907,2011,2,6,4,0,911807.02,817485.14,812323.29,837862.1649999999,1024351.9966666667
26,0,19.63,3.263,133.3701429,7.907,2011,2,7,4,0,1010711.08,911807.02,809833.21,887459.1125,1033413.5283333333
26,0,16.3,3.281,133.4921429,7.907,2011,2,8,4,0,981978.02,1010711.08,817485.14,930495.3150000001,1008008.895
26,0,14.31,3.437,133.6141429,7.907,2011,3,9,4,0,910298.44,981978.02,911807.02,953698.64,999188.4616666668
26,0,28.13,3.6,133.7361429,7.907,2011,3,10,4,0,945643.17,910298.44,1010711.08,962157.6775,982191.0558333333
26,0,31.76,3.634,133.8492258,7.907,2011,3,11,4,0,946614.55,945643.17,981978.02,946133.545,961341.1575000001
26,0,22.99,3.624,133.9587419,7.907,2011,3,12,4,0,887426.12,946614.55,910298.44,922495.5700000001,904128.1283333333
26,0,22.99,3.638,134.0682581,7.818,2011,4,13,4,0,866566.54,887426.12,945643.17,911562.595,903236.3158333334
26,0,29.09,3.72,134.1777742,7.818,2011,4,14,4,0,849231.61,866566.54,946614.55,887459.7050000001,895826.5158333333
26,0,39.46,3.823,134.2784667,7.818,2011,4,15,4,0,985229.81,849231.61,887426.12,897113.52,910235.3925000001
26,0,33.81,3.919,134.3571,7.818,2011,4,16,4,0,863266.12,985229.81,866566.54,891073.52,914688.1349999999
26,0,47.17,3.988,134.4357333,7.818,2011,4,17,4,0,921700.61,863266.12,849231.61,904857.0375,923372.7575
26,0,45.0,4.078,134.5143667,7.818,2011,5,18,4,0,873450.29,921700.61,985229.81,910911.7075,920176.3633333333
26,0,48.2,4.095,134.593,7.818,2011,5,19,4,0,1024778.23,873450.29,863266.12,920798.8125,921348.6258333335
26,0,48.86,4.101,134.6803871,7.818,2011,5,20,4,0,941008.85,1024778.23,921700.61,940234.4949999999,917934.5283333333
26,0,56.74,4.034,134.7677742,7.818,2011,5,21,4,0,938334.62,941008.85,873450.29,944392.9974999999,920270.8766666666
26,0,60.49,3.973,134.8551613,7.818,2011,6,22,4,0,996723.58,938334.62,1024778.23,975211.32,924527.5775
26,0,59.85,3.924,134.9425484,7.818,2011,6,23,4,0,1054454.4,996723.58,941008.85,982630.3624999999,933514.2316666666
26,0,54.5,3.873,135.0837333,7.818,2011,6,24,4,0,1094058.68,1054454.4,938334.62,1020892.8199999998,950733.6116666667
26,0,56.94,3.851,135.2652667,7.818,2011,6,25,4,0,981646.46,1094058.68,996723.58,1031720.78,960323.605
26,0,59.89,3.815,135.4468,7.767,2011,7,26,4,0,997474.93,981646.46,1054454.4,1031908.6174999999,972677.215
26,0,63.34,3.784,135.6283333,7.767,2011,7,27,4,0,1070119.09,997474.93,1094058.68,1035824.79,979751.3216666667
26,0,64.43,3.827,135.7837419,7.767,2011,7,28,4,0,1133807.03,1070119.09,981646.46,1045761.8775000002,1002296.3975
26,0,69.52,3.882,135.8738387,7.767,2011,7,29,4,0,1021534.7,1133807.03,997474.93,1055733.9375,1010615.9050000001
26,0,63.32,3.898,135.9639355,7.767,2011,7,30,4,0,1017867.8,1021534.7,1070119.09,1060832.155,1022650.6974999999
26,0,63.16,3.903,136.0540323,7.767,2011,8,31,4,0,1005360.5,1017867.8,1133807.03,1044642.5075000001,1021032.5533333332
26,0,62.99,3.88,136.144129,7.767,2011,8,32,4,0,1107552.43,1005360.5,1021534.7,1038078.8574999999,1034911.1849999999
26,0,60.58,3.82,136.183129,7.767,2011,8,33,4,0,1087644.5,1107552.43,1017867.8,1054606.3075,1047353.6750000002
26,0,61.1,3.796,136.2136129,7.767,2011,8,34,4,0,1021766.75,1087644.5,1005360.5,1055581.045,1049440.6058333332
26,0,59.67,3.784,136.2440968,7.767,2011,9,35,4,0,1064617.62,1021766.75,1107552.43,1070395.3250000002,1050287.5408333333
26,1,60.98,3.809,136.2745806,7.767,2011,9,36,4,0,1040143.14,1064617.62,1087644.5,1053543.0025,1045794.5791666667
26,0,55.19,3.809,136.3145,7.767,2011,9,37,4,0,1069710.97,1040143.14,1021766.75,1049059.62,1053133.2883333333
26,0,50.72,3.758,136.367,7.767,2011,9,38,4,0,951569.84,1069710.97,1064617.62,1031510.3925,1049307.8641666665
26,0,59.42,3.684,136.4195,7.767,2011,9,39,4,0,923644.6,951569.84,1040143.14,996267.1375,1037101.6566666666
26,0,46.84,3.633,136.472,7.598,2011,10,40,4,0,959339.51,923644.6,1069710.97,976066.23,1022562.6966666668
26,0,53.91,3.583,136.5150968,7.598,2011,10,41,4,0,1130022.99,959339.51,951569.84,991144.235,1031603.3874999998
26,0,45.23,3.618,136.5017742,7.598,2011,10,42,4,0,987886.08,1130022.99,923644.6,1000223.295,1029104.9108333333
26,0,35.06,3.604,136.4884516,7.598,2011,10,43,4,0,974907.28,987886.08,959339.51,1013038.965,1026567.1425000001
26,0,31.7,3.586,136.475129,7.598,2011,11,44,4,0,972256.98,974907.28,1130022.99,1016268.3324999999,1015292.5216666668
26,0,40.08,3.57,136.4618065,7.598,2011,11,45,4,0,988950.75,972256.98,987886.08,981000.2725,1007068.0425000001
26,0,37.78,3.571,136.4666667,7.598,2011,11,46,4,0,1077640.13,988950.75,974907.28,1003438.7849999999,1011724.1575000001
26,1,31.07,3.536,136.4788,7.598,2011,11,47,4,0,946091.79,1077640.13,972256.98,996234.9125,1001847.0049999999
26,0,36.74,3.501,136.4909333,7.598,2011,12,48,4,0,1282320.05,946091.79,988950.75,1073750.68,1022028.4141666666
26,0,34.24,3.47,136.5030667,7.598,2011,12,49,4,0,1012498.49,1282320.05,1077640.13,1079637.615,1017260.7075
26,0,28.24,3.445,136.5335161,7.598,2011,12,50,4,0,1148987.46,1012498.49,946091.79,1097474.4475,1033712.1758333333
26,0,22.53,3.413,136.5883871,7.598,2011,12,51,4,0,1204807.83,1148987.46,1282320.05,1162153.4575,1057142.445
26,1,18.8,3.402,136.6432581,7.598,2011,12,52,4,0,1515175.01,1204807.83,1012498.49,1220367.1975,1103462.07
26,0,22.94,3.439,136.698129,7.467,2012,1,1,4,0,972834.42,1515175.01,1148987.46,1210451.18,1090363.0225000002
26,0,25.55,3.523,136.753,7.467,2012,1,2,4,0,971557.62,972834.42,1204807.83,1166093.72,1089002.3175000001
26,0,15.22,3.542,136.8564194,7.467,2012,1,3,4,0,836305.65,971557.62,1515175.01,1073968.175,1077452.1816666666
26,0,24.16,3.568,136.9598387,7.467,2012,1,4,4,0,838751.5,836305.65,972834.42,904862.2975000001,1066326.7249999999
26,0,25.24,3.633,137.0632581,7.467,2012,2,5,4,0,820059.89,838751.5,971557.62,866668.665,1052252.4866666666
26,1,23.89,3.655,137.1666774,7.467,2012,2,6,4,0,939158.25,820059.89,836305.65,858568.8225,1040712.3300000001
26,0,23.9,3.703,137.2583103,7.467,2012,2,7,4,0,1081005.64,939158.25,838751.5,919743.82,1051955.1508333334
26,0,28.06,3.751,137.3411034,7.467,2012,2,8,4,0,965788.76,1081005.64,820059.89,951503.135,1025577.5433333333
26,0,22.49,3.827,137.4238966,7.467,2012,3,9,4,0,917924.47,965788.76,939158.25,975969.28,1017696.375
26,0,29.03,3.876,137.5066897,7.467,2012,3,10,4,0,955641.74,917924.47,1081005.64,980090.1525000001,1001584.2316666666
26,0,35.06,3.867,137.5843871,7.467,2012,3,11,4,0,1028569.01,955641.74,965788.76,966980.995,986897.6633333332
26,0,49.97,3.889,137.6552903,7.467,2012,3,12,4,0,919503.4,1028569.01,917924.47,955409.6549999999,937258.3624999999
26,0,33.33,3.921,137.7261935,7.467,2012,3,13,4,0,874790.68,919503.4,955641.74,944626.2075,929088.0508333333
26,0,33.35,3.957,137.7970968,7.489,2012,4,14,4,0,922018.43,874790.68,1028569.01,936220.38,924959.785
26,0,36.9,4.025,137.868,7.489,2012,4,15,4,0,1116829.23,922018.43,919503.4,958285.435,948336.75
26,0,50.81,4.046,137.9230667,7.489,2012,4,16,4,0,889670.29,1116829.23,874790.68,950827.1575000001,952579.9824999999
26,0,43.6,4.023,137.9781333,7.489,2012,4,17,4,0,923600.02,889670.29,922018.43,963029.4925,961208.3266666667
26,0,40.29,3.991,138.0332,7.489,2012,5,18,4,0,911969.0,923600.02,1116829.23,960517.135,958942.5558333333
26,0,47.11,3.947,138.0882667,7.489,2012,5,19,4,0,946573.29,911969.0,889670.29,917953.15,947739.86
26,0,52.55,3.899,138.1065806,7.489,2012,5,20,4,0,1062548.73,946573.29,923600.02,961172.76,955803.1908333334
26,0,58.2,3.85,138.1101935,7.489,2012,5,21,4,0,978082.84,1062548.73,911969.0,974793.465,960816.3883333333
26,0,58.51,3.798,138.1138065,7.489,2012,6,22,4,0,1067310.74,978082.84,946573.29,1013628.9,970122.1383333333
26,0,49.43,3.746,138.1174194,7.489,2012,6,23,4,0,1015853.03,1067310.74,1062548.73,1030948.835,969062.4733333333
26,0,57.84,3.683,138.1295333,7.489,2012,6,24,4,0,1106176.83,1015853.03,978082.84,1041855.8600000001,984618.5924999999
26,0,63.04,3.629,138.1629,7.489,2012,6,25,4,0,1029248.22,1106176.83,1067310.74,1054647.205,997490.0541666667
26,0,60.71,3.577,138.1962667,7.489,2012,6,26,4,0,1056282.91,1029248.22,1015853.03,1051890.2475,1008678.7608333334
26,0,64.94,3.538,138.2296333,7.405,2012,7,27,4,0,1051190.44,1056282.91,1106176.83,1060724.5999999999,1003208.8616666667
26,0,64.47,3.561,138.263,7.405,2012,7,28,4,0,1180470.8,1051190.44,1029248.22,1079298.0924999998,1027442.2375000002
26,0,66.75,3.61,138.2331935,7.405,2012,7,29,4,0,1063149.78,1180470.8,1056282.91,1087773.4825,1039071.3841666667
26,0,64.12,3.701,138.2033871,7.405,2012,7,30,4,0,1049625.9,1063149.78,1051190.44,1086109.23,1050542.7925
26,0,65.6,3.698,138.1735806,7.405,2012,8,31,4,0,1031745.14,1049625.9,1180470.8,1081247.905,1057640.4466666668
27,0,53.55,3.042,135.9170833,8.058,2010,4,17,4,0,1850205.47,1857500.96,2053952.97,1929368.3825,1787443.0241666667
27,0,69.02,3.095,135.962,8.058,2010,5,18,4,0,1805885.04,1850205.47,1955814.13,1867351.4,1781742.6283333332
27,0,53.82,3.112,136.010394,8.058,2010,5,19,4,0,1939458.84,1805885.04,1857500.96,1863262.5775,1797917.305
27,0,63.31,3.096,136.0796521,8.058,2010,5,20,4,0,1842465.78,1939458.84,1850205.47,1859503.7825,1789366.9258333333
27,0,67.88,3.046,136.1489101,8.058,2010,5,21,4,0,1836595.58,1842465.78,1805885.04,1856101.31,1826505.3683333334
27,0,74.29,3.006,136.2181682,8.058,2010,6,22,4,0,1962468.67,1836595.58,1939458.84,1895247.2175,1880566.9475
27,0,68.9,2.972,136.2874263,8.058,2010,6,23,4,0,2073102.59,1962468.67,1842465.78,1928658.155,1892899.4033333333
27,0,70.0,2.942,136.3243393,8.058,2010,6,24,4,0,1873812.93,2073102.59,1836595.58,1936494.9425,1907331.4833333334
27,0,78.02,2.958,136.3483143,8.058,2010,6,25,4,0,1887182.27,1873812.93,1962468.67,1949141.615,1911537.1025
27,0,76.25,2.958,136.3722893,7.982,2010,7,26,4,0,1962625.01,1887182.27,2073102.59,1949180.7,1903926.4391666667
27,0,82.69,2.94,136.3962643,7.982,2010,7,27,4,0,2024554.1,1962625.01,1873812.93,1937043.5775000001,1909654.7700000003
27,0,78.26,2.933,136.4179827,7.982,2010,7,28,4,0,2119163.01,2024554.1,1887182.27,1998381.0975000001,1931459.9408333332
27,0,81.56,2.924,136.4366924,7.982,2010,7,29,4,0,1880691.64,2119163.01,1962625.01,1996758.44,1934000.455
27,0,79.78,2.932,136.4554021,7.982,2010,7,30,4,0,1808250.71,1880691.64,2024554.1,1958164.865,1934197.594166667
27,0,77.45,2.942,136.4741118,7.982,2010,8,31,4,0,1816489.53,1808250.71,2119163.01,1906148.7225,1923950.1516666666
27,0,77.36,2.923,136.4928214,7.982,2010,8,32,4,0,1908036.68,1816489.53,1880691.64,1853367.14,1929414.3933333333
27,0,75.16,2.913,136.5249182,7.982,2010,8,33,4,0,1864436.12,1908036.68,1808250.71,1849303.26,1931734.4383333332
27,0,70.31,2.885,136.557015,7.982,2010,8,34,4,0,1936878.46,1864436.12,1816489.53,1881460.1975,1929601.9208333334
27,0,78.52,2.86,136.5891118,7.982,2010,9,35,4,0,1870684.21,1936878.46,1908036.68,1895008.8675,1912733.7225000001
27,1,70.38,2.837,136.6212085,7.982,2010,9,36,4,0,1908110.9,1870684.21,1864436.12,1895027.4225,1915591.8866666667
27,0,64.5,2.846,136.6338071,7.982,2010,9,37,4,0,1913494.81,1908110.9,1936878.46,1907292.095,1917784.5983333334
27,0,67.08,2.837,136.6317821,7.982,2010,9,38,4,0,1629978.46,1913494.81,1870684.21,1830567.095,1890064.0525
27,0,70.19,2.84,136.6297571,8.021,2010,10,39,4,0,1597002.71,1629978.46,1908110.9,1762146.72,1854434.7699999998
27,0,57.78,2.903,136.6277321,8.021,2010,10,40,4,0,1543532.83,1597002.71,1913494.81,1671002.2025,1806465.5883333331
27,0,58.38,2.999,136.6401935,8.021,2010,10,41,4,0,1707662.87,1543532.83,1629978.46,1619544.2175,1792046.5241666667
27,0,52.82,3.049,136.688871,8.021,2010,10,42,4,0,1728388.2,1707662.87,1597002.71,1644146.6525,1785391.3149999997
27,0,61.02,3.055,136.7375484,8.021,2010,10,43,4,0,1693935.29,1728388.2,1543532.83,1668379.7975,1775178.4616666667
27,0,45.91,3.049,136.7862258,8.021,2010,11,44,4,0,1688955.49,1693935.29,1707662.87,1704735.4625000001,1756921.6958333335
27,0,45.9,3.065,136.8349032,8.021,2010,11,45,4,0,1686010.02,1688955.49,1728388.2,1699322.25,1742052.8541666667
27,0,50.81,3.138,136.7715714,8.021,2010,11,46,4,0,1828010.25,1686010.02,1693935.29,1724227.7625,1732980.5033333332
27,1,46.67,3.186,136.6895714,8.021,2010,11,47,4,0,1704785.74,1828010.25,1688955.49,1726940.375,1719155.6308333334
27,0,41.81,3.2,136.6075714,8.021,2010,12,48,4,0,2627910.75,1704785.74,1686010.02,1961679.19,1779138.951666667
27,0,30.83,3.255,136.5255714,8.021,2010,12,49,4,0,1884343.67,2627910.75,1828010.25,2011262.6025,1776709.6900000002
27,0,31.62,3.301,136.5292811,8.021,2010,12,50,4,0,2139733.68,1884343.67,1704785.74,2089193.46,1819189.2916666667
27,0,31.34,3.309,136.597273,8.021,2010,12,51,4,0,2350098.36,2139733.68,2627910.75,2250521.615,1881947.2625
27,1,29.59,3.336,136.665265,8.021,2010,12,52,4,0,3078162.08,2350098.36,1884343.67,2363084.4475,2009833.0333333334
27,0,34.42,3.351,136.7332569,7.827,2011,1,1,4,0,1440963.0,3078162.08,2139733.68,2252239.2800000003,1987608.0441666667
27,0,25.7,3.367,136.803477,7.827,2011,1,2,4,0,1568159.48,1440963.0,2350098.36,2109345.73,1974255.6508333336
27,0,30.13,3.391,136.8870657,7.827,2011,1,3,4,0,1532308.62,1568159.48,3078162.08,1904898.295,1960786.7616666667
27,0,23.64,3.402,136.9706544,7.827,2011,1,4,4,0,1517029.9,1532308.62,1440963.0,1514615.25,1946459.6291666667
27,0,28.7,3.4,137.0542431,7.827,2011,2,5,4,0,1421111.55,1517029.9,1568159.48,1509652.3875,1924384.7566666668
27,1,30.45,3.416,137.1378318,7.827,2011,2,6,4,0,1628100.79,1421111.55,1532308.62,1524637.715,1907725.635
27,0,39.32,3.42,137.2511849,7.827,2011,2,7,4,0,1636224.77,1628100.79,1517029.9,1550616.7525000002,1902012.2208333334
27,0,33.05,3.452,137.3764439,7.827,2011,2,8,4,0,1709365.19,1636224.77,1421111.55,1598700.575,1825466.7575
27,0,36.99,3.605,137.5017028,7.827,2011,3,9,4,0,1688935.71,1709365.19,1628100.79,1665656.615,1809182.7608333332
27,0,43.64,3.752,137.6269617,7.827,2011,3,10,4,0,1656130.67,1688935.71,1636224.77,1672664.085,1768882.51
27,0,46.65,3.796,137.7398929,7.827,2011,3,11,4,0,1613259.77,1656130.67,1709365.19,1666922.835,1707479.2941666667
27,0,40.11,3.789,137.8478929,7.827,2011,3,12,4,0,1624539.21,1613259.77,1688935.71,1645716.34,1586344.055
27,0,37.27,3.811,137.9558929,7.725,2011,4,13,4,0,1554651.08,1624539.21,1656130.67,1612145.1825,1595818.0616666665
27,0,46.87,3.895,138.0638929,7.725,2011,4,14,4,0,1628868.28,1554651.08,1613259.77,1605329.585,1600877.1283333332
27,0,52.24,3.981,138.1646952,7.725,2011,4,15,4,0,1689844.18,1628868.28,1624539.21,1624475.6875,1614005.0916666668
27,0,50.02,4.061,138.2475036,7.725,2011,4,16,4,0,1727175.61,1689844.18,1554651.08,1650134.7875,1631517.2341666666
27,0,61.71,4.117,138.3303119,7.725,2011,4,17,4,0,1921655.48,1727175.61,1628868.28,1741885.8875,1673229.2283333333
27,0,56.48,4.192,138.4131202,7.725,2011,5,18,4,0,1642074.64,1921655.48,1689844.18,1745187.4774999998,1674393.7158333333
27,0,60.07,4.211,138.4959286,7.725,2011,5,19,4,0,1757041.96,1642074.64,1727175.61,1761986.9224999999,1684461.8150000002
27,0,60.22,4.202,138.587106,7.725,2011,5,20,4,0,1763545.32,1757041.96,1921655.48,1771079.35,1688976.825833333
27,0,66.43,4.134,138.6782834,7.725,2011,5,21,4,0,1725268.56,1763545.32,1642074.64,1721982.62,1692004.5633333335
27,0,74.17,4.069,138.7694608,7.725,2011,6,22,4,0,1820723.17,1725268.56,1757041.96,1766644.7525,1705720.6049999997
27,0,73.26,4.025,138.8606382,7.725,2011,6,23,4,0,2053708.01,1820723.17,1763545.32,1840811.2650000001,1742424.625
27,0,67.03,3.989,139.0028333,7.725,2011,6,24,4,0,1817914.71,2053708.01,1725268.56,1854403.6125,1758539.25
27,0,72.02,3.964,139.1832917,7.725,2011,6,25,4,0,1814740.09,1817914.71,1820723.17,1876771.495,1780213.3341666667
27,0,73.76,3.916,139.36375,7.85,2011,7,26,4,0,1811455.15,1814740.09,2053708.01,1874454.4900000002,1795428.9066666665
27,0,76.87,3.886,139.5442083,7.85,2011,7,27,4,0,1949983.93,1811455.15,1817914.71,1848523.47,1817107.2191666665
27,0,77.83,3.915,139.7006325,7.85,2011,7,28,4,0,2000055.27,1949983.93,1814740.09,1894058.6099999999,1839847.1908333332
27,0,82.28,3.972,139.7969712,7.85,2011,7,29,4,0,1762155.79,2000055.27,1811455.15,1880912.535,1826555.55
27,0,79.41,4.004,139.8933099,7.85,2011,7,30,4,0,1754879.45,1762155.79,1949983.93,1866768.61,1835955.9508333334
27,0,78.14,4.02,139.9896486,7.85,2011,8,31,4,0,1744879.06,1754879.45,2000055.27,1815492.3925,1834942.3758333332
27,0,76.67,3.995,140.0859873,7.85,2011,8,32,4,0,1747289.53,1744879.06,1762155.79,1752300.9575,1833587.7266666666
27,0,72.97,3.942,140.1289205,7.85,2011,8,33,4,0,1758437.96,1747289.53,1754879.45,1751371.5,1836351.8433333335
27,0,72.88,3.906,140.1629528,7.85,2011,8,34,4,0,1781905.24,1758437.96,1744879.06,1758127.9475,1833117.0158333334
27,0,71.44,3.879,140.196985,7.85,2011,9,35,4,0,2034400.78,1781905.24,1747289.53,1830508.3775000002,1831508.08
27,1,70.93,3.93,140.2310173,7.85,2011,9,36,4,0,1511717.53,2034400.78,1758437.96,1771615.3775,1805991.6483333332
27,0,69.65,3.937,140.2735,7.85,2011,9,37,4,0,1911470.84,1511717.53,1781905.24,1809873.5975000001,1814052.5441666665
27,0,63.61,3.899,140.32725,7.85,2011,9,38,4,0,1613773.9,1911470.84,2034400.78,1767840.7625,1797579.1066666667
27,0,70.92,3.858,140.381,7.85,2011,9,39,4,0,1606208.68,1613773.9,1511717.53,1660792.7374999998,1768931.1691666667
27,0,56.91,3.775,140.43475,7.906,2011,10,40,4,0,1599626.26,1606208.68,1911470.84,1682769.9200000002,1735562.085
27,0,64.78,3.744,140.4784194,7.906,2011,10,41,4,0,1672339.27,1599626.26,1613773.9,1622987.0274999999,1728077.375
27,0,59.62,3.757,140.4616048,7.906,2011,10,42,4,0,1682652.51,1672339.27,1606208.68,1640206.6800000002,1722058.4633333331
27,0,51.81,3.757,140.4447903,7.906,2011,10,43,4,0,1689591.44,1682652.51,1599626.26,1661052.37,1717451.1616666669
27,0,44.46,3.738,140.4279758,7.906,2011,11,44,4,0,1710372.4,1689591.44,1672339.27,1688738.9049999998,1714374.7341666666
27,0,49.69,3.719,140.4111613,7.906,2011,11,45,4,0,1621109.3,1710372.4,1682652.51,1675931.4125,1702930.6791666665
27,0,51.42,3.717,140.4127857,7.906,2011,11,46,4,0,1800728.07,1621109.3,1689591.44,1705450.3025000002,1704499.2483333333
27,1,47.88,3.689,140.4217857,7.906,2011,11,47,4,0,1723739.44,1800728.07,1710372.4,1713987.3025,1678610.8033333335
27,0,50.55,3.666,140.4307857,7.906,2011,12,48,4,0,2504400.71,1723739.44,1621109.3,1912494.3800000001,1761334.4016666666
27,0,46.28,3.627,140.4397857,7.906,2011,12,49,4,0,1806924.74,2504400.71,1800728.07,1958948.24,1752622.2266666668
27,0,40.68,3.611,140.4700795,7.906,2011,12,50,4,0,2014665.98,1806924.74,1723739.44,2012432.7175,1786029.9000000001
27,0,41.59,3.587,140.528765,7.906,2011,12,51,4,0,2205919.86,2014665.98,2504400.71,2132977.8225,1836005.8316666668
27,1,37.85,3.566,140.5874505,7.906,2011,12,52,4,0,2739019.75,2205919.86,1806924.74,2191632.5825,1930955.2891666668
27,0,35.8,3.585,140.6461359,8.009,2012,1,1,4,0,1650604.6,2739019.75,2014665.98,2152552.5475,1929144.0666666664
27,0,41.3,3.666,140.7048214,8.009,2012,1,2,4,0,1535287.4,1650604.6,2205919.86,2032707.9025,1916863.6408333334
27,0,30.35,3.705,140.8086118,8.009,2012,1,3,4,0,1492399.13,1535287.4,2739019.75,1854327.72,1900430.9483333332
27,0,36.96,3.737,140.9124021,8.009,2012,1,4,4,0,1542131.05,1492399.13,1650604.6,1555105.545,1886410.8358333334
27,0,42.52,3.796,141.0161924,8.009,2012,2,5,4,0,1263534.86,1542131.05,1535287.4,1458338.11,1856612.9658333333
27,1,37.86,3.826,141.1199827,8.009,2012,2,6,4,0,1564246.02,1263534.86,1492399.13,1465577.7650000001,1836906.1283333332
27,0,37.24,3.874,141.2140357,8.009,2012,2,7,4,0,1651605.35,1564246.02,1542131.05,1505379.32,1830894.9541666668
27,0,41.74,3.917,141.3007857,8.009,2012,2,8,4,0,1606221.56,1651605.35,1263534.86,1521401.9475000002,1756046.6916666667
27,0,40.07,3.983,141.3875357,8.009,2012,3,9,4,0,1648602.39,1606221.56,1564246.02,1617668.83,1742853.1624999999
27,0,44.32,4.021,141.4742857,8.009,2012,3,10,4,0,1509323.09,1648602.39,1651605.35,1603938.0975000001,1700741.255
27,0,49.6,4.021,141.55478,8.009,2012,3,11,4,0,1607343.41,1509323.09,1606221.56,1592872.6125,1650859.8841666665
27,0,57.3,4.054,141.6269332,8.009,2012,3,12,4,0,1635984.07,1607343.41,1648602.39,1600313.2400000002,1558940.2441666666
27,0,49.4,4.098,141.6990864,8.009,2012,3,13,4,0,1620839.34,1635984.07,1509323.09,1593372.4775,1556459.8058333334
27,0,48.73,4.143,141.7712396,8.253,2012,4,14,4,0,1615494.14,1620839.34,1607343.41,1619915.24,1563143.7008333334
27,0,52.22,4.187,141.8433929,8.253,2012,4,15,4,0,1899013.34,1615494.14,1635984.07,1692832.7225,1597028.2183333335
27,0,62.62,4.17,141.9015262,8.253,2012,4,16,4,0,1650405.21,1899013.34,1620839.34,1696438.0075,1606051.0650000002
27,0,52.33,4.163,141.9596595,8.253,2012,4,17,4,0,1639999.47,1650405.21,1615494.14,1701228.04,1637423.1158333335
27,0,53.68,4.124,142.0177929,8.253,2012,5,18,4,0,1565498.84,1639999.47,1899013.34,1688729.215,1637527.5175
27,0,58.97,4.055,142.0759262,8.253,2012,5,19,4,0,1669388.45,1565498.84,1650405.21,1631322.9925000002,1639009.4425
27,0,65.15,4.029,142.0970115,8.253,2012,5,20,4,0,1674306.31,1669388.45,1639999.47,1637298.2675,1644683.1716666669
27,0,64.77,3.979,142.1032776,8.253,2012,5,21,4,0,1707158.82,1674306.31,1565498.84,1654088.105,1649562.8741666665
27,0,73.4,3.915,142.1095438,8.253,2012,6,22,4,0,1818906.73,1707158.82,1669388.45,1717440.0775,1675361.5108333332
27,0,64.05,3.871,142.1158099,8.253,2012,6,23,4,0,1900638.6,1818906.73,1674306.31,1775252.615,1699802.7766666666
27,0,69.52,3.786,142.1292548,8.253,2012,6,24,4,0,1764756.31,1900638.6,1707158.82,1797865.115,1710533.7966666666
27,0,73.23,3.722,142.1606464,8.253,2012,6,25,4,0,1773500.56,1764756.31,1818906.73,1814450.55,1723255.5650000002
27,0,73.94,3.667,142.1920381,8.253,2012,6,26,4,0,1837884.79,1773500.56,1900638.6,1819195.0650000002,1741788.1191666666
27,0,82.08,3.646,142.2234298,8.239,2012,7,27,4,0,1842555.32,1837884.79,1764756.31,1804674.245,1737083.2841666667
27,0,78.95,3.689,142.2548214,8.239,2012,7,28,4,0,2062224.92,1842555.32,1773500.56,1879041.3975,1771401.593333333
27,0,78.64,3.732,142.2337569,8.239,2012,7,29,4,0,1755889.53,2062224.92,1837884.79,1874638.64,1781059.0983333334
27,0,76.01,3.82,142.2126924,8.239,2012,7,30,4,0,1730913.66,1755889.53,1842555.32,1847895.8575,1794843.6666666667
27,0,75.22,3.819,142.1916279,8.239,2012,8,31,4,0,1625883.71,1730913.66,2062224.92,1793727.9549999998,1791218.2716666667
28,0,67.38,3.105,126.3805667,14.099,2010,4,17,4,0,1244177.21,1268240.66,1441559.4,1334084.1199999999,1421794.3141666667
28,0,70.15,3.127,126.2898,14.099,2010,5,18,4,0,1186971.02,1244177.21,1382359.21,1270437.025,1381345.875
28,0,68.44,3.145,126.2085484,14.099,2010,5,19,4,0,1532893.22,1186971.02,1268240.66,1308070.5274999999,1379172.9358333333
28,0,76.2,3.12,126.1843871,14.099,2010,5,20,4,0,1245898.73,1532893.22,1244177.21,1302485.045,1358722.795
28,0,67.84,3.058,126.1602258,14.099,2010,5,21,4,0,1217923.71,1245898.73,1186971.02,1295921.67,1331701.9933333334
28,0,81.39,2.941,126.1360645,14.099,2010,6,22,4,0,1176588.25,1217923.71,1532893.22,1293325.9775,1295714.7266666668
28,0,90.84,2.949,126.1119032,14.099,2010,6,23,4,0,1543678.02,1176588.25,1245898.73,1296022.1775,1313781.4691666665
28,0,81.06,3.043,126.114,14.099,2010,6,24,4,0,1348995.17,1543678.02,1217923.71,1321796.2875,1319546.1141666665
28,0,87.27,3.084,126.1266,14.099,2010,6,25,4,0,1267619.06,1348995.17,1176588.25,1334220.125,1321408.6383333334
28,0,91.98,3.105,126.1392,14.18,2010,7,26,4,0,1231025.07,1267619.06,1543678.02,1347829.33,1303864.1108333333
28,0,90.37,3.1,126.1518,14.18,2010,7,27,4,0,1399960.15,1231025.07,1348995.17,1311899.8625,1305330.8558333332
28,0,97.18,3.094,126.1498065,14.18,2010,7,28,4,0,1340293.87,1399960.15,1267619.06,1309724.5375,1311335.29
28,0,99.22,3.112,126.1283548,14.18,2010,7,29,4,0,1225336.41,1340293.87,1231025.07,1299153.875,1309765.2233333334
28,0,96.31,3.017,126.1069032,14.18,2010,7,30,4,0,1205884.98,1225336.41,1399960.15,1292868.8525,1311341.3866666667
28,0,92.95,3.123,126.0854516,14.18,2010,8,31,4,0,1150204.71,1205884.98,1340293.87,1230429.9925000002,1279450.6775
28,0,87.01,3.159,126.064,14.18,2010,8,32,4,0,1523101.38,1150204.71,1225336.41,1276131.87,1302550.8983333334
28,0,92.81,3.041,126.0766452,14.18,2010,8,33,4,0,1218688.09,1523101.38,1205884.98,1274469.79,1302614.5966666667
28,0,93.19,3.129,126.0892903,14.18,2010,8,34,4,0,1195897.6,1218688.09,1150204.71,1271972.945,1304223.7091666667
28,0,83.12,3.087,126.1019355,14.18,2010,9,35,4,0,1191585.92,1195897.6,1523101.38,1282318.2475,1274882.7008333334
28,1,83.63,3.044,126.1145806,14.18,2010,9,36,4,0,1523410.71,1191585.92,1218688.09,1282395.58,1289417.3291666666
28,0,82.45,3.028,126.1454667,14.18,2010,9,37,4,0,1246062.17,1523410.71,1195897.6,1289239.1,1287620.9216666666
28,0,81.77,2.939,126.1900333,14.18,2010,9,38,4,0,1159812.35,1246062.17,1191585.92,1280217.7874999999,1281686.5283333333
28,0,85.2,3.001,126.2346,14.313,2010,10,39,4,0,1111797.21,1159812.35,1523410.71,1260270.6099999999,1257672.95
28,0,71.82,3.013,126.2791667,14.313,2010,10,40,4,0,1203080.41,1111797.21,1246062.17,1180188.035,1246238.4949999999
28,0,75.0,2.976,126.3266774,14.313,2010,10,41,4,0,1334571.87,1203080.41,1159812.35,1202315.46,1255341.45
28,0,68.85,3.014,126.3815484,14.313,2010,10,42,4,0,1158062.99,1334571.87,1111797.21,1201878.12,1251356.2841666664
28,0,61.09,3.016,126.4364194,14.313,2010,10,43,4,0,1120619.32,1158062.99,1203080.41,1204083.6475,1248890.835
28,0,65.49,3.129,126.4912903,14.313,2010,11,44,4,0,1231688.48,1120619.32,1334571.87,1211235.665,1224606.4266666668
28,0,57.79,3.13,126.5461613,14.313,2010,11,45,4,0,1501663.26,1231688.48,1158062.99,1253008.5125,1248187.6908333332
28,0,58.18,3.161,126.6072,14.313,2010,11,46,4,0,1266460.45,1501663.26,1120619.32,1280107.8775,1254067.9283333335
28,1,47.66,3.162,126.6692667,14.313,2010,11,47,4,0,1179315.72,1266460.45,1231688.48,1294781.9775,1253045.4116666666
28,0,43.33,3.041,126.7313333,14.313,2010,12,48,4,0,1937033.5,1179315.72,1501663.26,1471118.2325,1287513.9775
28,0,50.01,3.203,126.7934,14.313,2010,12,49,4,0,1447916.29,1937033.5,1266460.45,1457681.49,1304335.1541666668
28,0,52.77,3.236,126.8794839,14.313,2010,12,50,4,0,1466164.49,1447916.29,1179315.72,1507607.5,1329864.4991666665
28,0,52.02,3.236,126.9835806,14.313,2010,12,51,4,0,1510443.62,1466164.49,1937033.5,1590389.475,1363085.0333333334
28,1,45.64,3.148,127.0876774,14.313,2010,12,52,4,0,2026026.39,1510443.62,1447916.29,1612637.6975,1431663.865
28,0,37.64,3.287,127.1917742,14.021,2011,1,1,4,0,1090558.57,2026026.39,1466164.49,1523298.2675,1411329.423333333
28,0,43.15,3.312,127.3009355,14.021,2011,1,2,4,0,1402902.47,1090558.57,1510443.62,1507482.7625,1431732.7133333336
28,0,53.53,3.223,127.4404839,14.021,2011,1,3,4,0,1098286.61,1402902.47,2026026.39,1404443.51,1429871.6541666668
28,0,50.74,3.342,127.5800323,14.021,2011,1,4,4,0,1079669.11,1098286.61,1090558.57,1167854.1900000002,1417203.3733333333
28,0,45.14,3.348,127.7195806,14.021,2011,2,5,4,0,1127859.69,1079669.11,1402902.47,1177179.47,1386053.0758333334
28,1,51.3,3.381,127.859129,14.021,2011,2,6,4,0,1564897.32,1127859.69,1098286.61,1217678.1825,1410922.8150000002
28,0,53.35,3.43,127.99525,14.021,2011,2,7,4,0,1397301.38,1564897.32,1079669.11,1292431.875,1429088.2866666669
28,0,48.45,3.53,128.13,14.021,2011,2,8,4,0,1514828.82,1397301.38,1127859.69,1401221.8025,1393904.5633333332
28,0,51.72,3.674,128.26475,14.021,2011,3,9,4,0,1311796.91,1514828.82,1564897.32,1447206.1075,1382561.2816666665
28,0,57.75,3.818,128.3995,14.021,2011,3,10,4,0,1723736.91,1311796.91,1397301.38,1486916.005,1404025.6500000001
28,0,64.21,3.692,128.5121935,14.021,2011,3,11,4,0,1380836.35,1723736.91,1514828.82,1482799.7475,1393225.0441666667
28,0,54.4,3.909,128.6160645,14.021,2011,3,12,4,0,1286413.71,1380836.35,1311796.91,1425695.97,1331590.6541666666
28,0,63.63,3.772,128.7199355,13.736,2011,4,13,4,0,1201059.72,1286413.71,1723736.91,1398011.6725,1340799.0833333333
28,0,64.47,4.003,128.8238065,13.736,2011,4,14,4,0,1336838.41,1201059.72,1380836.35,1301287.0475,1335293.7449999999
28,0,57.63,3.868,128.9107333,13.736,2011,4,15,4,0,1414713.5,1336838.41,1286413.71,1309756.335,1361662.6524999999
28,0,72.12,4.134,128.9553,13.736,2011,4,16,4,0,1240126.07,1414713.5,1201059.72,1298184.4249999998,1375034.0658333332
28,0,68.27,4.151,128.9998667,13.736,2011,4,17,4,0,1297452.0,1240126.07,1336838.41,1322282.495,1389166.7583333333
28,0,68.4,4.193,129.0444333,13.736,2011,5,18,4,0,1222367.9,1297452.0,1414713.5,1293664.8675,1360622.64
28,0,70.93,4.202,129.089,13.736,2011,5,19,4,0,1515890.38,1222367.9,1240126.07,1318959.0875,1370505.0566666666
28,0,66.59,4.169,129.0756774,13.736,2011,5,20,4,0,1253316.3,1515890.38,1297452.0,1322256.645,1348712.3466666667
28,0,76.67,4.087,129.0623548,13.736,2011,5,21,4,0,1151282.31,1253316.3,1222367.9,1285714.2225,1335336.1300000001
28,0,71.81,4.031,129.0490323,13.736,2011,6,22,4,0,1160043.98,1151282.31,1515890.38,1270133.2425,1288361.7191666667
28,0,78.72,3.981,129.0357097,13.736,2011,6,23,4,0,1403779.25,1160043.98,1253316.3,1242105.46,1290273.6275000002
28,0,86.84,3.935,129.0432,13.736,2011,6,24,4,0,1339972.83,1403779.25,1151282.31,1263769.5925,1294736.8875
28,0,88.95,3.898,129.0663,13.736,2011,6,25,4,0,1268503.49,1339972.83,1160043.98,1293074.8875,1300357.2016666664
28,0,89.85,3.842,129.0894,13.503,2011,7,26,4,0,1208809.34,1268503.49,1403779.25,1305266.2275,1289688.1125
28,0,89.9,3.705,129.1125,13.503,2011,7,27,4,0,1319054.57,1208809.34,1339972.83,1284085.0575,1281716.5350000001
28,0,88.1,3.692,129.1338387,13.503,2011,7,28,4,0,1459655.85,1319054.57,1268503.49,1314005.8125,1300010.6833333333
28,0,91.17,3.794,129.1507742,13.503,2011,7,29,4,0,1197373.13,1459655.85,1208809.34,1296223.2225000001,1291670.7775
28,0,93.29,3.805,129.1677097,13.503,2011,7,30,4,0,1165870.54,1197373.13,1319054.57,1285488.5225,1286962.6641666668
28,0,90.61,3.803,129.1846452,13.503,2011,8,31,4,0,1114530.29,1165870.54,1459655.85,1234357.4525000001,1253515.99
28,0,91.04,3.701,129.2015806,13.503,2011,8,32,4,0,1523870.89,1114530.29,1197373.13,1250411.2125,1276062.2058333333
28,0,91.74,3.743,129.2405806,13.503,2011,8,33,4,0,1218764.94,1523870.89,1165870.54,1255759.165,1281685.7583333333
28,0,94.61,3.74,129.2832581,13.503,2011,8,34,4,0,1200019.74,1218764.94,1114530.29,1264296.4649999999,1285017.0716666665
28,0,93.66,3.798,129.3259355,13.503,2011,9,35,4,0,1166479.51,1200019.74,1523870.89,1277283.77,1265242.0933333333
28,1,88.0,3.913,129.3686129,13.503,2011,9,36,4,0,1468871.49,1166479.51,1218764.94,1263533.92,1275983.6483333332
28,0,76.36,3.918,129.4306,13.503,2011,9,37,4,0,1310087.0,1468871.49,1200019.74,1286364.435,1279448.9408333332
28,0,82.95,3.789,129.5183333,13.503,2011,9,38,4,0,1159212.1,1310087.0,1166479.51,1276162.525,1275315.8375
28,0,83.26,3.877,129.6060667,13.503,2011,9,39,4,0,1109105.92,1159212.1,1468871.49,1261819.1275,1257820.1166666667
28,0,70.44,3.827,129.6938,12.89,2011,10,40,4,0,1120731.76,1109105.92,1310087.0,1174784.195,1229576.4425
28,0,67.31,3.805,129.7706452,12.89,2011,10,41,4,0,1557314.58,1120731.76,1159212.1,1236591.09,1259571.5633333332
28,0,73.05,3.842,129.7821613,12.89,2011,10,42,4,0,1220984.94,1557314.58,1109105.92,1252034.3,1264164.43
28,0,67.41,3.727,129.7936774,12.89,2011,10,43,4,0,1203172.05,1220984.94,1120731.76,1275550.8325,1271551.2433333334
28,0,59.77,3.828,129.8051935,12.89,2011,11,44,4,0,1242746.06,1203172.05,1557314.58,1306054.4075000002,1248124.1741666666
28,0,48.76,3.824,129.8167097,12.89,2011,11,45,4,0,1576654.67,1242746.06,1220984.94,1310889.4300000002,1277948.3183333334
28,0,54.2,3.813,129.8268333,12.89,2011,11,46,4,0,1402654.95,1576654.67,1203172.05,1356306.9324999999,1294834.5858333332
28,1,53.25,3.622,129.8364,12.89,2011,11,47,4,0,1255081.22,1402654.95,1242746.06,1369284.225,1302218.0616666668
28,0,52.5,3.701,129.8459667,12.89,2011,12,48,4,0,1929738.27,1255081.22,1576654.67,1541032.2774999999,1340623.6266666667
28,0,42.17,3.644,129.8555333,12.89,2011,12,49,4,0,1368130.35,1929738.27,1402654.95,1488901.1974999998,1345460.5725
28,0,43.29,3.6,129.8980645,12.89,2011,12,50,4,0,1467024.3,1368130.35,1255081.22,1504993.5350000001,1371111.5891666666
28,0,45.4,3.541,129.9845484,12.89,2011,12,51,4,0,1429954.66,1467024.3,1929738.27,1548711.895,1397848.9841666666
28,1,44.64,3.428,130.0710323,12.89,2011,12,52,4,0,1796203.51,1429954.66,1368130.35,1515328.205,1454138.2966666669
28,0,50.43,3.599,130.1575161,12.187,2012,1,1,4,0,1270036.53,1796203.51,1467024.3,1490804.75,1430198.4591666667
28,0,48.07,3.657,130.244,12.187,2012,1,2,4,0,1466046.07,1270036.53,1429954.66,1490560.1925,1450620.22
28,0,46.2,3.66,130.2792258,12.187,2012,1,3,4,0,1161190.29,1466046.07,1796203.51,1423369.0999999999,1447121.74
28,0,50.43,3.675,130.3144516,12.187,2012,1,4,4,0,1129540.48,1161190.29,1270036.53,1256703.3425,1437687.9416666667
28,0,50.58,3.702,130.3496774,12.187,2012,2,5,4,0,1132948.48,1129540.48,1466046.07,1222431.33,1400712.4258333333
28,1,52.27,3.722,130.3849032,12.187,2012,2,6,4,0,1531599.44,1132948.48,1161190.29,1238819.6724999999,1411457.8
28,0,51.8,3.781,130.4546207,12.187,2012,2,7,4,0,1572966.15,1531599.44,1129540.48,1341763.6375,1437948.2108333334
28,0,53.13,3.95,130.5502069,12.187,2012,2,8,4,0,1501503.68,1572966.15,1132948.48,1434754.4375,1402261.995
28,0,52.27,4.178,130.6457931,12.187,2012,3,9,4,0,1323487.91,1501503.68,1531599.44,1482389.295,1398541.7916666667
28,0,54.54,4.25,130.7413793,12.187,2012,3,10,4,0,1451740.57,1323487.91,1572966.15,1462424.5775000001,1397268.1475
28,0,64.44,4.273,130.8261935,12.187,2012,3,11,4,0,1680764.06,1451740.57,1501503.68,1489374.055,1418168.9308333334
28,0,56.26,4.038,130.8966452,12.187,2012,3,12,4,0,1337875.49,1680764.06,1323487.91,1448467.0075,1379974.9291666667
28,0,64.36,4.294,130.9670968,12.187,2012,3,13,4,0,1216059.41,1337875.49,1451740.57,1421609.8824999998,1375476.8358333334
28,0,64.05,4.121,131.0375484,11.627,2012,4,14,4,0,1209524.11,1216059.41,1680764.06,1361055.7674999998,1354100.0058333334
28,0,64.28,4.254,131.108,11.627,2012,4,15,4,0,1559592.79,1209524.11,1337875.49,1330762.95,1387300.2141666666
28,0,66.73,4.222,131.1173333,11.627,2012,4,16,4,0,1290684.95,1559592.79,1216059.41,1318965.315,1400728.92
28,0,77.99,4.193,131.1266667,11.627,2012,4,17,4,0,1180797.2,1290684.95,1209524.11,1310149.7625,1404716.3133333335
28,0,76.03,4.171,131.136,11.627,2012,5,18,4,0,1170456.16,1180797.2,1559592.79,1300382.775,1374621.0399999998
28,0,77.27,4.186,131.1453333,11.627,2012,5,19,4,0,1450628.85,1170456.16,1290684.95,1273141.79,1364426.265
28,0,84.51,4.11,131.0983226,11.627,2012,5,20,4,0,1264575.18,1450628.85,1180797.2,1266614.3475,1344682.2233333334
28,0,83.84,4.293,131.0287742,11.627,2012,5,21,4,0,1213310.45,1264575.18,1170456.16,1274742.66,1335500.7683333333
28,0,78.11,4.277,130.9592258,11.627,2012,6,22,4,0,1151214.41,1213310.45,1450628.85,1269932.2225,1310456.9216666666
28,0,84.83,4.103,130.8896774,11.627,2012,6,23,4,0,1245480.95,1151214.41,1264575.18,1218645.2475,1274183.3291666666
28,0,85.94,4.144,130.8295333,11.627,2012,6,24,4,0,1440687.69,1245480.95,1213310.45,1262673.375,1282751.0125
28,0,91.61,4.014,130.7929,11.627,2012,6,25,4,0,1229760.97,1440687.69,1151214.41,1266786.005,1283892.8091666666
28,0,90.47,3.875,130.7562667,11.627,2012,6,26,4,0,1180671.55,1229760.97,1245480.95,1274150.29,1281488.4291666667
28,0,89.13,3.765,130.7196333,10.926,2012,7,27,4,0,1129031.98,1180671.55,1440687.69,1245038.0474999999,1245608.3616666666
28,0,95.61,3.723,130.683,10.926,2012,7,28,4,0,1500863.54,1129031.98,1229760.97,1260082.01,1263123.2441666666
28,0,85.53,3.726,130.7012903,10.926,2012,7,29,4,0,1179915.04,1500863.54,1180671.55,1247620.5275,1263049.7308333332
28,0,93.47,3.769,130.7195806,10.926,2012,7,30,4,0,1149427.48,1179915.04,1129031.98,1239809.51,1261297.3408333333
28,0,88.16,3.76,130.737871,10.926,2012,8,31,4,0,1135035.09,1149427.48,1500863.54,1241310.2875,1234997.860833333
29,0,50.96,2.935,132.0644333,10.16,2010,4,17,4,0,505329.66,509100.84,599629.25,545999.245,532257.3674999999
29,0,63.81,2.981,132.1062,10.16,2010,5,18,4,0,501013.47,505329.66,569937.23,521345.30000000005,529122.285
29,0,50.99,2.983,132.152129,10.16,2010,5,19,4,0,568497.35,501013.47,509100.84,520985.33,532357.6516666667
29,0,59.99,2.961,132.2230323,10.16,2010,5,20,4,0,518940.88,568497.35,505329.66,523445.33999999997,530402.8025
29,0,65.64,2.906,132.2939355,10.16,2010,5,21,4,0,502021.82,518940.88,501013.47,522618.37999999995,531536.4866666667
29,0,69.49,2.857,132.3648387,10.16,2010,6,22,4,0,577627.66,502021.82,568497.35,541771.9275,535081.4658333333
29,0,65.01,2.83,132.4357419,10.16,2010,6,23,4,0,588017.66,577627.66,518940.88,546652.005,540829.3966666667
29,0,67.13,2.805,132.4733333,10.16,2010,6,24,4,0,540716.58,588017.66,502021.82,552095.93,544484.8116666666
29,0,74.37,2.81,132.4976,10.16,2010,6,25,4,0,558731.74,540716.58,577627.66,566273.41,544963.6783333333
29,0,72.88,2.815,132.5218667,10.409,2010,7,26,4,0,585548.79,558731.74,588017.66,568253.6925,543790.3066666666
29,0,79.22,2.806,132.5461333,10.409,2010,7,27,4,0,581473.55,585548.79,540716.58,566617.665,544751.6666666666
29,0,76.3,2.796,132.5667742,10.409,2010,7,28,4,0,563449.43,581473.55,558731.74,572300.8775000001,549280.7158333333
29,0,76.91,2.784,132.5825806,10.409,2010,7,29,4,0,512292.01,563449.43,585548.79,560690.9450000001,549860.9116666667
29,0,76.35,2.792,132.5983871,10.409,2010,7,30,4,0,506502.09,512292.01,581473.55,540929.27,550318.2966666666
29,0,74.37,2.792,132.6141935,10.409,2010,8,31,4,0,509872.77,506502.09,563449.43,523029.075,545432.915
29,0,74.75,2.81,132.63,10.409,2010,8,32,4,0,519787.93,509872.77,512292.01,512113.70000000007,545503.5025000001
29,0,73.21,2.796,132.6616129,10.409,2010,8,33,4,0,495269.0,519787.93,506502.09,507857.9475,544940.7675
29,0,68.99,2.77,132.6932258,10.409,2010,8,34,4,0,531640.19,495269.0,509872.77,514142.47250000003,541108.4783333334
29,0,75.85,2.735,132.7248387,10.409,2010,9,35,4,0,545766.13,531640.19,519787.93,523115.8125,537587.5175
29,1,68.6,2.717,132.7564516,10.409,2010,9,36,4,0,579272.38,545766.13,495269.0,537986.9249999999,540800.5008333334
29,0,62.49,2.716,132.7670667,10.409,2010,9,37,4,0,491290.37,579272.38,531640.19,536992.2675,535180.3866666667
29,0,65.14,2.718,132.7619333,10.409,2010,9,38,4,0,463752.89,491290.37,545766.13,520020.4425,525030.7283333334
29,0,69.31,2.717,132.7568,10.524,2010,10,39,4,0,465338.41,463752.89,579272.38,499913.5125,515352.8
29,0,56.32,2.776,132.7516667,10.524,2010,10,40,4,0,474698.01,465338.41,491290.37,473769.92,507956.8483333333
29,0,55.23,2.878,132.7633548,10.524,2010,10,41,4,0,530059.06,474698.01,463752.89,483462.0925,509437.43583333335
29,0,50.24,2.919,132.8170968,10.524,2010,10,42,4,0,483011.69,530059.06,465338.41,488276.7925,507479.9025
29,0,57.73,2.938,132.8708387,10.524,2010,10,43,4,0,505221.17,483011.69,474698.01,498247.48250000004,507092.2691666666
29,0,44.34,2.938,132.9245806,10.524,2010,11,44,4,0,527058.59,505221.17,530059.06,511337.6275,507698.15750000003
29,0,44.42,2.961,132.9783226,10.524,2010,11,45,4,0,521002.97,527058.59,483011.69,509073.605,509842.655
29,0,48.62,3.03,132.9172,10.524,2010,11,46,4,0,524450.7,521002.97,505221.17,519433.3575,509243.53083333327
29,1,44.61,3.07,132.8369333,10.524,2010,11,47,4,0,508174.55,524450.7,527058.59,520171.70249999996,506110.89916666667
29,0,39.42,3.065,132.7566667,10.524,2010,12,48,4,0,975268.91,508174.55,521002.97,632224.2825,539110.61
29,0,28.43,3.132,132.6764,10.524,2010,12,49,4,0,642678.53,975268.91,524450.7,662643.1725,551726.2899999999
29,0,30.46,3.139,132.6804516,10.524,2010,12,50,4,0,713834.74,642678.53,508174.55,709989.1825000001,572566.4441666667
29,0,29.76,3.15,132.7477419,10.524,2010,12,51,4,0,850538.25,713834.74,975268.91,795580.1074999999,604666.4308333333
29,1,28.49,3.177,132.8150323,10.524,2010,12,52,4,0,1130926.79,850538.25,642678.53,834494.5774999999,659352.1625
29,0,32.56,3.193,132.8823226,10.256,2011,1,1,4,0,465992.02,1130926.79,713834.74,790322.95,654013.2425
29,0,24.76,3.215,132.9510645,10.256,2011,1,2,4,0,455952.18,465992.02,850538.25,725852.3099999999,651758.2833333333
29,0,26.8,3.232,133.0285161,10.256,2011,1,3,4,0,426905.26,455952.18,1130926.79,619944.0625,645231.9575
29,0,20.61,3.243,133.1059677,10.256,2011,1,4,4,0,445134.15,426905.26,465992.02,448495.9025,638404.9208333334
29,0,26.39,3.24,133.1834194,10.256,2011,2,5,4,0,410426.97,445134.15,455952.18,434604.64,629190.2541666667
29,1,28.89,3.255,133.260871,10.256,2011,2,6,4,0,504126.89,410426.97,426905.26,446648.3175,627496.6033333333
29,0,35.34,3.263,133.3701429,10.256,2011,2,7,4,0,550387.78,504126.89,445134.15,477518.9475,631014.3724999999
29,0,30.23,3.281,133.4921429,10.256,2011,2,8,4,0,542529.21,550387.78,410426.97,501867.71249999997,594952.7308333333
29,0,33.52,3.437,133.6141429,10.256,2011,3,9,4,0,483660.15,542529.21,504126.89,520176.00749999995,581701.1991666667
29,0,41.42,3.6,133.7361429,10.256,2011,3,10,4,0,536031.67,483660.15,550387.78,528152.2025,566884.2766666667
29,0,43.38,3.634,133.8492258,10.256,2011,3,11,4,0,493430.45,536031.67,542529.21,513912.87,537125.2933333333
29,0,38.77,3.624,133.9587419,10.256,2011,3,12,4,0,493653.43,493430.45,483660.15,501693.92500000005,484019.18
29,0,36.04,3.638,134.0682581,9.966,2011,4,13,4,0,478773.05,493653.43,536031.67,500472.15,485084.26583333337
29,0,44.42,3.72,134.1777742,9.966,2011,4,14,4,0,475615.26,478773.05,493430.45,485368.0475,486722.8558333333
29,0,48.88,3.823,134.2784667,9.966,2011,4,15,4,0,505304.33,475615.26,493653.43,488336.5175,493256.11166666663
29,0,47.76,3.919,134.3571,9.966,2011,4,16,4,0,518245.97,505304.33,478773.05,494484.6525,499348.76333333337
29,0,57.2,3.988,134.4357333,9.966,2011,4,17,4,0,589252.69,518245.97,475615.26,522104.5625,514250.9066666667
29,0,53.63,4.078,134.5143667,9.966,2011,5,18,4,0,493078.64,589252.69,505304.33,526470.4075,513330.2191666667
29,0,57.71,4.095,134.593,9.966,2011,5,19,4,0,534372.53,493078.64,518245.97,533737.4575,511995.615
29,0,58.56,4.101,134.6803871,9.966,2011,5,20,4,0,549551.02,534372.53,589252.69,541563.72,512580.76583333337
29,0,62.59,4.034,134.7677742,9.966,2011,5,21,4,0,492932.51,549551.02,493078.64,517483.67500000005,513353.46249999997
29,0,70.09,3.973,134.8551613,9.966,2011,6,22,4,0,550735.64,492932.51,534372.53,531897.925,514578.7933333333
29,0,69.53,3.924,134.9425484,9.966,2011,6,23,4,0,598251.57,550735.64,549551.02,547867.685,523313.88666666666
29,0,63.97,3.873,135.0837333,9.966,2011,6,24,4,0,558431.44,598251.57,492932.51,550087.79,528712.0541666666
29,0,68.53,3.851,135.2652667,9.966,2011,6,25,4,0,536914.17,558431.44,550735.64,561083.205,533557.1475
29,0,70.8,3.815,135.4468,9.863,2011,7,26,4,0,545368.17,536914.17,598251.57,559741.3375,539369.89
29,0,74.22,3.784,135.6283333,9.863,2011,7,27,4,0,567114.6,545368.17,558431.44,551957.095,544520.7458333333
29,0,75.2,3.827,135.7837419,9.863,2011,7,28,4,0,547586.07,567114.6,536914.17,549245.7525000001,546965.7541666668
29,0,77.79,3.882,135.8738387,9.863,2011,7,29,4,0,505246.15,547586.07,545368.17,541328.7475,539965.2091666666
29,0,75.32,3.898,135.9639355,9.863,2011,7,30,4,0,507335.75,505246.15,567114.6,531820.6425000001,541153.3016666666
29,0,75.33,3.903,136.0540323,9.863,2011,8,31,4,0,474653.06,507335.75,547586.07,508705.2575,536176.6791666667
29,0,74.69,3.88,136.144129,9.863,2011,8,32,4,0,503486.37,474653.06,505246.15,497680.33249999996,532337.9583333334
29,0,71.3,3.82,136.183129,9.863,2011,8,33,4,0,471311.5,503486.37,507335.75,489196.67,530536.2075
29,0,72.22,3.796,136.2136129,9.863,2011,8,34,4,0,498056.0,471311.5,474653.06,486876.7325,526146.2375
29,0,69.16,3.784,136.2440968,9.863,2011,9,35,4,0,608294.98,498056.0,503486.37,520287.21249999997,526983.1883333334
29,1,69.14,3.809,136.2745806,9.863,2011,9,36,4,0,497085.91,608294.98,471311.5,518687.0975,521871.06083333335
29,0,68.08,3.809,136.3145,9.863,2011,9,37,4,0,505406.72,497085.91,498056.0,527210.9025,519245.44
29,0,62.36,3.758,136.367,9.863,2011,9,38,4,0,474129.35,505406.72,608294.98,521229.24,513308.8716666666
29,0,69.78,3.684,136.4195,9.863,2011,9,39,4,0,475696.37,474129.35,497085.91,488079.58749999997,505690.6858333333
29,0,56.44,3.633,136.472,9.357,2011,10,40,4,0,446516.26,475696.37,505406.72,475437.175,497268.20166666666
29,0,62.63,3.583,136.5150968,9.357,2011,10,41,4,0,514993.0,446516.26,474129.35,477833.745,498080.4391666667
29,0,59.3,3.618,136.5017742,9.357,2011,10,42,4,0,475776.45,514993.0,475696.37,478245.52,495450.4975
29,0,49.31,3.604,136.4884516,9.357,2011,10,43,4,0,505068.22,475776.45,446516.26,485588.48250000004,497985.0941666667
29,0,42.81,3.586,136.475129,9.357,2011,11,44,4,0,515119.64,505068.22,514993.0,502739.3275,498954.53333333327
29,0,47.8,3.57,136.4618065,9.357,2011,11,45,4,0,620735.72,515119.64,475776.45,529175.0075000001,511406.5516666666
29,0,50.62,3.571,136.4666667,9.357,2011,11,46,4,0,531600.62,620735.72,505068.22,543131.0499999999,514201.9366666666
29,1,46.28,3.536,136.4788,9.357,2011,11,47,4,0,504601.29,531600.62,515119.64,543014.3175,505560.79583333334
29,0,49.11,3.501,136.4909333,9.357,2011,12,48,4,0,913165.19,504601.29,620735.72,642525.705,540234.0691666667
29,0,45.35,3.47,136.5030667,9.357,2011,12,49,4,0,579874.22,913165.19,531600.62,632310.33,546439.6941666667
29,0,39.11,3.445,136.5335161,9.357,2011,12,50,4,0,633240.53,579874.22,504601.29,657720.3074999999,559698.9591666666
29,0,39.83,3.413,136.5883871,9.357,2011,12,51,4,0,736805.66,633240.53,913165.19,715771.3999999999,581458.0666666667
29,1,36.28,3.402,136.6432581,9.357,2011,12,52,4,0,1016637.39,736805.66,579874.22,741639.45,628968.1608333333
29,0,34.61,3.439,136.698129,8.988,2012,1,1,4,0,551743.05,1016637.39,633240.53,734606.6575000001,632030.6649999999
29,0,39.0,3.523,136.753,8.988,2012,1,2,4,0,469773.85,551743.05,736805.66,693739.9875,631530.4483333334
29,0,29.16,3.542,136.8564194,8.988,2012,1,3,4,0,444756.37,469773.85,1016637.39,620727.665,626504.4608333333
29,0,35.68,3.568,136.9598387,8.988,2012,1,4,4,0,446863.31,444756.37,551743.05,478284.145,620816.4333333333
29,0,40.58,3.633,137.0632581,8.988,2012,2,5,4,0,395987.24,446863.31,469773.85,439345.1925,602087.3933333333
29,1,35.68,3.655,137.1666774,8.988,2012,2,6,4,0,493159.35,395987.24,444756.37,445191.56749999995,598883.9541666667
29,0,36.25,3.703,137.2583103,8.988,2012,2,7,4,0,545840.05,493159.35,446863.31,470462.4875,602320.5175
29,0,39.0,3.751,137.3411034,8.988,2012,2,8,4,0,559606.91,545840.05,395987.24,498648.38749999995,572857.3275
29,0,37.47,3.827,137.4238966,8.988,2012,3,9,4,0,488782.63,559606.91,493159.35,521847.235,565266.3616666667
29,0,41.72,3.876,137.5066897,8.988,2012,3,10,4,0,500801.72,488782.63,545840.05,523757.8275,554229.7941666667
29,0,46.06,3.867,137.5843871,8.988,2012,3,11,4,0,504750.35,500801.72,559606.91,513485.40249999997,534891.8516666667
29,0,54.68,3.889,137.6552903,8.988,2012,3,12,4,0,489293.72,504750.35,488782.63,495907.105,490946.54583333334
29,0,46.4,3.921,137.7261935,8.988,2012,3,13,4,0,517408.48,489293.72,500801.72,503063.5675,488085.3316666666
29,0,46.38,3.957,137.7970968,9.14,2012,4,14,4,0,504566.28,517408.48,504750.35,504004.7075,490984.70083333337
29,0,49.89,4.025,137.868,9.14,2012,4,15,4,0,633826.55,504566.28,489293.72,536273.7575,506740.54916666663
29,0,58.81,4.046,137.9230667,9.14,2012,4,16,4,0,520493.83,633826.55,517408.48,544073.785,512876.4258333333
29,0,51.42,4.023,137.9781333,9.14,2012,4,17,4,0,525200.59,520493.83,504566.28,546021.8125,523644.2050000001
29,0,50.75,3.991,138.0332,9.14,2012,5,18,4,0,497250.22,525200.59,633826.55,544192.7975,523985.11083333334
29,0,56.72,3.947,138.0882667,9.14,2012,5,19,4,0,504963.84,497250.22,520493.83,511977.12000000005,520578.76
29,0,61.9,3.899,138.1065806,9.14,2012,5,20,4,0,529707.87,504963.84,525200.59,514280.63,518087.17333333334
29,0,62.39,3.85,138.1101935,9.14,2012,5,21,4,0,543706.04,529707.87,497250.22,518906.9925,522664.1241666667
29,0,70.01,3.798,138.1138065,9.14,2012,6,22,4,0,549665.67,543706.04,504963.84,532010.855,526736.12
29,0,61.71,3.746,138.1174194,9.14,2012,6,23,4,0,576252.35,549665.67,529707.87,549832.9824999999,532694.62
29,0,66.56,3.683,138.1295333,9.14,2012,6,24,4,0,554093.15,576252.35,543706.04,555929.3025,538094.5725
29,0,70.61,3.629,138.1629,9.14,2012,6,25,4,0,552338.76,554093.15,549665.67,558087.4825,541005.4291666667
29,0,70.99,3.577,138.1962667,9.14,2012,6,26,4,0,581854.5,552338.76,576252.35,566134.6900000001,547446.1141666666
29,0,77.41,3.538,138.2296333,9.419,2012,7,27,4,0,555954.13,581854.5,554093.15,561060.135,540956.7458333333
29,0,75.81,3.561,138.263,9.419,2012,7,28,4,0,578832.41,555954.13,552338.76,567244.9500000001,545818.2941666667
29,0,76.57,3.61,138.2331935,9.419,2012,7,29,4,0,514709.76,578832.41,581854.5,557837.7,544944.0583333332
29,0,73.52,3.701,138.2033871,9.419,2012,7,30,4,0,506705.36,514709.76,555954.13,539050.415,545731.9866666667
29,0,72.99,3.698,138.1735806,9.419,2012,8,31,4,0,475158.24,506705.36,578832.41,518851.4425,543248.1866666666
30,0,66.93,2.78,210.0505833,8.2,2010,4,17,4,0,462454.39,471054.16,457884.06,461548.3925,464457.945
30,0,70.87,2.835,210.0011018,8.2,2010,5,18,4,0,456140.34,462454.39,454800.96,461112.4625,463710.5966666667
30,0,73.08,2.854,209.9984585,8.2,2010,5,19,4,0,457883.94,456140.34,471054.16,461883.2075,460419.71083333326
30,0,74.24,2.826,210.2768443,8.2,2010,5,20,4,0,461868.09,457883.94,462454.39,459586.69000000006,460282.61333333334
30,0,80.94,2.759,210.5552301,8.2,2010,5,21,4,0,455751.84,461868.09,456140.34,457911.0525,458901.04083333333
30,0,82.68,2.705,210.833616,8.2,2010,6,22,4,0,462474.16,455751.84,457883.94,459494.50750000007,458057.965
30,0,83.51,2.668,211.1120018,8.2,2010,6,23,4,0,458343.7,462474.16,461868.09,459609.4475,457237.4458333333
30,0,86.18,2.637,211.1096543,8.2,2010,6,24,4,0,445530.16,458343.7,455751.84,455524.965,457220.26249999995
30,0,87.01,2.653,210.9950134,8.2,2010,6,25,4,0,447727.52,445530.16,462474.16,453518.885,457659.44333333336
30,0,82.29,2.669,210.8803726,8.099,2010,7,26,4,0,453210.24,447727.52,458343.7,451202.90499999997,457269.9583333333
30,0,81.67,2.642,210.7657317,8.099,2010,7,27,4,0,450337.47,453210.24,445530.16,449201.3475,456898.0008333333
30,0,85.61,2.623,210.7577954,8.099,2010,7,28,4,0,436293.4,450337.47,447727.52,446892.1575,454001.2708333333
30,0,87.17,2.608,210.8921319,8.099,2010,7,29,4,0,438068.71,436293.4,453210.24,444477.455,451969.1308333333
30,0,83.59,2.64,211.0264684,8.099,2010,7,30,4,0,440491.33,438068.71,450337.47,441297.72750000004,450665.04666666663
30,0,90.3,2.627,211.1608049,8.099,2010,8,31,4,0,437893.76,440491.33,436293.4,438186.80000000005,448999.1983333334
30,0,89.65,2.692,211.2951413,8.099,2010,8,32,4,0,441407.06,437893.76,438068.71,439465.215,447294.1125
30,0,89.58,2.664,211.2596586,8.099,2010,8,33,4,0,444160.07,441407.06,440491.33,440988.055,446328.13166666665
30,0,86.2,2.619,211.2241759,8.099,2010,8,34,4,0,447139.8,444160.07,437893.76,442650.17250000004,445050.2683333333
30,0,82.57,2.577,211.1886931,8.099,2010,9,35,4,0,443810.78,447139.8,441407.06,444129.42750000005,443839.1916666667
30,1,79.3,2.565,211.1532104,8.099,2010,9,36,4,0,461548.98,443810.78,444160.07,449164.90750000003,445174.0933333333
30,0,83.03,2.582,211.1806415,8.099,2010,9,37,4,0,455162.92,461548.98,447139.8,451915.62,445793.70999999996
30,0,80.79,2.624,211.2552578,8.099,2010,9,38,4,0,462058.19,455162.92,443810.78,455645.21749999997,446531.0391666666
30,0,70.28,2.603,211.3298742,8.163,2010,10,39,4,0,448392.17,462058.19,461548.98,456790.56499999994,446368.93083333335
30,0,65.76,2.633,211.4044906,8.163,2010,10,40,4,0,445475.3,448392.17,455162.92,452772.14499999996,447134.0891666667
30,0,68.61,2.72,211.4713286,8.163,2010,10,41,4,0,462080.47,445475.3,462058.19,454501.5325,449135.06916666665
30,0,70.72,2.725,211.5187208,8.163,2010,10,42,4,0,453943.89,462080.47,448392.17,452472.9575,450256.1158333334
30,0,67.51,2.716,211.5661131,8.163,2010,10,43,4,0,459631.74,453943.89,445475.3,455282.85000000003,452067.6141666666
30,0,58.71,2.689,211.6135053,8.163,2010,11,44,4,0,438334.39,459631.74,462080.47,453497.6225,451811.55833333335
30,0,60.95,2.728,211.6608975,8.163,2010,11,45,4,0,484661.87,438334.39,453943.89,459142.97250000003,455186.7083333333
30,0,51.71,2.771,211.5470304,8.163,2010,11,46,4,0,431266.64,484661.87,459631.74,453473.66,453863.945
30,1,62.96,2.735,211.4062867,8.163,2010,11,47,4,0,423707.69,431266.64,438334.39,444492.64749999996,452188.6875
30,0,50.43,2.708,211.265543,8.163,2010,12,48,4,0,462732.36,423707.69,484661.87,450592.14,452287.3025
30,0,46.35,2.843,211.1247993,8.163,2010,12,49,4,0,407112.22,462732.36,431266.64,431204.7275,448283.07749999996
30,0,48.63,2.869,211.0645458,8.163,2010,12,50,4,0,428631.91,407112.22,423707.69,430546.045,445497.55416666664
30,0,51.29,2.886,211.0646599,8.163,2010,12,51,4,0,445332.28,428631.91,462732.36,435952.19249999995,445242.5633333333
30,1,47.19,2.943,211.064774,8.163,2010,12,52,4,0,519354.88,445332.28,407112.22,450107.8225,451399.195
30,0,44.24,2.976,211.0648881,8.028,2011,1,1,4,0,397631.02,519354.88,428631.91,447737.5225,446028.40750000003
30,0,34.14,2.983,211.1176713,8.028,2011,1,2,4,0,451077.21,397631.02,445332.28,453348.84750000003,445789.5175
30,0,42.72,3.016,211.4864691,8.028,2011,1,3,4,0,465408.72,451077.21,519354.88,458367.9575,446270.93250000005
30,0,44.04,3.01,211.8552668,8.028,2011,1,4,4,0,439132.62,465408.72,397631.02,438312.39249999996,446337.45166666666
30,0,36.33,2.989,212.2240646,8.028,2011,2,5,4,0,425989.04,439132.62,451077.21,445401.89749999996,441448.04916666663
30,1,34.61,3.022,212.5928624,8.028,2011,2,6,4,0,490970.95,425989.04,465408.72,455375.3325,446423.4083333334
30,0,59.87,3.045,212.9033115,8.028,2011,2,7,4,0,470921.24,490970.95,439132.62,456753.4625,450357.8708333333
30,0,61.27,3.065,213.190421,8.028,2011,2,8,4,0,417070.51,470921.24,425989.04,451237.93499999994,446552.71666666673
30,0,59.52,3.288,213.4775305,8.028,2011,3,9,4,0,432687.97,417070.51,490970.95,452912.6675,448684.02916666673
30,0,54.69,3.459,213.7646401,8.028,2011,3,10,4,0,443334.71,432687.97,470921.24,441003.6075,449909.2625
30,0,63.26,3.488,214.0156238,8.028,2011,3,11,4,0,438529.81,443334.71,417070.51,432905.75,449342.38999999996
30,0,70.33,3.473,214.2521573,8.028,2011,3,12,4,0,425470.84,438529.81,432687.97,435005.8325,441518.72000000003
30,0,56.36,3.524,214.4886908,7.931,2011,4,13,4,0,431754.01,425470.84,443334.71,434772.34249999997,444362.3025
30,0,68.62,3.622,214.7252242,7.931,2011,4,14,4,0,437926.79,431754.01,438529.81,433420.3625,443266.43416666664
30,0,71.01,3.743,214.9420631,7.931,2011,4,15,4,0,443889.5,437926.79,425470.84,434760.28500000003,441473.16583333333
30,0,70.79,3.807,215.1096657,7.931,2011,4,16,4,0,426666.92,443889.5,431754.01,435059.305,440434.3575
30,0,70.19,3.81,215.2772683,7.931,2011,4,17,4,0,445358.73,426666.92,437926.79,438460.485,442048.4983333333
30,0,61.87,3.906,215.4448709,7.931,2011,5,18,4,0,423687.2,445358.73,443889.5,434900.5875,436441.5191666666
30,0,75.04,3.899,215.6124735,7.931,2011,5,19,4,0,438789.52,423687.2,426666.92,433625.5925,433763.8758333334
30,0,68.36,3.907,215.3834778,7.931,2011,5,20,4,0,424614.59,438789.52,445358.73,433112.51,434392.54916666663
30,0,76.86,3.786,215.1544822,7.931,2011,5,21,4,0,435102.2,424614.59,423687.2,430548.37750000006,434593.73500000004
30,0,83.82,3.699,214.9254865,7.931,2011,6,22,4,0,429305.82,435102.2,438789.52,431953.0325,433424.6608333333
30,0,84.71,3.648,214.6964908,7.931,2011,6,23,4,0,432808.48,429305.82,424614.59,430457.77249999996,432947.88333333336
30,0,87.54,3.637,214.6513538,7.931,2011,6,24,4,0,424697.05,432808.48,435102.2,430478.3875,432883.4008333333
30,0,85.72,3.594,214.7441108,7.931,2011,6,25,4,0,435481.03,424697.05,429305.82,430573.09500000003,433193.98583333334
30,0,87.57,3.524,214.8368678,7.852,2011,7,26,4,0,422715.74,435481.03,432808.48,428925.575,431926.39833333326
30,0,89.16,3.48,214.9296249,7.852,2011,7,27,4,0,428782.38,422715.74,424697.05,427919.05000000005,430667.4716666667
30,0,91.05,3.575,215.0134426,7.852,2011,7,28,4,0,419764.37,428782.38,435481.03,426685.88,430092.2591666666
30,0,90.27,3.651,215.0749122,7.852,2011,7,29,4,0,420515.63,419764.37,422715.74,422944.53,428022.0008333334
30,0,91.56,3.682,215.1363819,7.852,2011,7,30,4,0,423441.76,420515.63,428782.38,423126.03500000003,428001.54750000004
30,0,94.22,3.684,215.1978515,7.852,2011,8,31,4,0,414245.96,423441.76,419764.37,419491.93000000005,425956.2508333333
30,0,92.32,3.638,215.2593211,7.852,2011,8,32,4,0,431798.64,414245.96,420515.63,422500.4975,426554.92166666663
30,0,90.11,3.554,215.3229307,7.852,2011,8,33,4,0,412224.67,431798.64,423441.76,420427.75749999995,424648.46083333326
30,0,92.07,3.523,215.386897,7.852,2011,8,34,4,0,414450.61,412224.67,414245.96,418179.97000000003,423410.5266666667
30,0,91.94,3.533,215.4508632,7.852,2011,9,35,4,0,387944.83,414450.61,431798.64,411604.6875,419671.88916666666
30,1,78.87,3.546,215.5148295,7.852,2011,9,36,4,0,369722.32,387944.83,412224.67,396085.60750000004,415090.6616666667
30,0,80.62,3.526,215.6944378,7.852,2011,9,37,4,0,370897.82,369722.32,414450.61,385753.895,409708.7275
30,0,75.68,3.467,216.0282356,7.852,2011,9,38,4,0,382914.66,370897.82,387944.83,377869.9075,406391.9708333334
30,0,78.91,3.355,216.3620333,7.852,2011,9,39,4,0,391837.56,382914.66,369722.32,378843.08999999997,403313.23583333334
30,0,71.64,3.285,216.6958311,7.441,2011,10,40,4,0,387001.13,391837.56,370897.82,383162.79250000004,400582.9658333334
30,0,69.79,3.274,217.0048261,7.441,2011,10,41,4,0,417528.26,387001.13,382914.66,394820.4025,400334.0183333333
30,0,65.16,3.353,217.1650042,7.441,2011,10,42,4,0,410711.99,417528.26,391837.56,401769.73500000004,399273.20416666666
30,0,65.46,3.372,217.3251824,7.441,2011,10,43,4,0,428958.53,410711.99,387001.13,411049.97750000004,400499.25166666665
30,0,56.01,3.332,217.4853605,7.441,2011,11,44,4,0,426151.88,428958.53,417528.26,420837.665,400028.6883333334
30,0,59.8,3.297,217.6455387,7.441,2011,11,45,4,0,432359.04,426151.88,410711.99,424545.36,401706.55250000005
30,0,61.9,3.308,217.8670218,7.441,2011,11,46,4,0,409686.63,432359.04,428958.53,424289.02,401309.5541666667
30,1,56.43,3.236,218.1130269,7.441,2011,11,47,4,0,436462.63,409686.63,426151.88,426165.045,405352.70416666666
30,0,48.72,3.172,218.3590319,7.441,2011,12,48,4,0,452163.93,436462.63,432359.04,432668.0575,412222.8383333333
30,0,41.44,3.158,218.605037,7.441,2011,12,49,4,0,412385.75,452163.93,409686.63,427674.735,415680.16583333333
30,0,50.56,3.159,218.8217928,7.441,2011,12,50,4,0,436741.02,412385.75,436462.63,434438.3325,420165.69583333336
30,0,46.54,3.112,218.9995495,7.441,2011,12,51,4,0,441265.08,436741.02,452163.93,435638.945,424284.65583333327
30,1,45.16,3.129,219.1773063,7.441,2011,12,52,4,0,492022.68,441265.08,412385.75,445603.6325,433036.45166666666
30,0,48.1,3.157,219.355063,7.057,2012,1,1,4,0,376777.45,492022.68,436741.02,436701.5575,429640.55083333334
30,0,45.0,3.261,219.5328198,7.057,2012,1,2,4,0,457030.86,376777.45,441265.08,441774.0175,433500.4566666666
30,0,52.21,3.268,219.6258417,7.057,2012,1,3,4,0,447023.91,457030.86,492022.68,443213.725,435005.905
30,0,50.79,3.29,219.7188636,7.057,2012,1,4,4,0,438760.62,447023.91,376777.45,429898.21,436056.6333333333
30,0,55.83,3.36,219.8118854,7.057,2012,2,5,4,0,433037.66,438760.62,457030.86,443963.2625,436113.18500000006
30,1,46.52,3.409,219.9049073,7.057,2012,2,6,4,0,434080.74,433037.66,447023.91,438225.7325,438146.0275
30,0,45.03,3.51,220.0651993,7.057,2012,2,7,4,0,451365.99,434080.74,438760.62,439311.2525,439387.9741666666
30,0,54.81,3.555,220.275944,7.057,2012,2,8,4,0,435109.11,451365.99,433037.66,438398.375,437966.7391666667
30,0,59.3,3.63,220.4866886,7.057,2012,3,9,4,0,425215.71,435109.11,434080.74,436442.8875,439035.9025
30,0,57.16,3.669,220.6974332,7.057,2012,3,10,4,0,438640.61,425215.71,451365.99,437582.855,439194.20166666666
30,0,63.39,3.734,220.8498468,7.057,2012,3,11,4,0,446617.89,438640.61,435109.11,436395.83,439640.2691666666
30,0,62.96,3.787,220.9244858,7.057,2012,3,12,4,0,413617.45,446617.89,425215.71,431022.915,433106.5
30,0,67.87,3.845,220.9991248,7.057,2012,3,13,4,0,430222.97,413617.45,438640.61,432274.73,437560.2933333333
30,0,69.02,3.891,221.0737638,6.891,2012,4,14,4,0,449603.91,430222.97,446617.89,435015.555,436941.38083333336
30,0,69.03,3.891,221.1484028,6.891,2012,4,15,4,0,461511.92,449603.91,413617.45,438739.0625,438148.715
30,0,66.97,3.877,221.2021074,6.891,2012,4,16,4,0,428784.7,461511.92,430222.97,442530.875,437317.38833333337
30,0,69.21,3.814,221.255812,6.891,2012,4,17,4,0,462909.41,428784.7,449603.91,450702.485,439806.70083333337
30,0,77.53,3.749,221.3095166,6.891,2012,5,18,4,0,433744.83,462909.41,461511.92,446737.715,439778.70833333326
30,0,74.14,3.688,221.3632212,6.891,2012,5,19,4,0,454477.54,433744.83,428784.7,444979.12,440038.00416666665
30,0,72.42,3.63,221.380331,6.891,2012,5,20,4,0,436070.45,454477.54,462909.41,446800.5575,440118.1158333333
30,0,79.49,3.561,221.3828029,6.891,2012,5,21,4,0,460945.14,436070.45,433744.83,446309.49,443095.56833333336
30,0,79.24,3.501,221.3852748,6.891,2012,6,22,4,0,449355.91,460945.14,454477.54,450212.26,443988.50999999995
30,0,79.47,3.452,221.3877467,6.891,2012,6,23,4,0,427021.18,449355.91,436070.45,443348.17,442355.45083333337
30,0,81.51,3.393,221.4009901,6.891,2012,6,24,4,0,437222.94,427021.18,460945.14,443636.2925,444322.57499999995
30,0,81.78,3.346,221.4411622,6.891,2012,6,25,4,0,438523.24,437222.94,449355.91,438030.8175,445014.26416666666
30,0,88.05,3.286,221.4813343,6.891,2012,6,26,4,0,428554.63,438523.24,427021.18,432830.49749999994,443260.1575
30,0,85.26,3.227,221.5215064,6.565,2012,7,27,4,0,423192.4,428554.63,437222.94,431873.3025,440066.8641666667
30,0,82.51,3.256,221.5616784,6.565,2012,7,28,4,0,440553.42,423192.4,438523.24,432705.9225,441047.5908333333
30,0,84.25,3.311,221.5701123,6.565,2012,7,29,4,0,417640.34,440553.42,428554.63,427485.1975,437275.1683333333
30,0,88.09,3.407,221.5785461,6.565,2012,7,30,4,0,427491.04,417640.34,423192.4,427219.30000000005,436754.0191666667
30,0,91.57,3.417,221.5869799,6.565,2012,8,31,4,0,424581.17,427491.04,440553.42,427566.4925,434262.655
31,0,66.93,2.78,210.0505833,8.2,2010,4,17,4,0,1280465.8,1367448.28,1357600.68,1350306.2125,1378760.4883333335
31,0,70.87,2.835,210.0011018,8.2,2010,5,18,4,0,1243200.24,1280465.8,1395710.09,1321706.1025,1359922.8375000001
31,0,73.08,2.854,209.9984585,8.2,2010,5,19,4,0,1381796.8,1243200.24,1367448.28,1318227.78,1346410.3016666665
31,0,74.24,2.826,210.2768443,8.2,2010,5,20,4,0,1287288.59,1381796.8,1280465.8,1298187.8575,1330902.1216666666
31,0,80.94,2.759,210.5552301,8.2,2010,5,21,4,0,1337405.6,1287288.59,1243200.24,1312422.8075,1330323.054166667
31,0,82.68,2.705,210.833616,8.2,2010,6,22,4,0,1309437.17,1337405.6,1381796.8,1328982.04,1324036.9425
31,0,83.51,2.668,211.1120018,8.2,2010,6,23,4,0,1427624.5,1309437.17,1287288.59,1340438.965,1329156.205
31,0,86.18,2.637,211.1096543,8.2,2010,6,24,4,0,1377092.33,1427624.5,1337405.6,1362889.9,1332892.1483333334
31,0,87.01,2.653,210.9950134,8.2,2010,6,25,4,0,1368090.08,1377092.33,1309437.17,1370561.02,1344430.0133333334
31,0,82.29,2.669,210.8803726,8.099,2010,7,26,4,0,1303523.73,1368090.08,1427624.5,1369082.6600000001,1339923.6008333333
31,0,81.67,2.642,210.7657317,8.099,2010,7,27,4,0,1311704.92,1303523.73,1377092.33,1340102.7650000001,1332923.17
31,0,85.61,2.623,210.7577954,8.099,2010,7,28,4,0,1315118.4,1311704.92,1368090.08,1324609.2825,1328562.3466666667
31,0,87.17,2.608,210.8921319,8.099,2010,7,29,4,0,1335433.72,1315118.4,1303523.73,1316445.1925,1333143.0066666666
31,0,83.59,2.64,211.0264684,8.099,2010,7,30,4,0,1276031.84,1335433.72,1311704.92,1309572.22,1335878.9733333334
31,0,90.3,2.627,211.1608049,8.099,2010,8,31,4,0,1231993.14,1276031.84,1315118.4,1289644.275,1323395.335
31,0,89.65,2.692,211.2951413,8.099,2010,8,32,4,0,1352401.08,1231993.14,1335433.72,1298964.945,1328821.3758333332
31,0,89.58,2.664,211.2596586,8.099,2010,8,33,4,0,1327719.34,1352401.08,1276031.84,1297036.35,1328014.1875
31,0,86.2,2.619,211.2241759,8.099,2010,8,34,4,0,1376571.21,1327719.34,1231993.14,1322171.1925,1333608.6908333332
31,0,82.57,2.577,211.1886931,8.099,2010,9,35,4,0,1326621.98,1376571.21,1352401.08,1345828.4025,1325191.8141666667
31,1,79.3,2.565,211.1532104,8.099,2010,9,36,4,0,1302047.48,1326621.98,1327719.34,1333240.0025,1318938.076666667
31,0,83.03,2.582,211.1806415,8.099,2010,9,37,4,0,1308179.02,1302047.48,1376571.21,1328354.9224999999,1313945.4883333333
31,0,80.79,2.624,211.2552578,8.099,2010,9,38,4,0,1294105.01,1308179.02,1326621.98,1307738.3725,1313160.595
31,0,70.28,2.603,211.3298742,8.163,2010,10,39,4,0,1230250.25,1294105.01,1302047.48,1283645.44,1306372.7058333333
31,0,65.76,2.633,211.4044906,8.163,2010,10,40,4,0,1213981.64,1230250.25,1308179.02,1261628.98,1297944.6425
31,0,68.61,2.72,211.4713286,8.163,2010,10,41,4,0,1300131.68,1213981.64,1294105.01,1259617.145,1295002.8058333334
31,0,70.72,2.725,211.5187208,8.163,2010,10,42,4,0,1265852.43,1300131.68,1230250.25,1252554.0,1294154.5216666667
31,0,67.51,2.716,211.5661131,8.163,2010,10,43,4,0,1262289.29,1265852.43,1213981.64,1260563.76,1296679.2008333334
31,0,58.71,2.689,211.6135053,8.163,2010,11,44,4,0,1257921.28,1262289.29,1300131.68,1271548.67,1288805.8841666668
31,0,60.95,2.728,211.6608975,8.163,2010,11,45,4,0,1324455.72,1257921.28,1265852.43,1277629.6800000002,1288533.9158333333
31,0,51.71,2.771,211.5470304,8.163,2010,11,46,4,0,1352780.76,1324455.72,1262289.29,1299361.7625,1286551.3783333332
31,1,62.96,2.735,211.4062867,8.163,2010,11,47,4,0,1359158.57,1352780.76,1257921.28,1323579.0825,1289262.7608333332
31,0,50.43,2.708,211.265543,8.163,2010,12,48,4,0,1858856.06,1359158.57,1324455.72,1473812.7774999999,1335663.4758333333
31,0,46.35,2.843,211.1247993,8.163,2010,12,49,4,0,1338716.37,1858856.06,1352780.76,1477377.94,1338208.255
31,0,48.63,2.869,211.0645458,8.163,2010,12,50,4,0,1475685.1,1338716.37,1359158.57,1508104.0250000001,1353339.9291666667
31,0,51.29,2.886,211.0646599,8.163,2010,12,51,4,0,1714667.0,1475685.1,1858856.06,1596981.1325,1393707.9916666667
31,1,47.19,2.943,211.064774,8.163,2010,12,52,4,0,2068942.97,1714667.0,1338716.37,1649502.86,1464954.7691666668
31,0,44.24,2.976,211.0648881,8.028,2011,1,1,4,0,1198071.6,2068942.97,1475685.1,1614341.6675000002,1456449.7625
31,0,34.14,2.983,211.1176713,8.028,2011,1,2,4,0,1311986.87,1198071.6,1714667.0,1573417.11,1460294.2991666666
31,0,42.72,3.016,211.4864691,8.028,2011,1,3,4,0,1350730.31,1311986.87,2068942.97,1482432.9375,1467664.3841666665
31,0,44.04,3.01,211.8552668,8.028,2011,1,4,4,0,1344167.13,1350730.31,1198071.6,1301238.9775,1474851.5383333333
31,0,36.33,2.989,212.2240646,8.028,2011,2,5,4,0,1254955.68,1344167.13,1311986.87,1315459.9975,1469059.8683333334
31,1,34.61,3.022,212.5928624,8.028,2011,2,6,4,0,1443206.46,1254955.68,1350730.31,1348264.895,1476595.3433333335
31,0,59.87,3.045,212.9033115,8.028,2011,2,7,4,0,1539230.32,1443206.46,1344167.13,1395389.8975,1491601.3225
31,0,61.27,3.065,213.190421,8.028,2011,2,8,4,0,1539063.91,1539230.32,1254955.68,1444114.0925,1464951.9766666666
31,0,59.52,3.288,213.4775305,8.028,2011,3,9,4,0,1365678.22,1539063.91,1443206.46,1471794.7274999998,1467198.7975
31,0,54.69,3.459,213.7646401,8.028,2011,3,10,4,0,1412721.18,1365678.22,1539230.32,1464173.4074999997,1461951.8041666665
31,0,63.26,3.488,214.0156238,8.028,2011,3,11,4,0,1405572.93,1412721.18,1539063.91,1430759.06,1436193.9649999999
31,0,70.33,3.473,214.2521573,8.028,2011,3,12,4,0,1425559.02,1405572.93,1365678.22,1402382.8375,1382578.6358333335
31,0,56.36,3.524,214.4886908,7.931,2011,4,13,4,0,1357036.1,1425559.02,1412721.18,1400222.3075,1395825.6775
31,0,68.62,3.622,214.7252242,7.931,2011,4,14,4,0,1344890.73,1357036.1,1405572.93,1383264.695,1398567.6658333333
31,0,71.01,3.743,214.9420631,7.931,2011,4,15,4,0,1416790.17,1344890.73,1425559.02,1386069.0050000001,1404072.6541666666
31,0,70.79,3.807,215.1096657,7.931,2011,4,16,4,0,1408464.08,1416790.17,1357036.1,1381795.27,1409430.7333333334
31,0,70.19,3.81,215.2772683,7.931,2011,4,17,4,0,1461393.91,1408464.08,1344890.73,1407884.7225000001,1426633.9191666667
31,0,61.87,3.906,215.4448709,7.931,2011,5,18,4,0,1331137.96,1461393.91,1416790.17,1404446.5299999998,1417294.8775000002
31,0,75.04,3.899,215.6124735,7.931,2011,5,19,4,0,1388755.61,1331137.96,1408464.08,1397437.89,1404755.3183333334
31,0,68.36,3.907,215.3834778,7.931,2011,5,20,4,0,1408118.22,1388755.61,1461393.91,1397351.4249999998,1393843.1775
31,0,76.86,3.786,215.1544822,7.931,2011,5,21,4,0,1387365.19,1408118.22,1331137.96,1378844.245,1395650.425
31,0,83.82,3.699,214.9254865,7.931,2011,6,22,4,0,1342273.64,1387365.19,1388755.61,1381628.165,1389779.7966666666
31,0,84.71,3.648,214.6964908,7.931,2011,6,23,4,0,1430348.1,1342273.64,1408118.22,1392026.2874999999,1391844.3941666665
31,0,87.54,3.637,214.6513538,7.931,2011,6,24,4,0,1425299.37,1430348.1,1387365.19,1396321.575,1391822.7566666666
31,0,85.72,3.594,214.7441108,7.931,2011,6,25,4,0,1491039.14,1425299.37,1342273.64,1422240.0625,1402989.6766666668
31,0,87.57,3.524,214.8368678,7.852,2011,7,26,4,0,1375962.46,1491039.14,1430348.1,1430662.2675,1405578.9875
31,0,89.16,3.48,214.9296249,7.852,2011,7,27,4,0,1371889.27,1375962.46,1425299.37,1416047.56,1401837.2458333333
31,0,91.05,3.575,215.0134426,7.852,2011,7,28,4,0,1423144.47,1371889.27,1491039.14,1415508.835,1403060.6116666666
31,0,90.27,3.651,215.0749122,7.852,2011,7,29,4,0,1415473.91,1423144.47,1375962.46,1396617.5274999999,1399233.945
31,0,91.56,3.682,215.1363819,7.852,2011,7,30,4,0,1401944.8,1415473.91,1371889.27,1403113.1125,1405134.515
31,0,94.22,3.684,215.1978515,7.852,2011,8,31,4,0,1308122.15,1401944.8,1423144.47,1387171.3324999998,1398415.0599999998
31,0,92.32,3.638,215.2593211,7.852,2011,8,32,4,0,1428993.33,1308122.15,1415473.91,1388633.5474999999,1400154.6525
31,0,90.11,3.554,215.3229307,7.852,2011,8,33,4,0,1443311.49,1428993.33,1401944.8,1395592.9425,1404816.8441666665
31,0,92.07,3.523,215.386897,7.852,2011,8,34,4,0,1487542.53,1443311.49,1308122.15,1416992.375,1416922.585
31,0,91.94,3.533,215.4508632,7.852,2011,9,35,4,0,1417267.07,1487542.53,1428993.33,1444278.605,1415832.4991666668
31,1,78.87,3.546,215.5148295,7.852,2011,9,36,4,0,1385769.03,1417267.07,1443311.49,1433472.53,1412538.3041666665
31,0,80.62,3.526,215.6944378,7.852,2011,9,37,4,0,1376670.27,1385769.03,1487542.53,1416812.225,1403007.5649999997
31,0,75.68,3.467,216.0282356,7.852,2011,9,38,4,0,1363460.86,1376670.27,1417267.07,1385791.8075,1401965.765
31,0,78.91,3.355,216.3620333,7.852,2011,9,39,4,0,1347607.74,1363460.86,1385769.03,1368376.975,1399942.304166667
31,0,71.64,3.285,216.6958311,7.441,2011,10,40,4,0,1285534.74,1347607.74,1376670.27,1343318.4024999999,1388474.8266666667
31,0,69.79,3.274,217.0048261,7.441,2011,10,41,4,0,1427383.24,1285534.74,1363460.86,1355996.645,1389467.2708333333
31,0,65.16,3.353,217.1650042,7.441,2011,10,42,4,0,1378340.18,1427383.24,1347607.74,1359716.475,1387500.2191666667
31,0,65.46,3.372,217.3251824,7.441,2011,10,43,4,0,1409310.4,1378340.18,1285534.74,1375142.14,1395932.5733333335
31,0,56.01,3.332,217.4853605,7.441,2011,11,44,4,0,1346862.72,1409310.4,1427383.24,1390474.135,1389088.3558333332
31,0,59.8,3.297,217.6455387,7.441,2011,11,45,4,0,1426405.46,1346862.72,1378340.18,1390229.69,1387679.52
31,0,61.9,3.308,217.8670218,7.441,2011,11,46,4,0,1444783.64,1426405.46,1409310.4,1406840.555,1384116.2791666668
31,1,56.43,3.236,218.1130269,7.441,2011,11,47,4,0,1445174.79,1444783.64,1346862.72,1415806.6525,1386441.9225
31,0,48.72,3.172,218.3590319,7.441,2011,12,48,4,0,1934099.65,1445174.79,1426405.46,1562615.8849999998,1432136.1408333331
31,0,41.44,3.158,218.605037,7.441,2011,12,49,4,0,1388809.43,1934099.65,1444783.64,1553216.8775,1433147.7374999998
31,0,50.56,3.159,218.8217928,7.441,2011,12,50,4,0,1556798.94,1388809.43,1445174.79,1581220.7025,1449259.2441666666
31,0,46.54,3.112,218.9995495,7.441,2011,12,51,4,0,1611196.61,1556798.94,1934099.65,1622726.1575,1471224.9833333334
31,1,45.16,3.129,219.1773063,7.441,2011,12,52,4,0,2026176.14,1611196.61,1388809.43,1645745.28,1532945.0999999999
31,0,48.1,3.157,219.355063,7.057,2012,1,1,4,0,1355405.95,2026176.14,1556798.94,1637394.41,1526946.9925
31,0,45.0,3.261,219.5328198,7.057,2012,1,2,4,0,1401232.52,1355405.95,1611196.61,1598502.8050000002,1528854.6874999998
31,0,52.21,3.268,219.6258417,7.057,2012,1,3,4,0,1377485.12,1401232.52,2026176.14,1540074.9325,1526202.5808333333
31,0,50.79,3.29,219.7188636,7.057,2012,1,4,4,0,1372504.9,1377485.12,1355405.95,1376657.1225,1528339.4291666665
31,0,55.83,3.36,219.8118854,7.057,2012,2,5,4,0,1259941.48,1372504.9,1401232.52,1352791.005,1514467.4308333332
31,1,46.52,3.409,219.9049073,7.057,2012,2,6,4,0,1391479.91,1259941.48,1377485.12,1350352.8525,1510025.4533333331
31,0,45.03,3.51,220.0651993,7.057,2012,2,7,4,0,1527688.58,1391479.91,1372504.9,1387903.7175,1516901.6025
31,0,54.81,3.555,220.275944,7.057,2012,2,8,4,0,1570813.52,1527688.58,1259941.48,1437480.8725,1486627.758333333
31,0,59.3,3.63,220.4866886,7.057,2012,3,9,4,0,1392543.37,1570813.52,1391479.91,1470631.345,1486938.92
31,0,57.16,3.669,220.6974332,7.057,2012,3,10,4,0,1427881.22,1392543.37,1527688.58,1479731.6725,1476195.7766666666
31,0,63.39,3.734,220.8498468,7.057,2012,3,11,4,0,1439034.86,1427881.22,1570813.52,1457568.2425000002,1461848.9641666666
31,0,62.96,3.787,220.9244858,7.057,2012,3,12,4,0,1481728.13,1439034.86,1392543.37,1435296.895,1416478.2966666666
31,0,67.87,3.845,220.9991248,7.057,2012,3,13,4,0,1365824.97,1481728.13,1427881.22,1428617.295,1417346.5483333336
31,0,69.02,3.891,221.0737638,6.891,2012,4,14,4,0,1318854.22,1365824.97,1439034.86,1401360.545,1410481.6900000002
31,0,69.03,3.891,221.1484028,6.891,2012,4,15,4,0,1496169.81,1318854.22,1481728.13,1415644.2825,1420372.0808333333
31,0,66.97,3.877,221.2021074,6.891,2012,4,16,4,0,1407842.91,1496169.81,1365824.97,1397172.9775,1423316.915
31,0,69.21,3.814,221.255812,6.891,2012,4,17,4,0,1407036.59,1407842.91,1318854.22,1407475.8825,1435574.8408333333
31,0,77.53,3.749,221.3095166,6.891,2012,5,18,4,0,1311352.25,1407036.59,1496169.81,1405600.3900000001,1428897.5358333334
31,0,74.14,3.688,221.3632212,6.891,2012,5,19,4,0,1391257.28,1311352.25,1407842.91,1379372.2574999998,1417528.2608333332
31,0,72.42,3.63,221.380331,6.891,2012,5,20,4,0,1392938.06,1391257.28,1407036.59,1375646.045,1402705.3058333334
31,0,79.49,3.561,221.3828029,6.891,2012,5,21,4,0,1441473.82,1392938.06,1311352.25,1384255.3525,1406782.8433333335
31,0,79.24,3.501,221.3852748,6.891,2012,6,22,4,0,1397094.26,1441473.82,1391257.28,1405690.855,1404217.2633333334
31,0,79.47,3.452,221.3877467,6.891,2012,6,23,4,0,1404516.29,1397094.26,1392938.06,1409005.6075,1401340.7158333333
31,0,81.51,3.393,221.4009901,6.891,2012,6,24,4,0,1443285.79,1404516.29,1441473.82,1421592.54,1398137.1875
31,0,81.78,3.346,221.4411622,6.891,2012,6,25,4,0,1431003.43,1443285.79,1397094.26,1418974.9425000001,1403568.7258333333
31,0,88.05,3.286,221.4813343,6.891,2012,6,26,4,0,1394065.76,1431003.43,1404516.29,1418217.8175,1409836.3541666667
31,0,85.26,3.227,221.5215064,6.565,2012,7,27,4,0,1349202.25,1394065.76,1443285.79,1404389.3075,1397589.0574999999
31,0,82.51,3.256,221.5616784,6.565,2012,7,28,4,0,1458059.42,1349202.25,1431003.43,1408082.7149999999,1401773.7666666666
31,0,84.25,3.311,221.5701123,6.565,2012,7,29,4,0,1374301.34,1458059.42,1394065.76,1393907.1925000001,1399045.8291666666
31,0,88.09,3.407,221.5785461,6.565,2012,7,30,4,0,1392395.2,1374301.34,1349202.25,1393489.5525,1405799.4083333332
31,0,91.57,3.417,221.5869799,6.565,2012,8,31,4,0,1303732.36,1392395.2,1458059.42,1382122.08,1398505.665
32,0,47.51,2.766,189.575127,8.963,2010,4,17,4,0,1072474.8,1082763.27,1131732.94,1095715.0575,1085461.5141666667
32,0,48.94,2.771,189.5312483,8.963,2010,5,18,4,0,1066792.63,1072474.8,1095889.22,1079479.98,1083726.2175
32,0,46.42,2.788,189.4904116,8.963,2010,5,19,4,0,1133657.58,1066792.63,1082763.27,1088922.07,1084567.1725
32,0,55.89,2.776,189.467827,8.963,2010,5,20,4,0,1079314.52,1133657.58,1072474.8,1088059.8824999998,1084296.7941666667
32,0,64.69,2.737,189.4452425,8.963,2010,5,21,4,0,1143819.35,1079314.52,1066792.63,1105896.02,1091844.4816666667
32,0,66.69,2.7,189.422658,8.963,2010,6,22,4,0,1205662.85,1143819.35,1133657.58,1140613.5750000002,1103435.8241666667
32,0,70.86,2.684,189.4000734,8.963,2010,6,23,4,0,1149234.96,1205662.85,1079314.52,1144507.92,1108095.4566666668
32,0,60.94,2.674,189.4185259,8.963,2010,6,24,4,0,1192074.09,1149234.96,1143819.35,1172697.8125,1119119.8158333334
32,0,72.42,2.715,189.4533931,8.963,2010,6,25,4,0,1150191.72,1192074.09,1205662.85,1174290.905,1125300.6608333334
32,0,74.74,2.728,189.4882603,9.017,2010,7,26,4,0,1124763.74,1150191.72,1149234.96,1154066.1275,1124719.8941666665
32,0,67.55,2.711,189.5231276,9.017,2010,7,27,4,0,1187988.64,1124763.74,1192074.09,1163754.5474999999,1132394.8458333334
32,0,76.2,2.699,189.6125456,9.017,2010,7,28,4,0,1077253.67,1187988.64,1150191.72,1135049.4425,1131935.7125000001
32,0,75.69,2.691,189.774698,9.017,2010,7,29,4,0,1120172.24,1077253.67,1124763.74,1127544.5725,1135910.4991666668
32,0,75.62,2.69,189.9368504,9.017,2010,7,30,4,0,1109574.11,1120172.24,1187988.64,1123747.165,1139475.6224999998
32,0,72.95,2.69,190.0990028,9.017,2010,8,31,4,0,1065350.56,1109574.11,1077253.67,1093087.645,1133783.3708333333
32,0,74.97,2.723,190.2611552,9.017,2010,8,32,4,0,1144552.09,1065350.56,1120172.24,1109912.25,1139219.835
32,0,71.46,2.732,190.2948237,9.017,2010,8,33,4,0,1157975.68,1144552.09,1109574.11,1119363.1099999999,1140399.5291666666
32,0,74.95,2.731,190.3284922,9.017,2010,8,34,4,0,1189887.86,1157975.68,1065350.56,1139441.5475,1139084.9466666668
32,0,70.2,2.773,190.3621607,9.017,2010,9,35,4,0,1140501.03,1189887.86,1144552.09,1158229.165,1138357.1191666666
32,1,68.44,2.78,190.3958293,9.017,2010,9,36,4,0,1095932.51,1140501.03,1157975.68,1146074.27,1130345.3208333333
32,0,67.17,2.8,190.4688287,9.017,2010,9,37,4,0,1028635.39,1095932.51,1189887.86,1113739.1975,1120215.6266666667
32,0,64.19,2.793,190.5713264,9.017,2010,9,38,4,0,1043962.36,1028635.39,1140501.03,1077257.8225,1113482.1783333335
32,0,66.14,2.759,190.6738241,9.137,2010,10,39,4,0,1067432.1,1043962.36,1095932.51,1058990.59,1103435.8
32,0,61.81,2.745,190.7763218,9.137,2010,10,40,4,0,1061089.56,1067432.1,1028635.39,1050279.8525,1102088.7908333333
32,0,52.96,2.762,190.8623087,9.137,2010,10,41,4,0,1085483.44,1061089.56,1043962.36,1064491.865,1099198.0574999999
32,0,52.3,2.762,190.9070184,9.137,2010,10,42,4,0,1096692.88,1085483.44,1067432.1,1077674.4949999999,1098124.6216666668
32,0,45.45,2.748,190.951728,9.137,2010,10,43,4,0,1102185.0,1096692.88,1061089.56,1086362.72,1101194.1583333334
32,0,49.2,2.729,190.9964377,9.137,2010,11,44,4,0,1115138.51,1102185.0,1085483.44,1099874.9575,1098743.0266666666
32,0,42.3,2.737,191.0411474,9.137,2010,11,45,4,0,1063056.21,1115138.51,1096692.88,1094268.15,1090833.0708333335
32,0,36.24,2.758,191.0312172,9.137,2010,11,46,4,0,1141019.11,1063056.21,1102185.0,1105349.7075,1086760.675
32,1,29.97,2.742,191.0121805,9.137,2010,11,47,4,0,1150729.89,1141019.11,1115138.51,1117485.9300000002,1087613.08
32,0,35.18,2.712,190.9931437,9.137,2010,12,48,4,0,1634635.86,1150729.89,1063056.21,1247360.2675,1132505.0258333334
32,0,36.62,2.728,190.9741069,9.137,2010,12,49,4,0,1200892.56,1634635.86,1141019.11,1281819.355,1146859.79
32,0,36.07,2.778,191.0303376,9.137,2010,12,50,4,0,1377322.73,1200892.56,1150729.89,1340895.26,1174639.8208333333
32,0,30.72,2.781,191.1430189,9.137,2010,12,51,4,0,1557776.1,1377322.73,1634635.86,1442656.8125,1215501.8208333335
32,1,27.7,2.829,191.2557002,9.137,2010,12,52,4,0,1949183.14,1557776.1,1200892.56,1521293.6324999998,1289509.6191666666
32,0,23.78,2.882,191.3683815,8.818,2011,1,1,4,0,955463.84,1949183.14,1377322.73,1459936.4525000001,1278674.6525
32,0,21.69,2.911,191.4784939,8.818,2011,1,2,4,0,1046416.17,955463.84,1557776.1,1377209.8125,1274484.9266666665
32,0,34.54,2.973,191.5731924,8.818,2011,1,3,4,0,1028206.51,1046416.17,1949183.14,1244817.415,1268320.0525
32,0,34.86,3.008,191.667891,8.818,2011,1,4,4,0,1078348.91,1028206.51,955463.84,1027108.8574999999,1265254.2525
32,0,15.47,3.011,191.7625895,8.818,2011,2,5,4,0,1006814.85,1078348.91,1046416.17,1039946.61,1260567.4725000001
32,1,18.51,3.037,191.8572881,8.818,2011,2,6,4,0,1070457.8,1006814.85,1028206.51,1045957.0175,1254687.3633333333
32,0,42.09,3.051,191.9178331,8.818,2011,2,7,4,0,1124357.2,1070457.8,1078348.91,1069994.69,1252489.6391666667
32,0,33.0,3.101,191.9647167,8.818,2011,2,8,4,0,1183528.58,1124357.2,1006814.85,1096289.6075,1214897.3658333335
32,0,39.17,3.232,192.0116004,8.818,2011,3,9,4,0,1054754.67,1183528.58,1070457.8,1108274.5625,1202719.2083333333
32,0,36.51,3.372,192.058484,8.818,2011,3,10,4,0,1106847.62,1054754.67,1124357.2,1117372.0175,1180179.6158333335
32,0,45.25,3.406,192.1237981,8.818,2011,3,11,4,0,1101458.21,1106847.62,1183528.58,1111647.27,1142153.125
32,0,46.7,3.414,192.1964844,8.818,2011,3,12,4,0,1100765.5,1101458.21,1054754.67,1090956.5,1071451.655
32,0,44.83,3.461,192.2691707,8.595,2011,4,13,4,0,1068719.22,1100765.5,1106847.62,1094447.6375,1080889.6033333333
32,0,48.81,3.532,192.3418571,8.595,2011,4,14,4,0,1051121.02,1068719.22,1101458.21,1080515.9874999998,1081281.6741666666
32,0,45.97,3.611,192.4225954,8.595,2011,4,15,4,0,1102975.59,1051121.02,1100765.5,1080895.3325,1087512.4308333334
32,0,48.69,3.636,192.5234638,8.595,2011,4,16,4,0,1120508.14,1102975.59,1068719.22,1085830.9925,1091025.7
32,0,44.86,3.663,192.6243322,8.595,2011,4,17,4,0,1210602.91,1120508.14,1051121.02,1121301.915,1108008.0383333333
32,0,46.65,3.735,192.7252006,8.595,2011,5,18,4,0,1107494.55,1210602.91,1102975.59,1135395.2974999999,1111094.4341666668
32,0,56.09,3.767,192.826069,8.595,2011,5,19,4,0,1181793.55,1107494.55,1120508.14,1155099.7875,1115880.7966666666
32,0,45.71,3.828,192.831317,8.595,2011,5,20,4,0,1138162.76,1181793.55,1210602.91,1159513.4425,1112100.3116666665
32,0,55.13,3.795,192.8365651,8.595,2011,5,21,4,0,1145084.76,1138162.76,1107494.55,1143133.905,1119627.8191666666
32,0,61.25,3.763,192.8418131,8.595,2011,6,22,4,0,1175447.49,1145084.76,1181793.55,1160122.1400000001,1125344.4749999999
32,0,65.49,3.735,192.8470612,8.595,2011,6,23,4,0,1167757.0,1175447.49,1138162.76,1156613.0025,1130869.3741666665
32,0,67.38,3.697,192.9034759,8.595,2011,6,24,4,0,1239741.34,1167757.0,1145084.76,1182007.6475,1142450.6941666666
32,0,65.06,3.661,192.9982655,8.595,2011,6,25,4,0,1192031.38,1239741.34,1175447.49,1193744.3025,1152726.7075
32,0,72.86,3.597,193.0930552,8.622,2011,7,26,4,0,1163869.52,1192031.38,1167757.0,1190849.81,1162122.4158333333
32,0,72.56,3.54,193.1878448,8.622,2011,7,27,4,0,1199845.29,1163869.52,1239741.34,1198871.8825,1170194.8908333334
32,0,70.55,3.532,193.3125484,8.622,2011,7,28,4,0,1110244.52,1199845.29,1192031.38,1166497.6775,1169339.5891666666
32,0,76.0,3.545,193.5120367,8.622,2011,7,29,4,0,1144254.26,1110244.52,1163869.52,1154553.3975,1163810.535
32,0,75.91,3.547,193.711525,8.622,2011,7,30,4,0,1185674.48,1144254.26,1199845.29,1160004.6375,1170325.5291666666
32,0,74.83,3.554,193.9110133,8.622,2011,8,31,4,0,1169988.62,1185674.48,1110244.52,1152540.47,1169341.7850000001
32,0,74.2,3.542,194.1105017,8.622,2011,8,32,4,0,1201694.14,1169988.62,1144254.26,1175402.875,1174636.0666666667
32,0,73.72,3.499,194.2500634,8.622,2011,8,33,4,0,1206795.74,1201694.14,1185674.48,1191038.245,1179778.6483333332
32,0,75.64,3.485,194.3796374,8.622,2011,8,34,4,0,1221318.17,1206795.74,1169988.62,1199949.1675,1183601.2049999998
32,0,74.6,3.511,194.5092113,8.622,2011,9,35,4,0,1183740.91,1221318.17,1201694.14,1203387.24,1184933.1975
32,1,61.24,3.566,194.6387853,8.622,2011,9,36,4,0,1152117.5,1183740.91,1206795.74,1190993.08,1177631.2108333332
32,0,60.88,3.596,194.7419707,8.622,2011,9,37,4,0,1128237.3,1152117.5,1221318.17,1171353.47,1172315.0374999999
32,0,58.66,3.581,194.8099713,8.622,2011,9,38,4,0,1142499.25,1128237.3,1183740.91,1151648.74,1170534.1816666666
32,0,65.04,3.538,194.8779718,8.622,2011,9,39,4,0,1116140.29,1142499.25,1152117.5,1134748.585,1163558.765
32,0,62.62,3.498,194.9459724,8.513,2011,10,40,4,0,1088943.98,1116140.29,1128237.3,1118955.205,1161783.72
32,0,50.15,3.491,195.0261012,8.513,2011,10,41,4,0,1149448.02,1088943.98,1142499.25,1124257.885,1162216.5333333334
32,0,48.87,3.548,195.1789994,8.513,2011,10,42,4,0,1175420.26,1149448.02,1116140.29,1132488.1375,1161362.015
32,0,42.76,3.55,195.3318977,8.513,2011,10,43,4,0,1151258.74,1175420.26,1088943.98,1141267.75,1159801.1916666667
32,0,37.95,3.527,195.4847959,8.513,2011,11,44,4,0,1185391.96,1151258.74,1149448.02,1165379.745,1158442.6766666668
32,0,38.1,3.505,195.6376941,8.513,2011,11,45,4,0,1204628.28,1185391.96,1175420.26,1179174.81,1158262.055
32,0,42.61,3.479,195.7184713,8.513,2011,11,46,4,0,1182733.0,1204628.28,1151258.74,1181002.995,1155046.6241666668
32,1,40.22,3.424,195.7704,8.513,2011,11,47,4,0,1181651.55,1182733.0,1185391.96,1188601.1975,1154872.5108333332
32,0,33.8,3.378,195.8223287,8.513,2011,12,48,4,0,1684468.66,1181651.55,1204628.28,1313370.3725,1199235.1075
32,0,17.94,3.331,195.8742575,8.513,2011,12,49,4,0,1179773.88,1684468.66,1182733.0,1307156.7725,1203529.8225
32,0,26.23,3.266,195.9841685,8.513,2011,12,50,4,0,1415746.91,1179773.88,1181651.55,1365410.25,1226300.4608333334
32,0,25.97,3.173,196.1713893,8.513,2011,12,51,4,0,1556017.91,1415746.91,1684468.66,1459001.8399999999,1262956.9291666667
32,1,32.99,3.119,196.3586101,8.513,2011,12,52,4,0,1959526.96,1556017.91,1179773.88,1527766.4149999998,1335505.5108333332
32,0,36.75,3.095,196.5458309,8.256,2012,1,1,4,0,1102367.65,1959526.96,1415746.91,1508414.8575,1331582.1466666667
32,0,28.99,3.077,196.7330517,8.256,2012,1,2,4,0,1099937.25,1102367.65,1556017.91,1429462.4425,1325291.8958333333
32,0,36.86,3.055,196.7796652,8.256,2012,1,3,4,0,1071598.36,1099937.25,1959526.96,1308357.5550000002,1318653.5308333333
32,0,36.67,3.038,196.8262786,8.256,2012,1,4,4,0,1080012.04,1071598.36,1102367.65,1088478.8250000002,1309871.8708333333
32,0,35.89,3.031,196.8728921,8.256,2012,2,5,4,0,1051864.6,1080012.04,1099937.25,1075853.0625,1297141.5641666667
32,1,23.34,3.103,196.9195056,8.256,2012,2,6,4,0,1156826.31,1051864.6,1071598.36,1090075.3275000001,1294982.6733333333
32,0,24.26,3.113,196.9432711,8.256,2012,2,7,4,0,1129422.86,1156826.31,1080012.04,1104531.4525000001,1290630.2825
32,0,33.41,3.129,196.9499007,8.256,2012,2,8,4,0,1243812.59,1129422.86,1051864.6,1145481.59,1253908.9433333334
32,0,33.4,3.191,196.9565303,8.256,2012,3,9,4,0,1091822.72,1243812.59,1156826.31,1155471.12,1246579.68
32,0,39.9,3.286,196.9631599,8.256,2012,3,10,4,0,1153332.89,1091822.72,1129422.86,1154597.7650000001,1224711.845
32,0,51.51,3.486,197.0457208,8.256,2012,3,11,4,0,1124537.97,1153332.89,1243812.59,1153376.5425,1188755.1833333333
32,0,47.64,3.664,197.2295234,8.256,2012,3,12,4,0,1138101.18,1124537.97,1091822.72,1126948.69,1120303.035
32,0,56.09,3.75,197.4133259,8.256,2012,3,13,4,0,1146632.46,1138101.18,1153332.89,1140651.125,1123991.7691666668
32,0,51.49,3.854,197.5971285,8.09,2012,4,14,4,0,1108686.87,1146632.46,1124537.97,1129489.62,1124720.9041666666
32,0,52.1,3.901,197.780931,8.09,2012,4,15,4,0,1270577.01,1108686.87,1138101.18,1165999.3800000001,1141302.4583333333
32,0,49.15,3.936,197.7227385,8.09,2012,4,16,4,0,1171834.47,1270577.01,1146632.46,1174432.7025000001,1148954.3275
32,0,61.76,3.927,197.664546,8.09,2012,4,17,4,0,1121405.91,1171834.47,1108686.87,1168126.065,1154749.4366666668
32,0,58.29,3.903,197.6063534,8.09,2012,5,18,4,0,1126962.44,1121405.91,1270577.01,1172694.9575,1152260.7808333333
32,0,55.4,3.87,197.5481609,8.09,2012,5,19,4,0,1187384.53,1126962.44,1171834.47,1151896.8375,1157090.92
32,0,57.46,3.837,197.5553137,8.09,2012,5,20,4,0,1187051.07,1187384.53,1121405.91,1155700.9875,1152360.7933333332
32,0,59.74,3.804,197.5886046,8.09,2012,5,21,4,0,1177539.71,1187051.07,1126962.44,1169734.4375,1159503.8758333332
32,0,62.84,3.764,197.6218954,8.09,2012,6,22,4,0,1232784.22,1177539.71,1187384.53,1196189.8825,1166124.82
32,0,71.14,3.741,197.6551863,8.09,2012,6,23,4,0,1157557.79,1232784.22,1187051.07,1188733.1975,1168876.4716666667
32,0,70.91,3.723,197.692292,8.09,2012,6,24,4,0,1246322.44,1157557.79,1177539.71,1203551.04,1177894.91
32,0,74.85,3.735,197.7389345,8.09,2012,6,25,4,0,1234759.54,1246322.44,1232784.22,1217855.9975,1185238.8333333333
32,0,81.95,3.693,197.785577,8.09,2012,6,26,4,0,1196880.11,1234759.54,1157557.79,1208879.97,1192588.27
32,0,78.68,3.646,197.8322195,7.872,2012,7,27,4,0,1178211.81,1196880.11,1246322.44,1214043.475,1184891.1700000002
32,0,71.57,3.613,197.8788621,7.872,2012,7,28,4,0,1214183.97,1178211.81,1234759.54,1206008.8575,1188420.295
32,0,77.76,3.585,197.9290378,7.872,2012,7,29,4,0,1141184.66,1214183.97,1196880.11,1182615.1375,1190068.5241666667
32,0,77.56,3.57,197.9792136,7.872,2012,7,30,4,0,1167829.33,1141184.66,1178211.81,1175352.4425,1193474.0983333334
32,0,75.09,3.528,198.0293893,7.872,2012,8,31,4,0,1144901.52,1167829.33,1214183.97,1167024.87,1189933.8475
33,0,73.29,3.105,126.3805667,9.849,2010,4,17,4,0,263263.02,307779.64,274634.52,292719.5575,289169.45583333337
33,0,75.4,3.127,126.2898,9.849,2010,5,18,4,0,275883.23,263263.02,325201.05,293031.735,289276.93916666665
33,0,76.8,3.145,126.2085484,9.849,2010,5,19,4,0,326870.13,275883.23,307779.64,293449.005,291942.54750000004
33,0,82.8,3.12,126.1843871,9.849,2010,5,20,4,0,331173.51,326870.13,263263.02,299297.47250000003,294802.7708333333
33,0,78.47,3.058,126.1602258,9.849,2010,5,21,4,0,294264.2,331173.51,275883.23,307047.7675,295653.7233333333
33,0,86.06,2.941,126.1360645,9.849,2010,6,22,4,0,279246.33,294264.2,326870.13,307888.5425,294633.8433333333
33,0,93.52,3.057,126.1119032,9.849,2010,6,23,4,0,285100.0,279246.33,331173.51,297446.01,292378.76
33,0,87.69,2.935,126.114,9.849,2010,6,24,4,0,310800.79,285100.0,294264.2,292352.83,294759.1816666667
33,0,93.66,3.084,126.1266,9.849,2010,6,25,4,0,272399.08,310800.79,279246.33,286886.55000000005,295551.2916666667
33,0,97.66,2.978,126.1392,9.495,2010,7,26,4,0,259419.91,272399.08,285100.0,281929.945,294283.4075
33,0,95.88,3.1,126.1518,9.495,2010,7,27,4,0,267495.76,259419.91,310800.79,277528.885,289474.63333333336
33,0,100.14,2.971,126.1498065,9.495,2010,7,28,4,0,302423.93,267495.76,272399.08,275434.67,289028.32416666666
33,0,97.04,3.112,126.1283548,9.495,2010,7,29,4,0,280937.84,302423.93,259419.91,277569.36,290501.22583333333
33,0,92.71,3.017,126.1069032,9.495,2010,7,30,4,0,252734.31,280937.84,267495.76,275897.96,288572.14916666667
33,0,92.51,3.123,126.0854516,9.495,2010,8,31,4,0,242047.03,252734.31,302423.93,269535.7775,281503.5575
33,0,95.57,3.049,126.064,9.495,2010,8,32,4,0,262789.95,242047.03,280937.84,259627.28250000003,275804.9275
33,0,96.46,3.041,126.0766452,9.495,2010,8,33,4,0,265367.51,262789.95,252734.31,255734.7,273396.87000000005
33,0,94.0,3.022,126.0892903,9.495,2010,8,34,4,0,230519.49,265367.51,242047.03,250180.995,269336.3
33,0,90.82,3.087,126.1019355,9.495,2010,9,35,4,0,224031.19,230519.49,262789.95,245677.03500000003,264247.2325
33,1,91.77,2.961,126.1145806,9.495,2010,9,36,4,0,237405.82,224031.19,265367.51,239331.0025,258130.98500000002
33,0,89.43,3.028,126.1454667,9.495,2010,9,37,4,0,272834.88,237405.82,230519.49,241197.845,258167.30166666667
33,0,91.18,2.939,126.1900333,9.495,2010,9,38,4,0,246277.18,272834.88,224031.19,245137.26750000002,257072.0741666667
33,0,91.45,3.001,126.2346,9.265,2010,10,39,4,0,231976.84,246277.18,237405.82,247123.68000000002,254112.16416666668
33,0,79.02,2.924,126.2791667,9.265,2010,10,40,4,0,224294.39,231976.84,272834.88,243845.8225,247601.36916666664
33,0,80.49,3.08,126.3266774,9.265,2010,10,41,4,0,266484.19,224294.39,246277.18,242258.15,246396.89833333335
33,0,74.2,3.014,126.3815484,9.265,2010,10,42,4,0,251732.92,266484.19,231976.84,243622.085,246313.4491666667
33,0,71.34,3.13,126.4364194,9.265,2010,10,43,4,0,234175.92,251732.92,224294.39,244171.85499999998,245657.52333333335
33,0,74.23,3.009,126.4912903,9.265,2010,11,44,4,0,213538.32,234175.92,266484.19,241482.8375,241553.22083333333
33,0,65.21,3.13,126.5461613,9.265,2010,11,45,4,0,246124.61,213538.32,251732.92,236392.9425,239949.64583333334
33,0,61.95,3.047,126.6072,9.265,2010,11,46,4,0,272803.94,246124.61,234175.92,241660.6975,243473.35
33,1,56.87,3.162,126.6692667,9.265,2010,11,47,4,0,224639.76,272803.94,213538.32,239276.65750000003,243524.06416666668
33,0,52.82,3.041,126.7313333,9.265,2010,12,48,4,0,240044.57,224639.76,246124.61,245903.22,243743.96000000005
33,0,60.72,3.091,126.7934,9.265,2010,12,49,4,0,209986.25,240044.57,272803.94,236868.63,238506.57416666663
33,0,61.12,3.125,126.8794839,9.265,2010,12,50,4,0,253050.1,209986.25,224639.76,231930.17,239070.98416666666
33,0,60.43,3.236,126.9835806,9.265,2010,12,51,4,0,238875.26,253050.1,240044.57,235489.04499999998,239645.8525
33,1,52.91,3.148,127.0876774,9.265,2010,12,52,4,0,249246.8,238875.26,209986.25,237789.6025,241725.22
33,0,46.25,3.287,127.1917742,8.951,2011,1,1,4,0,219804.85,249246.8,253050.1,240244.2525,237835.27500000002
33,0,53.63,3.312,127.3009355,8.951,2011,1,2,4,0,243948.82,219804.85,238875.26,237968.9325,237186.59999999998
33,0,59.46,3.336,127.4404839,8.951,2011,1,3,4,0,259527.75,243948.82,249246.8,243132.055,239299.25249999997
33,0,56.62,3.231,127.5800323,8.951,2011,1,4,4,0,244856.44,259527.75,219804.85,242034.465,241909.09583333335
33,0,49.26,3.348,127.7195806,8.951,2011,2,5,4,0,231155.9,244856.44,243948.82,244872.2275,240661.70333333334
33,1,53.35,3.381,127.859129,8.951,2011,2,6,4,0,234218.03,231155.9,259527.75,242439.53000000003,237446.21083333332
33,0,62.03,3.43,127.99525,8.951,2011,2,7,4,0,276198.74,234218.03,244856.44,246607.27750000003,241742.7925
33,0,54.89,3.398,128.13,8.951,2011,2,8,4,0,252349.6,276198.74,231155.9,248480.5675,242768.21166666667
33,0,59.51,3.674,128.26475,8.951,2011,3,9,4,0,242901.21,252349.6,234218.03,251416.895,245511.125
33,0,66.51,3.63,128.3995,8.951,2011,3,10,4,0,245435.8,242901.21,276198.74,254221.33750000002,244876.6
33,0,72.72,3.892,128.5121935,8.951,2011,3,11,4,0,270921.44,245435.8,252349.6,252902.0125,247547.115
33,0,63.34,3.716,128.6160645,8.951,2011,3,12,4,0,247234.47,270921.44,242901.21,251623.22999999998,247379.42083333337
33,0,71.41,3.772,128.7199355,8.687,2011,4,13,4,0,238084.08,247234.47,245435.8,250418.9475,248902.68999999997
33,0,75.11,3.818,128.8238065,8.687,2011,4,14,4,0,232769.09,238084.08,270921.44,247252.27,247971.04583333337
33,0,64.64,4.089,128.9107333,8.687,2011,4,15,4,0,271924.73,232769.09,247234.47,247503.0925,249004.12750000003
33,0,79.46,3.917,128.9553,8.687,2011,4,16,4,0,275749.56,271924.73,238084.08,254631.865,251578.55416666667
33,0,77.44,4.151,128.9998667,8.687,2011,4,17,4,0,248603.3,275749.56,232769.09,257261.66999999998,253032.50416666665
33,0,77.92,4.193,129.0444333,8.687,2011,5,18,4,0,248561.86,248603.3,271924.73,261209.8625,254227.82333333333
33,0,78.24,4.202,129.089,8.687,2011,5,19,4,0,257031.19,248561.86,275749.56,257486.47749999998,252630.52749999997
33,0,76.07,3.99,129.0756774,8.687,2011,5,20,4,0,279466.87,257031.19,248603.3,258415.805,254890.30000000002
33,0,82.32,3.933,129.0623548,8.687,2011,5,21,4,0,239206.26,279466.87,248561.86,256066.54499999998,254582.38749999998
33,0,82.93,3.893,129.0490323,8.687,2011,6,22,4,0,239431.85,239206.26,257031.19,253784.0425,254082.05833333332
33,0,87.02,3.981,129.0357097,8.687,2011,6,23,4,0,243477.03,239431.85,279466.87,250395.5025,251795.02416666667
33,0,91.11,3.935,129.0432,8.687,2011,6,24,4,0,258427.39,243477.03,239206.26,245135.6325,252727.7675
33,0,94.11,3.807,129.0663,8.687,2011,6,25,4,0,238172.66,258427.39,239431.85,244877.2325,252735.14916666667
33,0,98.43,3.842,129.0894,8.442,2011,7,26,4,0,238433.53,238172.66,243477.03,244627.6525,253207.18583333332
33,0,96.44,3.793,129.1125,8.442,2011,7,27,4,0,226702.36,238433.53,258427.39,240433.98500000002,249438.655
33,0,92.83,3.779,129.1338387,8.442,2011,7,28,4,0,262717.71,226702.36,238172.66,241506.565,248352.66749999998
33,0,97.17,3.697,129.1507742,8.442,2011,7,29,4,0,265003.47,262717.71,238433.53,248214.26750000002,249719.34833333336
33,0,95.28,3.694,129.1677097,8.442,2011,7,30,4,0,238915.05,265003.47,226702.36,248334.6475,248915.4475
33,0,96.93,3.803,129.1846452,8.442,2011,8,31,4,0,224806.96,238915.05,262717.71,247860.7975,246230.095
33,0,96.0,3.794,129.2015806,8.442,2011,8,32,4,0,242456.39,224806.96,265003.47,242795.4675,243145.88833333334
33,0,95.89,3.743,129.2405806,8.442,2011,8,33,4,0,274721.85,242456.39,238915.05,245225.06249999997,246105.52083333334
33,0,99.66,3.663,129.2832581,8.442,2011,8,34,4,0,242771.37,274721.85,224806.96,246189.1425,246383.81416666668
33,0,99.2,3.798,129.3259355,8.442,2011,9,35,4,0,237095.82,242771.37,242456.39,249261.35749999998,245852.04666666666
33,1,96.22,3.771,129.3686129,8.442,2011,9,36,4,0,239198.36,237095.82,274721.85,248446.84999999998,244249.62749999997
33,0,85.79,3.784,129.4306,8.442,2011,9,37,4,0,281842.28,239198.36,242771.37,250226.95750000002,247888.76249999998
33,0,88.93,3.789,129.5183333,8.442,2011,9,38,4,0,262407.57,281842.28,237095.82,255136.0075,249886.59916666665
33,0,89.1,3.877,129.6060667,8.442,2011,9,39,4,0,234793.12,262407.57,239198.36,254560.3325,250560.8291666667
33,0,81.16,3.827,129.6938,8.01,2011,10,40,4,0,229731.98,234793.12,281842.28,252193.7375,247812.01833333334
33,0,76.49,3.698,129.7706452,8.01,2011,10,41,4,0,262159.13,229731.98,262407.57,247272.94999999998,247574.99
33,0,81.74,3.842,129.7821613,8.01,2011,10,42,4,0,272487.33,262159.13,234793.12,249792.89,250372.68000000002
33,0,76.73,3.843,129.7936774,8.01,2011,10,43,4,0,233543.08,272487.33,229731.98,249480.38,251100.68999999997
33,0,71.91,3.828,129.8051935,8.01,2011,11,44,4,0,231319.96,233543.08,262159.13,249877.375,250172.65416666665
33,0,58.75,3.677,129.8167097,8.01,2011,11,45,4,0,236157.12,231319.96,272487.33,243376.8725,246958.92666666667
33,0,63.35,3.669,129.8268333,8.01,2011,11,46,4,0,271961.04,236157.12,233543.08,243245.3,249391.39916666667
33,1,62.35,3.76,129.8364,8.01,2011,11,47,4,0,251294.5,271961.04,231319.96,247683.15499999997,250574.62249999997
33,0,59.12,3.701,129.8459667,8.01,2011,12,48,4,0,255996.47,251294.5,236157.12,253852.2825,251974.465
33,0,47.7,3.644,129.8555333,8.01,2011,12,49,4,0,220060.35,255996.47,271961.04,249828.09,246825.97083333335
33,0,53.18,3.489,129.8980645,8.01,2011,12,50,4,0,270373.05,220060.35,251294.5,249431.09250000003,247489.76083333333
33,0,53.39,3.541,129.9845484,8.01,2011,12,51,4,0,259638.35,270373.05,255996.47,251517.05500000002,249560.19666666666
33,1,51.6,3.428,130.0710323,8.01,2011,12,52,4,0,256235.19,259638.35,220060.35,251576.735,251768.7975
33,0,60.92,3.443,130.1575161,7.603,2012,1,1,4,0,215359.21,256235.19,270373.05,250401.45,247868.80416666667
33,0,54.61,3.477,130.244,7.603,2012,1,2,4,0,267058.08,215359.21,259638.35,249572.7075,247416.36666666667
33,0,55.99,3.66,130.2792258,7.603,2012,1,3,4,0,279447.22,267058.08,256235.19,254524.925,251241.71166666667
33,0,56.33,3.675,130.3144516,7.603,2012,1,4,4,0,244899.2,279447.22,215359.21,251690.9275,252373.31500000003
33,0,59.53,3.543,130.3496774,7.603,2012,2,5,4,0,236920.49,244899.2,267058.08,257081.2475,252436.92916666667
33,1,59.94,3.722,130.3849032,7.603,2012,2,6,4,0,256091.32,236920.49,279447.22,254339.5575,251114.4525
33,0,57.8,3.781,130.4546207,7.603,2012,2,7,4,0,282552.58,256091.32,244899.2,255115.89750000002,253719.2925
33,0,59.41,3.95,130.5502069,7.603,2012,2,8,4,0,266300.98,282552.58,236920.49,260466.34250000003,254578.00166666668
33,0,60.91,3.882,130.6457931,7.603,2012,3,9,4,0,242526.7,266300.98,256091.32,261867.89500000002,256450.19749999998
33,0,62.2,3.963,130.7413793,7.603,2012,3,10,4,0,248051.53,242526.7,282552.58,259857.9475,254590.07083333333
33,0,65.99,4.273,130.8261935,7.603,2012,3,11,4,0,287346.29,248051.53,266300.98,261056.37499999997,256899.06583333333
33,0,60.82,4.288,130.8966452,7.603,2012,3,12,4,0,278067.73,287346.29,242526.7,263998.0625,258718.44416666668
33,0,71.34,4.294,130.9670968,7.603,2012,3,13,4,0,246970.97,278067.73,248051.53,265109.13,261352.75749999998
33,0,70.75,4.282,131.0375484,7.396,2012,4,14,4,0,251327.67,246970.97,287346.29,265928.165,260041.88999999998
33,0,73.17,4.254,131.108,7.396,2012,4,15,4,0,275911.97,251327.67,278067.73,263069.58499999996,259747.28583333336
33,0,72.94,4.111,131.1173333,7.396,2012,4,16,4,0,312698.67,275911.97,246970.97,271727.32,265397.24166666664
33,0,83.07,4.088,131.1266667,7.396,2012,4,17,4,0,261837.2,312698.67,251327.67,275443.8775,267473.6341666667
33,0,82.43,4.058,131.136,7.396,2012,5,18,4,0,249798.75,261837.2,275911.97,275061.64749999996,266949.25333333336
33,0,81.02,4.186,131.1453333,7.396,2012,5,19,4,0,270497.51,249798.75,312698.67,273708.0325,265944.6641666666
33,0,89.81,4.308,131.0983226,7.396,2012,5,20,4,0,295841.84,270497.51,261837.2,269493.825,268406.40249999997
33,0,88.89,4.127,131.0287742,7.396,2012,5,21,4,0,276899.95,295841.84,249798.75,273259.5125,271270.84
33,0,83.57,4.277,130.9592258,7.396,2012,6,22,4,0,261851.74,276899.95,270497.51,276272.76,272420.8575
33,0,90.94,4.103,130.8896774,7.396,2012,6,23,4,0,261131.09,261851.74,295841.84,273931.155,270236.2575
33,0,92.44,4.144,130.8295333,7.396,2012,6,24,4,0,286082.76,261131.09,276899.95,271491.385,270904.1766666667
33,0,95.75,4.014,130.7929,7.396,2012,6,25,4,0,290444.31,286082.76,261851.74,274877.475,274526.955
33,0,98.15,3.875,130.7562667,7.396,2012,6,26,4,0,261666.29,290444.31,261131.09,274831.1125,275388.50666666665
33,0,93.21,3.666,130.7196333,7.147,2012,7,27,4,0,244338.31,261666.29,286082.76,270632.9175,272757.36833333335
33,0,97.6,3.723,130.683,7.147,2012,7,28,4,0,273690.37,244338.31,290444.31,267534.82,269506.6766666667
33,0,91.49,3.589,130.7012903,7.147,2012,7,29,4,0,287033.64,273690.37,261666.29,266682.15249999997,271606.37999999995
33,0,93.95,3.769,130.7195806,7.147,2012,7,30,4,0,253205.89,287033.64,244338.31,264567.0525,271890.3083333333
33,0,92.13,3.595,130.737871,7.147,2012,8,31,4,0,249134.32,253205.89,273690.37,265766.055,270110.04250000004
34,0,56.58,2.787,126.3805667,9.593,2010,4,17,4,0,910240.68,923344.54,979428.66,940924.52,934717.8391666667
34,0,57.39,2.836,126.2898,9.593,2010,5,18,4,0,859922.19,910240.68,950684.2,911047.9025,926692.275
34,0,60.74,2.845,126.2085484,9.593,2010,5,19,4,0,953495.48,859922.19,923344.54,911750.7225,923265.9825
34,0,63.99,2.82,126.1843871,9.593,2010,5,20,4,0,933924.44,953495.48,910240.68,914395.6974999999,919096.0966666667
34,0,68.68,2.756,126.1602258,9.593,2010,5,21,4,0,913616.32,933924.44,859922.19,915239.6074999999,919751.1124999999
34,0,72.17,2.701,126.1360645,9.593,2010,6,22,4,0,942868.38,913616.32,953495.48,935976.155,921798.8283333333
34,0,80.84,2.668,126.1119032,9.593,2010,6,23,4,0,966187.51,942868.38,933924.44,939149.1625,925543.7974999999
34,0,73.48,2.635,126.114,9.593,2010,6,24,4,0,954681.56,966187.51,913616.32,944338.4425,930761.3591666667
34,0,78.47,2.654,126.1266,9.593,2010,6,25,4,0,941612.04,954681.56,942868.38,951337.3725,935833.8333333334
34,0,73.66,2.668,126.1392,9.816,2010,7,26,4,0,895800.07,941612.04,966187.51,939570.2949999999,928864.7841666666
34,0,75.0,2.637,126.1518,9.816,2010,7,27,4,0,919229.36,895800.07,954681.56,927830.7575000001,926243.5475
34,0,78.53,2.621,126.1498065,9.816,2010,7,28,4,0,911210.81,919229.36,941612.04,916963.0700000001,925232.4033333333
34,0,79.58,2.612,126.1283548,9.816,2010,7,29,4,0,930269.79,911210.81,895800.07,914127.5075000001,926901.4958333332
34,0,72.26,2.65,126.1069032,9.816,2010,7,30,4,0,902050.95,930269.79,919229.36,915690.2274999999,930412.2258333332
34,0,73.8,2.64,126.0854516,9.816,2010,8,31,4,0,875976.83,902050.95,911210.81,904877.095,923952.3383333333
34,0,76.72,2.698,126.064,9.816,2010,8,32,4,0,987435.35,875976.83,930269.79,923933.23,928411.5808333332
34,0,76.45,2.671,126.0766452,9.816,2010,8,33,4,0,951208.65,987435.35,902050.95,929167.945,931544.2749999999
34,0,72.87,2.621,126.0892903,9.816,2010,8,34,4,0,985152.94,951208.65,875976.83,949943.4425,935067.9883333334
34,0,72.59,2.584,126.1019355,9.816,2010,9,35,4,0,855421.39,985152.94,987435.35,944804.5825,925837.4783333334
34,1,72.61,2.574,126.1145806,9.816,2010,9,36,4,0,964356.74,855421.39,951208.65,939034.9299999999,926643.7433333333
34,0,70.71,2.594,126.1454667,9.816,2010,9,37,4,0,932240.96,964356.74,985152.94,934293.0075,925862.82
34,0,69.78,2.642,126.1900333,9.816,2010,9,38,4,0,885445.47,932240.96,855421.39,909366.14,924999.9366666666
34,0,70.13,2.619,126.2346,10.21,2010,10,39,4,0,867539.07,885445.47,964356.74,912395.5599999999,920692.4125
34,0,65.21,2.645,126.2791667,10.21,2010,10,40,4,0,865709.11,867539.07,932240.96,887733.6525,916900.6041666666
34,0,59.57,2.732,126.3266774,10.21,2010,10,41,4,0,931710.67,865709.11,885445.47,887601.0800000001,917020.6774999999
34,0,58.11,2.736,126.3815484,10.21,2010,10,42,4,0,888703.62,931710.67,867539.07,888415.6174999999,915908.4
34,0,50.78,2.718,126.4364194,10.21,2010,10,43,4,0,936293.6,888703.62,865709.11,905604.25,920934.7975
34,0,52.43,2.699,126.4912903,10.21,2010,11,44,4,0,926294.02,936293.6,931710.67,920750.4775,915839.6866666665
34,0,47.2,2.741,126.5461613,10.21,2010,11,45,4,0,972292.31,926294.02,888703.62,930895.8875000001,917596.6583333333
34,0,40.93,2.78,126.6072,10.21,2010,11,46,4,0,979730.78,972292.31,936293.6,953652.6775,917144.8116666665
34,1,41.13,2.752,126.6692667,10.21,2010,11,47,4,0,955766.33,979730.78,926294.02,958520.86,925506.89
34,0,34.7,2.727,126.7313333,10.21,2010,12,48,4,0,1309476.68,955766.33,972292.31,1054316.525,954266.8850000001
34,0,41.93,2.86,126.7934,10.21,2010,12,49,4,0,1001512.21,1309476.68,979730.78,1061621.5,960039.4891666666
34,0,42.64,2.884,126.8794839,10.21,2010,12,50,4,0,1086661.02,1001512.21,955766.33,1088354.06,976807.4516666667
34,0,42.74,2.887,126.9835806,10.21,2010,12,51,4,0,1227148.13,1086661.02,1309476.68,1156199.51,1006774.8733333334
34,1,34.11,2.955,127.0876774,10.21,2010,12,52,4,0,1620748.25,1227148.13,1001512.21,1234017.4024999999,1069694.8016666668
34,0,24.5,2.98,127.1917742,10.398,2011,1,1,4,0,902109.69,1620748.25,1086661.02,1209166.7725,1067228.0533333335
34,0,30.75,2.992,127.3009355,10.398,2011,1,2,4,0,900646.94,902109.69,1227148.13,1162663.2525,1068223.3299999998
34,0,39.57,3.017,127.4404839,10.398,2011,1,3,4,0,898610.33,900646.94,1620748.25,1080528.8025,1065083.0574999999
34,0,34.68,3.022,127.5800323,10.398,2011,1,4,4,0,891025.39,898610.33,902109.69,898098.0874999999,1062144.0050000001
34,0,23.82,2.996,127.7195806,10.398,2011,2,5,4,0,836717.75,891025.39,900646.94,881750.1025,1050846.125
34,1,28.66,3.033,127.859129,10.398,2011,2,6,4,0,971932.87,836717.75,898610.33,899571.585,1050196.2991666666
34,0,45.12,3.058,127.99525,10.398,2011,2,7,4,0,1015654.6,971932.87,891025.39,928832.6525,1055186.9883333333
34,0,44.57,3.087,128.13,10.398,2011,2,8,4,0,1062629.3,1015654.6,836717.75,971733.6299999999,1034616.3733333334
34,0,46.21,3.305,128.26475,10.398,2011,3,9,4,0,953331.45,1062629.3,971932.87,1000887.0549999999,1030601.3099999999
34,0,45.87,3.461,128.3995,10.398,2011,3,10,4,0,963910.81,953331.45,1015654.6,998881.54,1020372.1258333334
34,0,55.58,3.495,128.5121935,10.398,2011,3,11,4,0,943951.67,963910.81,1062629.3,980955.8075,996772.4208333333
34,0,53.11,3.48,128.6160645,10.398,2011,3,12,4,0,1014218.8,943951.67,953331.45,968853.1825,946228.2999999999
34,0,55.46,3.521,128.7199355,10.581,2011,4,13,4,0,922898.38,1014218.8,963910.81,961244.915,947960.6908333333
34,0,58.59,3.605,128.8238065,10.581,2011,4,14,4,0,884233.67,922898.38,943951.67,941325.63,946592.9183333335
34,0,53.3,3.724,128.9107333,10.581,2011,4,15,4,0,975479.83,884233.67,1014218.8,949207.67,952998.71
34,0,63.83,3.781,128.9553,10.581,2011,4,16,4,0,941829.0,975479.83,922898.38,931110.22,957232.3441666666
34,0,57.73,3.781,128.9998667,10.581,2011,4,17,4,0,1051518.45,941829.0,884233.67,963265.2375,975132.4025
34,0,54.4,3.866,129.0444333,10.581,2011,5,18,4,0,895973.02,1051518.45,975479.83,966200.075,968802.415
34,0,63.05,3.872,129.089,10.581,2011,5,19,4,0,965853.58,895973.02,941829.0,963793.5125,964652.33
34,0,61.47,3.881,129.0756774,10.581,2011,5,20,4,0,966232.69,965853.58,1051518.45,969894.4349999999,956619.2791666667
34,0,65.99,3.771,129.0623548,10.581,2011,5,21,4,0,945018.83,966232.69,895973.02,943269.53,955926.5608333332
34,0,74.64,3.683,129.0490323,10.581,2011,6,22,4,0,941311.83,945018.83,965853.58,954604.2324999999,954043.3125
34,0,74.57,3.64,129.0357097,10.581,2011,6,23,4,0,947229.24,941311.83,966232.69,949948.1475,954316.4433333334
34,0,76.58,3.618,129.0432,10.581,2011,6,24,4,0,943912.77,947229.24,945018.83,944368.1675,948457.6074999999
34,0,77.16,3.57,129.0663,10.581,2011,6,25,4,0,968258.09,943912.77,941311.83,950177.9824999999,952237.5833333334
34,0,81.96,3.504,129.0894,10.641,2011,7,26,4,0,923795.04,968258.09,947229.24,945798.7849999999,955534.3641666666
34,0,80.84,3.469,129.1125,10.641,2011,7,27,4,0,911106.22,923795.04,943912.77,936768.03,950169.8966666665
34,0,78.09,3.563,129.1338387,10.641,2011,7,28,4,0,926934.57,911106.22,968258.09,932523.48,948928.6941666665
34,0,80.75,3.627,129.1507742,10.641,2011,7,29,4,0,903882.96,926934.57,923795.04,916429.6975,936625.7366666667
34,0,78.04,3.659,129.1677097,10.641,2011,7,30,4,0,913236.62,903882.96,911106.22,913790.0925,938064.37
34,0,76.71,3.662,129.1846452,10.641,2011,8,31,4,0,851461.9,913236.62,926934.57,898879.0125,928531.73
34,0,80.23,3.617,129.2015806,10.641,2011,8,32,4,0,942236.45,851461.9,903882.96,902704.4825,926532.0433333333
34,0,77.08,3.55,129.2405806,10.641,2011,8,33,4,0,956251.18,942236.45,913236.62,915796.5375000001,927468.0725000001
34,0,77.27,3.523,129.2832581,10.641,2011,8,34,4,0,960418.54,956251.18,851461.9,927592.0175000001,929060.2983333333
34,0,78.24,3.533,129.3259355,10.641,2011,9,35,4,0,871404.6,960418.54,942236.45,932577.6925,922741.5783333333
34,1,70.05,3.554,129.3686129,10.641,2011,9,36,4,0,926455.64,871404.6,956251.18,928632.49,921286.8175
34,0,64.94,3.532,129.4306,10.641,2011,9,37,4,0,930506.14,926455.64,960418.54,922196.2300000001,918140.8216666668
34,0,66.23,3.473,129.5183333,10.641,2011,9,38,4,0,927249.61,930506.14,871404.6,913903.9974999999,918428.7025
34,0,69.44,3.371,129.6060667,10.641,2011,9,39,4,0,902852.73,927249.61,926455.64,921766.03,917740.9116666667
34,0,60.42,3.299,129.6938,10.148,2011,10,40,4,0,871847.85,902852.73,930506.14,908114.0825,913150.3516666667
34,0,54.72,3.283,129.7706452,10.148,2011,10,41,4,0,954069.45,871847.85,927249.61,914004.9099999999,917332.5591666666
34,0,58.93,3.361,129.7821613,10.148,2011,10,42,4,0,911788.79,954069.45,902852.73,910139.705,917211.9066666667
34,0,54.56,3.362,129.7936774,10.148,2011,10,43,4,0,953693.23,911788.79,871847.85,922849.83,925731.1841666667
34,0,48.04,3.322,129.8051935,10.148,2011,11,44,4,0,958063.87,953693.23,954069.45,944403.835,927050.1358333334
34,0,41.04,3.286,129.8167097,10.148,2011,11,45,4,0,992621.93,958063.87,911788.79,954041.9550000001,930081.0316666666
34,0,46.0,3.294,129.8268333,10.148,2011,11,46,4,0,991570.02,992621.93,953693.23,973987.2625000001,932676.9883333333
34,1,45.99,3.225,129.8364,10.148,2011,11,47,4,0,947552.44,991570.02,958063.87,972452.0650000001,939022.6416666667
34,0,39.75,3.176,129.8459667,10.148,2011,12,48,4,0,1345595.82,947552.44,992621.93,1069335.0525,973950.9899999999
34,0,24.69,3.153,129.8555333,10.148,2011,12,49,4,0,988742.08,1345595.82,991570.02,1068365.0899999999,978803.9849999999
34,0,32.31,3.149,129.8980645,10.148,2011,12,50,4,0,1084243.91,988742.08,947552.44,1091533.5625,991886.8433333333
34,0,32.45,3.103,129.9845484,10.148,2011,12,51,4,0,1151052.86,1084243.91,1345595.82,1142408.6675,1012570.1875
34,1,28.84,3.119,130.0710323,10.148,2011,12,52,4,0,1593655.96,1151052.86,988742.08,1204423.7025,1072720.8633333333
34,0,36.39,3.158,130.1575161,9.653,2012,1,1,4,0,965512.36,1593655.96,1084243.91,1198616.2725,1073674.4391666667
34,0,33.99,3.263,130.244,9.653,2012,1,2,4,0,953844.85,965512.36,1151052.86,1166016.5075,1077179.1108333333
34,0,39.28,3.273,130.2792258,9.653,2012,1,3,4,0,913755.12,953844.85,1593655.96,1106692.0725,1073850.9349999998
34,0,39.81,3.29,130.3144516,9.653,2012,1,4,4,0,910899.05,913755.12,965512.36,936002.845,1069920.5333333334
34,0,38.64,3.354,130.3496774,9.653,2012,2,5,4,0,872450.37,910899.05,953844.85,912737.3474999999,1059906.2366666666
34,1,36.7,3.411,130.3849032,9.653,2012,2,6,4,0,939367.14,872450.37,913755.12,909117.92,1055555.9966666668
34,0,37.25,3.493,130.4546207,9.653,2012,2,7,4,0,1047658.09,939367.14,910899.05,942593.6625000001,1063898.1341666665
34,0,39.89,3.541,130.5502069,9.653,2012,2,8,4,0,1123446.51,1047658.09,872450.37,995730.5275,1045385.6916666665
34,0,42.74,3.619,130.6457931,9.653,2012,3,9,4,0,950154.24,1123446.51,939367.14,1015156.4950000001,1042170.0383333334
34,0,42.7,3.667,130.7413793,9.653,2012,3,10,4,0,990263.7,950154.24,1047658.09,1027880.635,1034338.3541666666
34,0,48.09,3.707,130.8261935,9.653,2012,3,11,4,0,976393.43,990263.7,1123446.51,1010064.4700000001,1019783.4016666665
34,0,47.93,3.759,130.8966452,9.653,2012,3,12,4,0,999298.43,976393.43,950154.24,979027.45,970253.6075
34,0,59.29,3.82,130.9670968,9.653,2012,3,13,4,0,945143.33,999298.43,990263.7,977774.7224999999,968556.1883333335
34,0,54.42,3.864,131.0375484,9.575,2012,4,14,4,0,938861.77,945143.33,976393.43,964924.24,967307.5983333333
34,0,59.12,3.881,131.108,9.575,2012,4,15,4,0,1091020.37,938861.77,999298.43,993580.975,982079.7025
34,0,55.34,3.864,131.1173333,9.575,2012,4,16,4,0,987353.65,1091020.37,945143.33,990594.7799999999,988450.9191666666
34,0,66.49,3.81,131.1266667,9.575,2012,4,17,4,0,977628.78,987353.65,938861.77,998716.1425000001,997215.7866666666
34,0,65.04,3.747,131.136,9.575,2012,5,18,4,0,940299.87,977628.78,1091020.37,999075.6675,997293.5141666667
34,0,61.92,3.685,131.1453333,9.575,2012,5,19,4,0,991104.4,940299.87,987353.65,974096.675,992580.7066666667
34,0,64.97,3.62,131.0983226,9.575,2012,5,20,4,0,949625.52,991104.4,977628.78,964664.6425000001,978095.6241666666
34,0,72.42,3.551,131.0287742,9.575,2012,5,21,4,0,998672.85,949625.52,940299.87,969925.6599999999,982138.8416666667
34,0,70.41,3.483,130.9592258,9.575,2012,6,22,4,0,1015737.61,998672.85,991104.4,988785.095,984261.6675
34,0,75.35,3.433,130.8896774,9.575,2012,6,23,4,0,977062.44,1015737.61,949625.52,985274.605,984317.4183333335
34,0,76.48,3.372,130.8295333,9.575,2012,6,24,4,0,999511.29,977062.44,998672.85,997746.0475,984335.1566666666
34,0,78.85,3.329,130.7929,9.575,2012,6,25,4,0,982345.51,999511.29,1015737.61,993664.2124999999,987435.3383333333
34,0,81.91,3.257,130.7562667,9.575,2012,6,26,4,0,1000285.1,982345.51,977062.44,989801.085,992553.9491666667
34,0,77.95,3.187,130.7196333,9.285,2012,7,27,4,0,942970.63,1000285.1,999511.29,981278.1325,980216.4708333333
34,0,74.02,3.224,130.683,9.285,2012,7,28,4,0,1007867.68,942970.63,982345.51,983367.23,981925.9733333333
34,0,77.7,3.263,130.7012903,9.285,2012,7,29,4,0,954677.75,1007867.68,1000285.1,976450.29,980013.3875000001
34,0,77.3,3.356,130.7195806,9.285,2012,7,30,4,0,950929.59,954677.75,942970.63,964111.4125,980899.1974999999
34,0,78.93,3.374,130.737871,9.285,2012,8,31,4,0,917883.79,950929.59,1007867.68,957839.7025,974797.48
35,0,53.55,2.921,135.9170833,9.051,2010,4,17,4,0,1110827.48,1084487.55,1189556.47,1145721.6175,1148584.7375
35,0,69.02,2.966,135.962,9.051,2010,5,18,4,0,1096930.65,1110827.48,1198014.97,1122565.1625,1137444.5
35,0,53.82,2.982,136.010394,9.051,2010,5,19,4,0,1182099.88,1096930.65,1084487.55,1118586.3900000001,1138551.5475
35,0,63.31,2.958,136.0796521,9.051,2010,5,20,4,0,1104277.57,1182099.88,1110827.48,1123533.895,1124686.4583333333
35,0,67.88,2.899,136.1489101,9.051,2010,5,21,4,0,1078182.18,1104277.57,1096930.65,1115372.5699999998,1129480.6616666666
35,0,74.29,2.847,136.2181682,9.051,2010,6,22,4,0,1223777.48,1078182.18,1182099.88,1147084.2774999999,1134577.9291666667
35,0,68.9,2.809,136.2874263,9.051,2010,6,23,4,0,1282378.71,1223777.48,1104277.57,1172153.9849999999,1145580.7891666666
35,0,70.0,2.78,136.3243393,9.051,2010,6,24,4,0,1160412.71,1282378.71,1078182.18,1186187.77,1149153.8408333333
35,0,78.02,2.808,136.3483143,9.051,2010,6,25,4,0,1198025.76,1160412.71,1223777.48,1216148.665,1159080.9508333334
35,0,76.25,2.815,136.3722893,8.861,2010,7,26,4,0,1230245.74,1198025.76,1282378.71,1217765.73,1162471.7233333334
35,0,82.69,2.793,136.3962643,8.861,2010,7,27,4,0,1245827.08,1230245.74,1160412.71,1208627.8225,1166456.0658333334
35,0,78.26,2.783,136.4179827,8.861,2010,7,28,4,0,1268766.76,1245827.08,1198025.76,1235716.335,1181812.6666666667
35,0,81.56,2.771,136.4366924,8.861,2010,7,29,4,0,1124414.87,1268766.76,1230245.74,1217313.6125,1182944.9491666665
35,0,79.78,2.781,136.4554021,8.861,2010,7,30,4,0,1121756.43,1124414.87,1245827.08,1190191.2850000001,1185013.7641666664
35,0,77.45,2.784,136.4741118,8.861,2010,8,31,4,0,1139131.78,1121756.43,1268766.76,1163517.46,1181433.0891666666
35,0,77.36,2.805,136.4928214,8.861,2010,8,32,4,0,1180183.39,1139131.78,1124414.87,1141371.6175000002,1187758.5741666667
35,0,75.16,2.779,136.5249182,8.861,2010,8,33,4,0,1090587.5,1180183.39,1121756.43,1132914.775,1188792.3508333333
35,0,70.31,2.755,136.557015,8.861,2010,8,34,4,0,1033719.5,1090587.5,1139131.78,1110905.5425,1172954.1858333333
35,0,78.52,2.715,136.5891118,8.861,2010,9,35,4,0,917693.06,1033719.5,1180183.39,1055545.8624999998,1142563.715
35,1,70.38,2.699,136.6212085,8.861,2010,9,36,4,0,948660.79,917693.06,1090587.5,997665.2125,1124917.7216666667
35,0,64.5,2.706,136.6338071,8.861,2010,9,37,4,0,961685.98,948660.79,1033719.5,965439.8325,1105222.74
35,0,67.08,2.713,136.6317821,8.861,2010,9,38,4,0,831443.61,961685.98,917693.06,914870.86,1071989.2291666667
35,0,70.19,2.707,136.6297571,8.763,2010,10,39,4,0,758069.78,831443.61,948660.79,874965.04,1031342.7875
35,0,57.78,2.764,136.6277321,8.763,2010,10,40,4,0,771065.21,758069.78,961685.98,830566.145,989867.6583333333
35,0,58.38,2.868,136.6401935,8.763,2010,10,41,4,0,874615.32,771065.21,831443.61,808798.48,969051.0291666668
35,0,52.82,2.917,136.688871,8.763,2010,10,42,4,0,798376.99,874615.32,758069.78,800531.825,942102.7425
35,0,61.02,2.921,136.7375484,8.763,2010,10,43,4,0,827705.82,798376.99,771065.21,817940.835,916150.5791666666
35,0,45.91,2.917,136.7862258,8.763,2010,11,44,4,0,857797.33,827705.82,874615.32,839623.865,889285.0741666666
35,0,45.9,2.931,136.8349032,8.763,2010,11,45,4,0,843755.12,857797.33,798376.99,831908.815,868715.7091666668
35,0,50.81,3.0,136.7715714,8.763,2010,11,46,4,0,870914.69,843755.12,827705.82,850043.2399999999,855148.6416666667
35,1,46.67,3.039,136.6895714,8.763,2010,11,47,4,0,846850.35,870914.69,857797.33,854829.3724999999,849245.0825
35,0,41.81,3.046,136.6075714,8.763,2010,12,48,4,0,1781866.98,846850.35,843755.12,1085846.7850000001,918678.9316666666
35,0,30.83,3.109,136.5255714,8.763,2010,12,49,4,0,982598.88,1781866.98,870914.69,1120557.725,920421.6733333332
35,0,31.62,3.14,136.5292811,8.763,2010,12,50,4,0,1108580.19,982598.88,846850.35,1179974.1,943516.3883333333
35,0,31.34,3.141,136.597273,8.763,2010,12,51,4,0,1314987.4,1108580.19,1781866.98,1297008.3624999998,989926.19
35,1,29.59,3.179,136.665265,8.763,2010,12,52,4,0,1779236.54,1314987.4,982598.88,1296350.7525,1073940.4675
35,0,34.42,3.193,136.7332569,8.549,2011,1,1,4,0,576332.05,1779236.54,1108580.19,1194784.045,1049083.528333333
35,0,25.7,3.205,136.803477,8.549,2011,1,2,4,0,649289.75,576332.05,1314987.4,1079961.435,1036659.5916666667
35,0,30.13,3.229,136.8870657,8.549,2011,1,3,4,0,687670.78,649289.75,1779236.54,923132.28,1024990.005
35,0,23.64,3.237,136.9706544,8.549,2011,1,4,4,0,659902.07,687670.78,576332.05,643298.6625,1008498.7333333334
35,0,28.7,3.231,137.0542431,8.549,2011,2,5,4,0,633289.78,659902.07,649289.75,657538.095,990959.955
35,1,30.45,3.239,137.1378318,8.549,2011,2,6,4,0,747577.05,633289.78,687670.78,682109.92,980681.8183333334
35,0,39.32,3.245,137.2511849,8.549,2011,2,7,4,0,859258.17,747577.05,659902.07,725006.7675000001,981715.8033333333
35,0,33.05,3.274,137.3764439,8.549,2011,2,8,4,0,865305.88,859258.17,633289.78,776357.7200000001,905335.7116666666
35,0,36.99,3.433,137.5017028,8.549,2011,3,9,4,0,841129.26,865305.88,747577.05,828317.59,893546.5766666667
35,0,43.64,3.582,137.6269617,8.549,2011,3,10,4,0,850448.54,841129.26,859258.17,854035.4625,872035.6058333335
35,0,46.65,3.631,137.7398929,8.549,2011,3,11,4,0,830601.39,850448.54,865305.88,846871.2675,831670.1050000001
35,0,40.11,3.625,137.8478929,8.549,2011,3,12,4,0,800662.82,830601.39,841129.26,830710.5025,750122.2949999999
35,0,37.27,3.638,137.9558929,8.512,2011,4,13,4,0,762184.1,800662.82,850448.54,810974.2125,765609.9658333333
35,0,46.87,3.72,138.0638929,8.512,2011,4,14,4,0,762620.94,762184.1,830601.39,789017.3125,775054.2316666668
35,0,52.24,3.821,138.1646952,8.512,2011,4,15,4,0,813352.41,762620.94,800662.82,784705.0675,785527.7008333333
35,0,50.02,3.892,138.2475036,8.512,2011,4,16,4,0,795157.2,813352.41,762184.1,783328.6625,796798.9616666666
35,0,61.71,3.962,138.3303119,8.512,2011,4,17,4,0,841778.34,795157.2,762620.94,803227.2224999999,814173.0083333333
35,0,56.48,4.046,138.4131202,8.512,2011,5,18,4,0,811824.06,841778.34,813352.41,815528.0025,819526.9258333333
35,0,60.07,4.066,138.4959286,8.512,2011,5,19,4,0,835181.18,811824.06,795157.2,820985.195,817520.5099999999
35,0,60.22,4.062,138.587106,8.512,2011,5,20,4,0,826155.95,835181.18,841778.34,828734.8825000001,814258.0158333333
35,0,66.43,3.985,138.6782834,8.512,2011,5,21,4,0,776838.56,826155.95,811824.06,812499.9375000001,808900.4575
35,0,74.17,3.922,138.7694608,8.512,2011,6,22,4,0,850708.6,776838.56,835181.18,822221.0725,808922.1291666665
35,0,73.26,3.881,138.8606382,8.512,2011,6,23,4,0,955466.84,850708.6,826155.95,852292.4875,819327.5833333334
35,0,67.03,3.842,139.0028333,8.512,2011,6,24,4,0,855130.21,955466.84,776838.56,859536.0525,823866.5325000001
35,0,72.02,3.804,139.1832917,8.512,2011,6,25,4,0,828594.86,855130.21,850708.6,872475.1275,829400.7624999998
35,0,73.76,3.748,139.36375,8.684,2011,7,26,4,0,849397.57,828594.86,955466.84,872147.37,836632.1483333333
35,0,76.87,3.711,139.5442083,8.684,2011,7,27,4,0,874453.88,849397.57,855130.21,851894.1299999999,841723.9375
35,0,77.83,3.76,139.7006325,8.684,2011,7,28,4,0,827717.85,874453.88,828594.86,845041.0399999999,844437.3250000001
35,0,82.28,3.811,139.7969712,8.684,2011,7,29,4,0,813845.5,827717.85,849397.57,841353.7,842109.5883333334
35,0,79.41,3.829,139.8933099,8.684,2011,7,30,4,0,820188.42,813845.5,874453.88,834051.4125000001,842806.6183333333
35,0,78.14,3.842,139.9896486,8.684,2011,8,31,4,0,770820.27,820188.42,827717.85,808143.01,837443.2091666666
35,0,76.67,3.812,140.0859873,8.684,2011,8,32,4,0,826820.71,770820.27,813845.5,807918.7250000001,837498.6058333335
35,0,72.97,3.747,140.1289205,8.684,2011,8,33,4,0,819911.89,826820.71,820188.42,809435.3225,841088.0499999999
35,0,72.88,3.704,140.1629528,8.684,2011,8,34,4,0,820288.35,819911.89,770820.27,809460.305,838553.0291666668
35,0,71.44,3.703,140.196985,8.684,2011,9,35,4,0,897037.25,820288.35,826820.71,841014.55,833683.8966666668
35,1,70.93,3.738,140.2310173,8.684,2011,9,36,4,0,813486.55,897037.25,819911.89,837681.01,830213.5916666667
35,0,69.65,3.742,140.2735,8.684,2011,9,37,4,0,922440.64,813486.55,820288.35,863313.1975,838034.0733333334
35,0,63.61,3.711,140.32725,8.684,2011,9,38,4,0,738792.11,922440.64,897037.25,842939.1375,828816.9516666667
35,0,70.92,3.645,140.381,8.684,2011,9,39,4,0,705802.45,738792.11,813486.55,795130.4375,814762.6658333332
35,0,56.91,3.583,140.43475,8.745,2011,10,40,4,0,749676.95,705802.45,922440.64,779178.0375000001,808259.2575
35,0,64.78,3.541,140.4784194,8.745,2011,10,41,4,0,791637.53,749676.95,738792.11,746477.26,806408.5933333333
35,0,59.62,3.57,140.4616048,8.745,2011,10,42,4,0,772859.25,791637.53,705802.45,754994.0449999999,802464.4958333332
35,0,51.81,3.569,140.4447903,8.745,2011,10,43,4,0,811328.4,772859.25,749676.95,781375.5325,805840.1733333333
35,0,44.46,3.551,140.4279758,8.745,2011,11,44,4,0,808821.5,811328.4,791637.53,796161.6699999999,804340.2391666666
35,0,49.69,3.53,140.4111613,8.745,2011,11,45,4,0,653468.75,808821.5,772859.25,761619.475,790469.9775
35,0,51.42,3.53,140.4127857,8.745,2011,11,46,4,0,880576.33,653468.75,811328.4,788548.745,795493.9758333332
35,1,47.88,3.492,140.4217857,8.745,2011,11,47,4,0,820964.1,880576.33,808821.5,790957.67,789154.5466666667
35,0,50.55,3.452,140.4307857,8.745,2011,12,48,4,0,1733822.4,820964.1,653468.75,1022207.895,865849.2008333333
35,0,46.28,3.415,140.4397857,8.745,2011,12,49,4,0,903606.03,1733822.4,880576.33,1084742.215,864279.6499999999
35,0,40.68,3.413,140.4700795,8.745,2011,12,50,4,0,948964.99,903606.03,820964.1,1101839.38,881794.0566666666
35,0,41.59,3.389,140.528765,8.745,2011,12,51,4,0,1115255.65,948964.99,1733822.4,1175412.2675,915915.1566666667
35,1,37.85,3.389,140.5874505,8.745,2011,12,52,4,0,1550214.02,1115255.65,903606.03,1129510.1724999999,982626.5791666666
35,0,35.8,3.422,140.6461359,8.744,2012,1,1,4,0,904650.55,1550214.02,948964.99,1129771.3025,992044.3308333334
35,0,41.3,3.513,140.7048214,8.744,2012,1,2,4,0,671708.09,904650.55,1115255.65,1060457.0775,983615.0675
35,0,30.35,3.533,140.8086118,8.744,2012,1,3,4,0,625135.11,671708.09,1550214.02,937926.9425,968098.96
35,0,36.96,3.567,140.9124021,8.744,2012,1,4,4,0,669850.04,625135.11,904650.55,717835.9475,956518.005
35,0,42.52,3.617,141.0161924,8.744,2012,2,5,4,0,588722.99,669850.04,671708.09,638854.0575,951122.525
35,1,37.86,3.64,141.1199827,8.744,2012,2,6,4,0,746901.03,588722.99,625135.11,657652.2925,939982.9166666666
35,0,37.24,3.695,141.2140357,8.744,2012,2,7,4,0,849779.14,746901.03,669850.04,713813.3,942384.17
35,0,41.74,3.739,141.3007857,8.744,2012,2,8,4,0,824568.39,849779.14,588722.99,752492.8875,866613.0025
35,0,40.07,3.816,141.3875357,8.744,2012,3,9,4,0,805028.74,824568.39,746901.03,806569.325,858398.2283333334
35,0,44.32,3.848,141.4742857,8.744,2012,3,10,4,0,766571.1,805028.74,849779.14,811486.8425,843198.7374999999
35,0,49.6,3.862,141.55478,8.744,2012,3,11,4,0,796351.35,766571.1,824568.39,798129.895,816623.3791666668
35,0,57.3,3.9,141.6269332,8.744,2012,3,12,4,0,793045.82,796351.35,805028.74,790249.2525000001,753526.0291666667
35,0,49.4,3.953,141.6990864,8.744,2012,3,13,4,0,760671.1,793045.82,766571.1,779159.8425,741527.7416666667
35,0,48.73,3.996,141.7712396,8.876,2012,4,14,4,0,744525.69,760671.1,796351.35,773648.49,747595.875
35,0,52.22,4.044,141.8433929,8.876,2012,4,15,4,0,860293.46,744525.69,793045.82,789634.0175000001,767192.4041666667
35,0,62.62,4.027,141.9015262,8.876,2012,4,16,4,0,788633.42,860293.46,760671.1,788530.9175,777091.0191666665
35,0,52.33,4.004,141.9596595,8.876,2012,4,17,4,0,794660.24,788633.42,744525.69,797028.2025,794252.4566666665
35,0,53.68,3.951,142.0177929,8.876,2012,5,18,4,0,721212.45,794660.24,860293.46,791199.8925000001,792111.7416666667
35,0,58.97,3.889,142.0759262,8.876,2012,5,19,4,0,772036.6,721212.45,788633.42,769135.6775,785633.1966666667
35,0,65.15,3.848,142.0970115,8.876,2012,5,20,4,0,802383.63,772036.6,794660.24,772573.23,783784.4666666667
35,0,64.77,3.798,142.1032776,8.876,2012,5,21,4,0,819196.68,802383.63,721212.45,778707.3400000001,784965.1283333334
35,0,73.4,3.742,142.1095438,8.876,2012,6,22,4,0,822167.17,819196.68,772036.6,803946.02,789598.1341666668
35,0,64.05,3.689,142.1158099,8.876,2012,6,23,4,0,932195.52,822167.17,802383.63,843985.7500000001,800918.4816666666
35,0,69.52,3.62,142.1292548,8.876,2012,6,24,4,0,873415.01,932195.52,819196.68,861743.595,807615.9141666667
35,0,73.23,3.564,142.1606464,8.876,2012,6,25,4,0,848289.41,873415.01,822167.17,869016.7775000001,814917.44
35,0,73.94,3.506,142.1920381,8.876,2012,6,26,4,0,911696.0,848289.41,932195.52,891398.985,828848.2991666667
35,0,82.08,3.475,142.2234298,8.839,2012,7,27,4,0,892133.41,911696.0,873415.01,881383.4575,831501.6283333334
35,0,78.95,3.523,142.2548214,8.839,2012,7,28,4,0,985479.64,892133.41,848289.41,909399.615,847905.4800000001
35,0,78.64,3.567,142.2337569,8.839,2012,7,29,4,0,825763.48,985479.64,911696.0,903768.1325000001,850497.4166666666
35,0,76.01,3.647,142.2126924,8.839,2012,7,30,4,0,841224.74,825763.48,892133.41,886150.3175,860498.4408333333
35,0,75.22,3.654,142.1916279,8.839,2012,8,31,4,0,808030.15,841224.74,985479.64,865124.5025,863497.9033333333
36,0,70.9,2.725,209.170772,8.464,2010,4,17,4,0,434116.8,483699.56,435972.82,451701.52249999996,451387.0941666667
36,0,75.56,2.786,209.1215867,8.464,2010,5,18,4,0,457899.64,434116.8,453016.91,457183.2275,450583.1691666667
36,0,77.53,2.805,209.118536,8.464,2010,5,19,4,0,489372.02,457899.64,483699.56,466272.005,452233.86250000005
36,0,77.34,2.767,209.3922937,8.464,2010,5,20,4,0,476733.74,489372.02,434116.8,464530.55,452771.5883333334
36,0,80.87,2.716,209.6660514,8.464,2010,5,21,4,0,474917.98,476733.74,457899.64,474730.845,455054.8
36,0,79.93,2.664,209.9398091,8.464,2010,6,22,4,0,447050.42,474917.98,489372.02,472018.54,452292.04916666663
36,0,82.3,2.615,210.2135668,8.464,2010,6,23,4,0,471088.88,447050.42,476733.74,467447.755,454763.27249999996
36,0,84.37,2.572,210.2108417,8.464,2010,6,24,4,0,467711.18,471088.88,474917.98,465192.115,458001.5383333333
36,0,84.14,2.601,210.0975233,8.464,2010,6,25,4,0,485694.72,467711.18,447050.42,467886.3,464772.88916666666
36,0,81.85,2.606,209.984205,8.36,2010,7,26,4,0,434879.87,485694.72,471088.88,464843.6625,464681.81000000006
36,0,81.74,2.596,209.8708867,8.36,2010,7,27,4,0,434252.15,434879.87,467711.18,455634.48,463118.08
36,0,84.43,2.561,209.8630532,8.36,2010,7,28,4,0,471713.59,434252.15,485694.72,456635.0825,462119.2491666666
36,0,82.6,2.542,209.9958663,8.36,2010,7,29,4,0,466962.04,471713.59,434879.87,451951.9125,464856.3525
36,0,81.88,2.602,210.1286794,8.36,2010,7,30,4,0,452021.2,466962.04,434252.15,456237.245,464366.4825
36,0,85.49,2.573,210.2614925,8.36,2010,8,31,4,0,432451.91,452021.2,471713.59,455787.185,459623.13999999996
36,0,86.06,2.644,210.3943056,8.36,2010,8,32,4,0,467442.94,432451.91,466962.04,454719.52249999996,458848.9066666667
36,0,85.54,2.604,210.3617581,8.36,2010,8,33,4,0,470436.8,467442.94,452021.2,455588.21249999997,458475.47500000003
36,0,84.62,2.562,210.3292106,8.36,2010,8,34,4,0,437949.9,470436.8,432451.91,452070.38749999995,457717.0983333333
36,0,82.29,2.533,210.2966631,8.36,2010,9,35,4,0,412050.73,437949.9,467442.94,446970.0925,452797.2525
36,1,80.58,2.513,210.2641156,8.36,2010,9,36,4,0,431294.45,412050.73,470436.8,437932.97000000003,449762.52499999997
36,0,82.1,2.55,210.2924504,8.36,2010,9,37,4,0,434471.38,431294.45,437949.9,428941.615,445493.91333333333
36,0,79.17,2.578,210.3664469,8.36,2010,9,38,4,0,454694.21,434471.38,412050.73,433127.6925,447145.10833333334
36,0,74.66,2.567,210.4404433,8.476,2010,10,39,4,0,419348.59,454694.21,431294.45,434952.15750000003,445903.145
36,0,66.34,2.595,210.5144398,8.476,2010,10,40,4,0,422169.47,419348.59,434471.38,432670.9125,441774.4683333333
36,0,71.57,2.705,210.5805944,8.476,2010,10,41,4,0,444351.61,422169.47,454694.21,435140.97000000003,439890.26583333337
36,0,72.24,2.698,210.6271444,8.476,2010,10,42,4,0,453308.15,444351.61,419348.59,434794.45499999996,439997.5116666667
36,0,76.22,2.68,210.6736944,8.476,2010,10,43,4,0,424956.3,453308.15,422169.47,436196.3825,439372.8775
36,0,62.72,2.655,210.7202444,8.476,2010,11,44,4,0,392654.26,424956.3,444351.61,428817.58,433140.4875
36,0,61.97,2.705,210.7667944,8.476,2010,11,45,4,0,405860.37,392654.26,453308.15,419194.77,427759.11833333335
36,0,56.73,2.741,210.65429,8.476,2010,11,46,4,0,425804.8,405860.37,424956.3,412318.9325,426747.0266666667
36,1,67.73,2.725,210.5152765,8.476,2010,11,47,4,0,411615.71,425804.8,392654.26,408983.78500000003,426710.77499999997
36,0,54.44,2.694,210.376263,8.476,2010,12,48,4,0,408891.49,411615.71,405860.37,413043.0925,424843.86166666663
36,0,51.83,2.813,210.2372494,8.476,2010,12,49,4,0,360266.09,408891.49,425804.8,401644.52249999996,418660.08749999997
36,0,56.73,2.852,210.1787224,8.476,2010,12,50,4,0,404545.03,360266.09,411615.71,396329.58,414480.9891666667
36,0,59.1,2.863,210.1805602,8.476,2010,12,51,4,0,410214.7,404545.03,408891.49,395979.3275,413719.8316666667
36,1,52.88,2.949,210.182398,8.476,2010,12,52,4,0,422093.59,410214.7,360266.09,399279.85250000004,413713.50833333336
36,0,54.11,2.942,210.1842358,8.395,2011,1,1,4,0,359310.65,422093.59,404545.03,399040.99250000005,406626.76166666666
36,0,42.87,2.971,210.2379731,8.395,2011,1,2,4,0,384659.85,359310.65,410214.7,394069.6975,400906.07
36,0,51.18,2.98,210.6031072,8.395,2011,1,3,4,0,410497.73,384659.85,422093.59,394140.45499999996,399701.18916666665
36,0,48.74,2.995,210.9682412,8.395,2011,1,4,4,0,399191.05,410497.73,359310.65,388414.82,400245.9216666667
36,0,46.68,2.98,211.3333753,8.395,2011,2,5,4,0,372174.12,399191.05,384659.85,391630.6875,397438.73416666663
36,1,41.16,3.009,211.6985093,8.395,2011,2,6,4,0,417521.7,372174.12,410497.73,399846.15,396748.47583333333
36,0,57.48,3.017,212.0063522,8.395,2011,2,7,4,0,401501.2,417521.7,399191.05,397597.0175,395905.60000000003
36,0,67.73,3.053,212.2912786,8.395,2011,2,8,4,0,427175.03,401501.2,372174.12,404593.0125,397429.22833333333
36,0,64.55,3.282,212.576205,8.395,2011,3,9,4,0,380279.44,427175.03,417521.7,406619.3425,399097.0075
36,0,59.15,3.448,212.8611313,8.395,2011,3,10,4,0,402579.84,380279.44,401501.2,402883.8775,398933.2416666667
36,0,64.9,3.487,213.1096787,8.395,2011,3,11,4,0,407506.78,402579.84,427175.03,404385.2725,398707.5816666666
36,0,71.07,3.488,213.3436744,8.395,2011,3,12,4,0,431412.22,407506.78,380279.44,405444.57,399484.1341666666
36,0,67.31,3.529,213.5776701,8.3,2011,4,13,4,0,390732.02,431412.22,402579.84,408057.715,402102.5816666667
36,0,69.39,3.645,213.8116658,8.3,2011,4,14,4,0,385672.11,390732.02,407506.78,403830.7825,402186.9366666667
36,0,73.25,3.763,214.026217,8.3,2011,4,15,4,0,428727.61,385672.11,431412.22,409135.99,403706.0933333333
36,0,74.57,3.805,214.1921572,8.3,2011,4,16,4,0,414986.54,428727.61,390732.02,405029.57,405022.3841666667
36,0,76.1,3.837,214.3580974,8.3,2011,4,17,4,0,374574.72,414986.54,385672.11,400990.245,405222.43416666664
36,0,69.56,3.917,214.5240376,8.3,2011,5,18,4,0,340708.78,374574.72,428727.61,389749.41250000003,398821.3575
36,0,76.73,3.92,214.6899778,8.3,2011,5,19,4,0,393401.4,340708.78,414986.54,380917.86,398146.3741666667
36,0,73.02,3.925,214.465412,8.3,2011,5,20,4,0,395316.65,393401.4,374574.72,376000.3875,395491.5091666666
36,0,81.28,3.786,214.2408462,8.3,2011,5,21,4,0,376183.44,395316.65,340708.78,376402.5675,395150.17583333334
36,0,82.96,3.69,214.0162805,8.3,2011,6,22,4,0,348655.2,376183.44,393401.4,378389.1725,390656.4558333333
36,0,82.41,3.633,213.7917147,8.3,2011,6,23,4,0,373703.95,348655.2,395316.65,373464.81000000006,387839.5533333334
36,0,84.43,3.599,213.7481256,8.3,2011,6,24,4,0,374182.04,373703.95,376183.44,368181.1575,383070.37166666664
36,0,83.95,3.569,213.8402689,8.3,2011,6,25,4,0,394645.25,374182.04,348655.2,372796.61,383396.4741666667
36,0,85.33,3.502,213.9324122,8.177,2011,7,26,4,0,360009.94,394645.25,373703.95,375635.29500000004,381257.95999999996
36,0,84.71,3.44,214.0245556,8.177,2011,7,27,4,0,354270.77,360009.94,374182.04,370777.0,375053.2233333334
36,0,85.63,3.55,214.1083654,8.177,2011,7,28,4,0,377464.62,354270.77,394645.25,371597.645,371926.39666666667
36,0,83.31,3.637,214.1713416,8.177,2011,7,29,4,0,385631.48,377464.62,360009.94,369344.2025,372847.7933333333
36,0,84.99,3.66,214.2343177,8.177,2011,7,30,4,0,361311.41,385631.48,354270.77,369669.57,374564.6791666667
36,0,86.71,3.652,214.2972939,8.177,2011,8,31,4,0,354361.08,361311.41,377464.62,369692.14749999996,371311.31916666665
36,0,87.64,3.608,214.3602701,8.177,2011,8,32,4,0,381017.75,354361.08,385631.48,370580.43,370119.74416666664
36,0,87.24,3.534,214.4239935,8.177,2011,8,33,4,0,380188.69,381017.75,361311.41,369219.7325,370453.51499999996
36,0,86.02,3.501,214.4878416,8.177,2011,8,34,4,0,373267.58,380188.69,354361.08,372208.775,372504.54666666663
36,0,87.5,3.481,214.5516896,8.177,2011,9,35,4,0,344964.2,373267.58,381017.75,369859.555,370109.56750000006
36,1,77.94,3.499,214.6155376,8.177,2011,9,36,4,0,350276.29,344964.2,380188.69,362174.19,368117.4216666667
36,0,82.06,3.473,214.7934111,8.177,2011,9,37,4,0,352960.64,350276.29,373267.58,355367.1775,364643.70416666666
36,0,78.35,3.441,215.1233185,8.177,2011,9,38,4,0,343108.12,352960.64,344964.2,347827.3125,363235.2191666667
36,0,81.52,3.328,215.4532259,8.177,2011,9,39,4,0,322405.13,343108.12,350276.29,342187.54500000004,360579.7491666667
36,0,71.2,3.262,215.7831333,7.716,2011,10,40,4,0,314910.37,322405.13,352960.64,333346.065,355366.895
36,0,74.16,3.234,216.0885258,7.716,2011,10,41,4,0,346137.87,314910.37,343108.12,331640.3725,352075.7608333333
36,0,67.89,3.308,216.2468287,7.716,2011,10,42,4,0,342076.99,346137.87,322405.13,331382.58999999997,350472.8925
36,0,71.31,3.306,216.4051315,7.716,2011,10,43,4,0,328633.34,342076.99,314910.37,332939.6425,348328.9141666666
36,0,58.97,3.287,216.5634344,7.716,2011,11,44,4,0,306193.81,328633.34,346137.87,330760.5025,342093.5858333333
36,0,63.5,3.254,216.7217373,7.716,2011,11,45,4,0,313387.11,306193.81,342076.99,322572.8125,336526.7875
36,0,66.28,3.26,216.9395861,7.716,2011,11,46,4,0,328498.92,313387.11,328633.34,319178.295,332796.06583333336
36,1,66.41,3.181,217.1812533,7.716,2011,11,47,4,0,332901.94,328498.92,306193.81,320245.44499999995,331790.8775
36,0,53.57,3.164,217.4229206,7.716,2011,12,48,4,0,332811.55,332901.94,313387.11,326899.88,330335.4825
36,0,50.64,3.147,217.6645878,7.716,2011,12,49,4,0,293350.51,332811.55,328498.92,321890.73,325367.9716666666
36,0,58.31,3.133,217.8781339,7.716,2011,12,50,4,0,312298.37,293350.51,332901.94,317840.5925,322800.4925
36,0,55.41,3.098,218.0541851,7.716,2011,12,51,4,0,341503.92,312298.37,332811.55,319991.0875,324392.0583333333
36,1,48.26,3.132,218.2302364,7.716,2011,12,52,4,0,325262.46,341503.92,293350.51,318103.815,325254.7325
36,0,57.18,3.129,218.4062876,7.244,2012,1,1,4,0,287425.22,325262.46,312298.37,316622.4925,320362.01166666666
36,0,56.28,3.254,218.5823389,7.244,2012,1,2,4,0,329467.82,287425.22,341503.92,320914.855,319311.2475
36,0,58.9,3.275,218.6755292,7.244,2012,1,3,4,0,325976.34,329467.82,325262.46,317032.96,319089.83083333337
36,0,62.73,3.313,218.7687195,7.244,2012,1,4,4,0,330927.21,325976.34,287425.22,318449.1475,321150.9475
36,0,61.33,3.421,218.8619099,7.244,2012,2,5,4,0,301444.94,330927.21,329467.82,321954.0775,320155.76666666666
36,1,54.49,3.462,218.9551002,7.244,2012,2,6,4,0,310982.87,301444.94,325976.34,317332.84,318696.0958333334
36,0,54.38,3.503,219.1148297,7.244,2012,2,7,4,0,335741.9,310982.87,330927.21,319774.23,318932.75916666666
36,0,62.21,3.55,219.3244636,7.244,2012,2,8,4,0,326316.73,335741.9,301444.94,318621.61,318391.52416666667
36,0,64.54,3.619,219.5340975,7.244,2012,3,9,4,0,313270.45,326316.73,310982.87,321577.98750000005,320051.5191666667
36,0,63.19,3.647,219.7437314,7.244,2012,3,10,4,0,315396.72,313270.45,335741.9,322681.44999999995,320309.715
36,0,67.48,3.779,219.8956335,7.244,2012,3,11,4,0,318674.93,315396.72,326316.73,318414.7075,318407.2991666667
36,0,69.18,3.845,219.9705599,7.244,2012,3,12,4,0,335345.82,318674.93,313270.45,320671.98,319247.57916666666
36,0,70.48,3.891,220.0454862,7.244,2012,3,13,4,0,317872.51,335345.82,315396.72,321822.495,321784.85333333333
36,0,73.95,3.934,220.1204125,6.989,2012,4,14,4,0,304144.9,317872.51,318674.93,319009.54000000004,319674.61000000004
36,0,72.54,3.919,220.1953389,6.989,2012,4,15,4,0,331026.11,304144.9,335345.82,322097.335,320095.42416666663
36,0,70.87,3.918,220.2483937,6.989,2012,4,16,4,0,339407.94,331026.11,317872.51,323112.865,320802.1516666667
36,0,70.06,3.888,220.3014485,6.989,2012,4,17,4,0,323915.32,339407.94,304144.9,324623.5675,322674.68333333335
36,0,77.17,3.835,220.3545033,6.989,2012,5,18,4,0,308389.82,323915.32,331026.11,325684.7975,322458.5958333333
36,0,76.55,3.764,220.4075581,6.989,2012,5,19,4,0,312467.52,308389.82,339407.94,321045.15,320519.06416666665
36,0,73.7,3.713,220.4252149,6.989,2012,5,20,4,0,330518.34,312467.52,323915.32,318822.75,320869.1983333333
36,0,78.94,3.636,220.4287124,6.989,2012,5,21,4,0,324801.13,330518.34,308389.82,319044.2025,321830.0883333333
36,0,80.74,3.567,220.4322099,6.989,2012,6,22,4,0,306098.17,324801.13,312467.52,318471.29,321055.20916666667
36,0,81.5,3.513,220.4357073,6.989,2012,6,23,4,0,306005.53,306098.17,330518.34,316855.7925,319999.42583333334
36,0,82.15,3.407,220.4494148,6.989,2012,6,24,4,0,338273.38,306005.53,324801.13,318794.5525,320243.38916666666
36,0,80.4,3.358,220.4886472,6.989,2012,6,25,4,0,333146.88,338273.38,306098.17,320880.99,321516.25333333336
36,0,86.68,3.273,220.5278796,6.989,2012,6,26,4,0,306411.01,333146.88,306005.53,320959.2,321705.0958333333
36,0,81.52,3.232,220.567112,6.623,2012,7,27,4,0,291530.43,306411.01,338273.38,317340.42500000005,318413.7891666667
36,0,78.15,3.245,220.6063444,6.623,2012,7,28,4,0,306578.89,291530.43,333146.88,309416.8025,315678.035
36,0,81.76,3.301,220.6148749,6.623,2012,7,29,4,0,298337.41,306578.89,306411.01,300714.435,313546.5425
36,0,84.0,3.392,220.6234054,6.623,2012,7,30,4,0,303289.55,298337.41,291530.43,299934.07,313121.52
36,0,85.56,3.404,220.6319358,6.623,2012,8,31,4,0,279643.43,303289.55,306578.89,296962.32,310386.17916666664
37,0,70.9,2.78,209.170772,8.464,2010,4,17,4,0,527019.78,524544.83,540189.7,526270.4650000001,516917.4458333333
37,0,75.56,2.835,209.1215867,8.464,2010,5,18,4,0,517850.83,527019.78,513327.55,520685.7475,515404.4541666666
37,0,77.53,2.854,209.118536,8.464,2010,5,19,4,0,543234.77,517850.83,524544.83,528162.5525,516519.6266666667
37,0,77.34,2.826,209.3922937,8.464,2010,5,20,4,0,505196.08,543234.77,527019.78,523325.36500000005,516087.425
37,0,80.87,2.759,209.6660514,8.464,2010,5,21,4,0,510494.7,505196.08,517850.83,519194.09500000003,515827.3316666667
37,0,79.93,2.705,209.9398091,8.464,2010,6,22,4,0,532241.22,510494.7,543234.77,522791.6925,516909.46
37,0,82.3,2.668,210.2135668,8.464,2010,6,23,4,0,479195.02,532241.22,505196.08,506781.755,514091.0991666666
37,0,84.37,2.637,210.2108417,8.464,2010,6,24,4,0,481915.11,479195.02,510494.7,500961.51249999995,515915.62999999995
37,0,84.14,2.653,210.0975233,8.464,2010,6,25,4,0,505761.62,481915.11,532241.22,499778.2425,515080.93416666664
37,0,81.85,2.669,209.984205,8.36,2010,7,26,4,0,485419.39,505761.62,479195.02,488072.78500000003,510516.74166666664
37,0,81.74,2.642,209.8708867,8.36,2010,7,27,4,0,498292.53,485419.39,481915.11,492847.1625,509263.8233333333
37,0,84.43,2.623,209.8630532,8.36,2010,7,28,4,0,502456.04,498292.53,505761.62,497982.395,507423.0908333333
37,0,82.6,2.608,209.9958663,8.36,2010,7,29,4,0,485150.01,502456.04,485419.39,492829.4925,503933.94333333336
37,0,81.88,2.64,210.1286794,8.36,2010,7,30,4,0,491998.12,485150.01,498292.53,494474.17500000005,501779.55083333334
37,0,85.49,2.627,210.2614925,8.36,2010,8,31,4,0,487912.95,491998.12,502456.04,491879.27999999997,497169.39916666667
37,0,86.06,2.692,210.3943056,8.36,2010,8,32,4,0,508576.62,487912.95,485150.01,493409.42500000005,497451.11083333334
37,0,85.54,2.664,210.3617581,8.36,2010,8,33,4,0,491815.83,508576.62,491998.12,495075.88,495894.53833333333
37,0,84.62,2.619,210.3292106,8.36,2010,8,34,4,0,486930.72,491815.83,487912.95,493809.02999999997,492118.66333333333
37,0,82.29,2.577,210.2966631,8.36,2010,9,35,4,0,512157.25,486930.72,508576.62,499870.105,494865.5158333333
37,1,80.58,2.565,210.2641156,8.36,2010,9,36,4,0,510427.53,512157.25,491815.83,500332.83249999996,497241.55083333334
37,0,82.1,2.582,210.2924504,8.36,2010,9,37,4,0,510296.07,510427.53,486930.72,504952.8925,497619.4216666667
37,0,79.17,2.624,210.3664469,8.36,2010,9,38,4,0,501251.4,510296.07,512157.25,508533.0625,498938.75583333336
37,0,74.66,2.603,210.4404433,8.476,2010,10,39,4,0,494265.48,501251.4,510427.53,504060.12,498603.1683333334
37,0,66.34,2.633,210.5144398,8.476,2010,10,40,4,0,529877.93,494265.48,510296.07,508922.72000000003,500888.32583333337
37,0,71.57,2.72,210.5805944,8.476,2010,10,41,4,0,524483.65,529877.93,501251.4,512469.615,504166.1291666667
37,0,72.24,2.725,210.6271444,8.476,2010,10,42,4,0,498925.86,524483.65,494265.48,511888.23000000004,504743.44083333336
37,0,76.22,2.716,210.6736944,8.476,2010,10,43,4,0,510425.4,498925.86,529877.93,515928.20999999996,506619.47833333333
37,0,62.72,2.689,210.7202444,8.476,2010,11,44,4,0,514485.9,510425.4,524483.65,512080.2025,507111.9183333333
37,0,61.97,2.728,210.7667944,8.476,2010,11,45,4,0,539683.42,514485.9,498925.86,515880.145,511100.8841666667
37,0,56.73,2.771,210.65429,8.476,2010,11,46,4,0,517546.69,539683.42,510425.4,520535.35250000004,513652.215
37,1,67.73,2.735,210.5152765,8.476,2010,11,47,4,0,518124.16,517546.69,514485.9,522460.04250000004,514149.4575
37,0,54.44,2.708,210.376263,8.476,2010,12,48,4,0,518220.72,518124.16,539683.42,523393.7475,514798.88999999996
37,0,51.83,2.843,210.2372494,8.476,2010,12,49,4,0,508213.14,518220.72,517546.69,515526.1775,514625.3125
37,0,56.73,2.869,210.1787224,8.476,2010,12,50,4,0,511207.52,508213.14,518124.16,513941.385,515454.9891666667
37,0,59.1,2.886,210.1805602,8.476,2010,12,51,4,0,534285.21,511207.52,518220.72,517981.64749999996,518789.9666666666
37,1,52.88,2.943,210.182398,8.476,2010,12,52,4,0,576809.92,534285.21,508213.14,532628.9475,522700.9658333333
37,0,54.11,2.976,210.1842358,8.395,2011,1,1,4,0,460331.7,576809.92,511207.52,520658.58749999997,517354.97
37,0,42.87,2.983,210.2379731,8.395,2011,1,2,4,0,542464.02,460331.7,534285.21,528472.7125,520983.1500000001
37,0,51.18,3.016,210.6031072,8.395,2011,1,3,4,0,525616.9,542464.02,576809.92,526305.635,522249.10833333334
37,0,48.74,3.01,210.9682412,8.395,2011,1,4,4,0,526486.82,525616.9,460331.7,513724.86,523249.18500000006
37,0,46.68,2.989,211.3333753,8.395,2011,2,5,4,0,513672.36,526486.82,542464.02,527060.025,521081.5966666666
37,1,41.16,3.022,211.6985093,8.395,2011,2,6,4,0,583835.18,513672.36,525616.9,537402.815,526605.6375000001
37,0,57.48,3.045,212.0063522,8.395,2011,2,7,4,0,522514.32,583835.18,526486.82,536627.17,526971.4841666666
37,0,67.73,3.065,212.2912786,8.395,2011,2,8,4,0,536840.69,522514.32,513672.36,539215.6375,528523.1483333333
37,0,64.55,3.288,212.576205,8.395,2011,3,9,4,0,514758.19,536840.69,583835.18,539487.0950000001,529068.5691666667
37,0,59.15,3.459,212.8611313,8.395,2011,3,10,4,0,527572.25,514758.19,522514.32,525421.3625,530432.2966666667
37,0,64.9,3.488,213.1096787,8.395,2011,3,11,4,0,505610.4,527572.25,536840.69,521195.38249999995,528042.7291666666
37,0,71.07,3.473,213.3436744,8.395,2011,3,12,4,0,478503.06,505610.4,514758.19,506610.975,519850.4908333334
37,0,67.31,3.524,213.5776701,8.3,2011,4,13,4,0,522105.93,478503.06,527572.25,508447.91000000003,524998.3433333334
37,0,69.39,3.622,213.8116658,8.3,2011,4,14,4,0,534578.78,522105.93,505610.4,510199.5425,524341.24
37,0,73.25,3.743,214.026217,8.3,2011,4,15,4,0,543703.16,534578.78,478503.06,519722.73250000004,525848.4283333333
37,0,74.57,3.807,214.1921572,8.3,2011,4,16,4,0,543775.87,543703.16,522105.93,536040.935,527289.1825
37,0,76.1,3.81,214.3580974,8.3,2011,4,17,4,0,526434.37,543775.87,534578.78,537123.0449999999,528352.6833333333
37,0,69.56,3.906,214.5240376,8.3,2011,5,18,4,0,502918.18,526434.37,543703.16,529207.895,521609.60000000003
37,0,76.73,3.899,214.6899778,8.3,2011,5,19,4,0,547513.3,502918.18,543775.87,530160.4299999999,523692.8483333334
37,0,73.02,3.907,214.465412,8.3,2011,5,20,4,0,511871.63,547513.3,526434.37,522184.37,521612.0933333333
37,0,81.28,3.786,214.2408462,8.3,2011,5,21,4,0,533564.42,511871.63,502918.18,523966.8825,523179.2791666666
37,0,82.96,3.699,214.0162805,8.3,2011,6,22,4,0,507086.75,533564.42,547513.3,525009.025,521472.1541666666
37,0,82.41,3.648,213.7917147,8.3,2011,6,23,4,0,500381.23,507086.75,511871.63,513226.0075,521036.38999999996
37,0,84.43,3.637,213.7481256,8.3,2011,6,24,4,0,509647.25,500381.23,533564.42,512669.9125,523631.7391666666
37,0,83.95,3.594,213.8402689,8.3,2011,6,25,4,0,525132.36,509647.25,507086.75,510561.89749999996,523883.94166666665
37,0,85.33,3.524,213.9324122,8.177,2011,7,26,4,0,509276.22,525132.36,500381.23,511109.265,521775.39499999996
37,0,84.71,3.48,214.0245556,8.177,2011,7,27,4,0,517021.3,509276.22,509647.25,515269.2825,519551.90666666673
37,0,85.63,3.575,214.1083654,8.177,2011,7,28,4,0,489059.93,517021.3,525132.36,510122.4525,514992.24500000005
37,0,83.31,3.651,214.1713416,8.177,2011,7,29,4,0,498749.62,489059.93,509276.22,503526.7675,512685.18250000005
37,0,84.99,3.682,214.2343177,8.177,2011,7,30,4,0,505543.53,498749.62,517021.3,502593.59500000003,512903.9616666666
37,0,86.71,3.684,214.2972939,8.177,2011,8,31,4,0,504974.95,505543.53,489059.93,499582.0075,509359.0991666666
37,0,87.64,3.638,214.3602701,8.177,2011,8,32,4,0,510787.46,504974.95,498749.62,505013.89,509268.75166666665
37,0,87.24,3.554,214.4239935,8.177,2011,8,33,4,0,502504.39,510787.46,505543.53,505952.5825,506680.41583333333
37,0,86.02,3.523,214.4878416,8.177,2011,8,34,4,0,506897.98,502504.39,504974.95,506291.195,506664.685
37,0,87.5,3.533,214.5516896,8.177,2011,9,35,4,0,527947.21,506897.98,510787.46,512034.26,508961.85000000003
37,1,77.94,3.546,214.6155376,8.177,2011,9,36,4,0,530367.83,527947.21,502504.39,516929.35250000004,510688.56499999994
37,0,82.06,3.526,214.7934111,8.177,2011,9,37,4,0,506273.74,530367.83,506897.98,517871.68999999994,509117.01333333337
37,0,78.35,3.467,215.1233185,8.177,2011,9,38,4,0,513341.94,506273.74,527947.21,519482.68,509455.8233333333
37,0,81.52,3.355,215.4532259,8.177,2011,9,39,4,0,516556.94,513341.94,530367.83,516635.1125,509417.12666666665
37,0,71.2,3.285,215.7831333,7.716,2011,10,40,4,0,516402.1,516556.94,506273.74,513143.68000000005,511695.6408333333
37,0,74.16,3.274,216.0885258,7.716,2011,10,41,4,0,522816.85,516402.1,513341.94,517279.45749999996,513701.24333333335
37,0,67.89,3.353,216.2468287,7.716,2011,10,42,4,0,513636.01,522816.85,516556.94,517352.975,514375.6166666667
37,0,71.31,3.372,216.4051315,7.716,2011,10,43,4,0,522784.33,513636.01,516402.1,518909.8225,515859.7316666667
37,0,58.97,3.332,216.5634344,7.716,2011,11,44,4,0,517355.44,522784.33,522816.85,519148.1575,516407.0633333333
37,0,63.5,3.297,216.7217373,7.716,2011,11,45,4,0,555925.6,517355.44,513636.01,527425.345,520858.8308333333
37,0,66.28,3.308,216.9395861,7.716,2011,11,46,4,0,501268.78,555925.6,522784.33,524333.5375,520389.7308333334
37,1,66.41,3.236,217.1812533,7.716,2011,11,47,4,0,527495.09,501268.78,517355.44,525511.2275,520352.0541666667
37,0,53.57,3.172,217.4229206,7.716,2011,12,48,4,0,522554.04,527495.09,555925.6,526810.8775,519700.905
37,0,50.64,3.158,217.6645878,7.716,2011,12,49,4,0,527117.81,522554.04,501268.78,519608.93,521437.9108333333
37,0,58.31,3.159,217.8781339,7.716,2011,12,50,4,0,537224.52,527117.81,527495.09,528597.865,523428.1258333334
37,0,55.41,3.112,218.0541851,7.716,2011,12,51,4,0,533905.67,537224.52,522554.04,530200.51,524873.8533333334
37,1,48.26,3.129,218.2302364,7.716,2011,12,52,4,0,605791.46,533905.67,527117.81,551009.865,532322.9666666667
37,0,57.18,3.157,218.4062876,7.244,2012,1,1,4,0,451327.61,605791.46,537224.52,532062.315,526365.5299999999
37,0,56.28,3.261,218.5823389,7.244,2012,1,2,4,0,558343.57,451327.61,533905.67,537342.0775,530091.16
37,0,58.9,3.268,218.6755292,7.244,2012,1,3,4,0,546221.4,558343.57,605791.46,540421.01,532044.2491666666
37,0,62.73,3.29,218.7687195,7.244,2012,1,4,4,0,543894.07,546221.4,451327.61,524946.6625,534255.8016666666
37,0,61.33,3.36,218.8619099,7.244,2012,2,5,4,0,514116.58,543894.07,558343.57,540643.905,530771.7166666667
37,1,54.49,3.409,218.9551002,7.244,2012,2,6,4,0,555424.24,514116.58,546221.4,539914.0725,535284.6716666666
37,0,54.38,3.51,219.1148297,7.244,2012,2,7,4,0,527041.46,555424.24,543894.07,535119.0874999999,535246.8691666666
37,0,62.21,3.555,219.3244636,7.244,2012,2,8,4,0,541071.29,527041.46,514116.58,534413.3925000001,536789.9733333333
37,0,64.54,3.63,219.5340975,7.244,2012,3,9,4,0,518696.89,541071.29,555424.24,535558.47,536088.23
37,0,63.19,3.669,219.7437314,7.244,2012,3,10,4,0,525559.17,518696.89,527041.46,528092.2025,535116.1175
37,0,67.48,3.734,219.8956335,7.244,2012,3,11,4,0,535937.25,525559.17,541071.29,530316.15,535285.4158333334
37,0,69.18,3.787,219.9705599,7.244,2012,3,12,4,0,484588.34,535937.25,518696.89,516195.41250000003,525185.1558333334
37,0,70.48,3.845,220.0454862,7.244,2012,3,13,4,0,520887.23,484588.34,525559.17,516742.99750000006,530981.7908333333
37,0,73.95,3.891,220.1204125,6.989,2012,4,14,4,0,533734.94,520887.23,535937.25,518786.94,528931.0716666667
37,0,72.54,3.891,220.1953389,6.989,2012,4,15,4,0,564848.78,533734.94,484588.34,526014.8225,530483.3533333334
37,0,70.87,3.877,220.2483937,6.989,2012,4,16,4,0,506973.17,564848.78,520887.23,531611.03,527406.6116666667
37,0,70.06,3.814,220.3014485,6.989,2012,4,17,4,0,523483.19,506973.17,533734.94,532260.02,528187.1625
37,0,77.17,3.749,220.3545033,6.989,2012,5,18,4,0,528807.45,523483.19,564848.78,531028.1475,525969.0966666667
37,0,76.55,3.688,220.4075581,6.989,2012,5,19,4,0,535311.64,528807.45,506973.17,523643.8625,526658.2783333333
37,0,73.7,3.63,220.4252149,6.989,2012,5,20,4,0,527983.04,535311.64,523483.19,528896.3300000001,525567.5908333333
37,0,78.94,3.561,220.4287124,6.989,2012,5,21,4,0,534847.96,527983.04,528807.45,531737.5225,526913.5133333333
37,0,80.74,3.501,220.4322099,6.989,2012,6,22,4,0,540625.79,534847.96,535311.64,534692.1074999999,528169.0650000001
37,0,81.5,3.452,220.4357073,6.989,2012,6,23,4,0,531811.85,540625.79,527983.04,533817.16,527825.2816666666
37,0,82.15,3.393,220.4494148,6.989,2012,6,24,4,0,528940.78,531811.85,534847.96,534056.595,531521.3183333332
37,0,80.4,3.346,220.4886472,6.989,2012,6,25,4,0,508573.16,528940.78,540625.79,527487.895,530495.1458333334
37,0,86.68,3.286,220.5278796,6.989,2012,6,26,4,0,484032.75,508573.16,531811.85,513339.635,526353.2966666666
37,0,81.52,3.227,220.567112,6.623,2012,7,27,4,0,508309.81,484032.75,528940.78,507464.125,521641.7158333333
37,0,78.15,3.256,220.6063444,6.623,2012,7,28,4,0,519498.32,508309.81,508573.16,505103.51,522685.4783333333
37,0,81.76,3.311,220.6148749,6.623,2012,7,29,4,0,506005.47,519498.32,484032.75,504461.58749999997,521229.0016666667
37,0,84.0,3.407,220.6234054,6.623,2012,7,30,4,0,503744.56,506005.47,508309.81,509389.54,519140.4275
37,0,85.56,3.417,220.6319358,6.623,2012,8,31,4,0,514489.17,503744.56,519498.32,510934.38,517405.2216666667
38,0,67.38,3.105,126.3805667,14.099,2010,4,17,4,0,335121.82,337723.49,368929.55,345851.33,344060.36666666664
38,0,70.15,3.127,126.2898,14.099,2010,5,18,4,0,337979.65,335121.82,341630.46,338113.855,342350.6591666667
38,0,68.44,3.145,126.2085484,14.099,2010,5,19,4,0,383657.44,337979.65,337723.49,348620.6,345804.20416666666
38,0,76.2,3.12,126.1843871,14.099,2010,5,20,4,0,346174.3,383657.44,335121.82,350733.3025,347382.23583333334
38,0,67.84,3.058,126.1602258,14.099,2010,5,21,4,0,340497.08,346174.3,337979.65,352077.1175,347905.0983333333
38,0,81.39,2.941,126.1360645,14.099,2010,6,22,4,0,326469.43,340497.08,383657.44,349199.5625,344090.89333333337
38,0,90.84,2.949,126.1119032,14.099,2010,6,23,4,0,376184.88,326469.43,346174.3,347331.4225,346937.64
38,0,81.06,3.043,126.114,14.099,2010,6,24,4,0,354828.65,376184.88,340497.08,349495.01,348754.57166666666
38,0,87.27,3.084,126.1266,14.099,2010,6,25,4,0,335691.85,354828.65,326469.43,348293.70249999996,348740.7166666667
38,0,91.98,3.105,126.1392,14.18,2010,7,26,4,0,322046.76,335691.85,376184.88,347188.035,344833.8175
38,0,90.37,3.1,126.1518,14.18,2010,7,27,4,0,361181.48,322046.76,354828.65,343437.185,346463.06916666665
38,0,97.18,3.094,126.1498065,14.18,2010,7,28,4,0,343850.34,361181.48,335691.85,340692.6075,346973.64
38,0,99.22,3.112,126.1283548,14.18,2010,7,29,4,0,338277.71,343850.34,322046.76,341339.0725,347236.63083333336
38,0,96.31,3.017,126.1069032,14.18,2010,7,30,4,0,328336.85,338277.71,361181.48,342911.59500000003,346433.06416666665
38,0,92.95,3.123,126.0854516,14.18,2010,8,31,4,0,336378.38,328336.85,343850.34,336710.82,342493.1425
38,0,87.01,3.159,126.064,14.18,2010,8,32,4,0,378574.44,336378.38,338277.71,345391.845,345193.1541666667
38,0,92.81,3.041,126.0766452,14.18,2010,8,33,4,0,341400.72,378574.44,328336.85,346172.59750000003,345268.4575
38,0,93.19,3.129,126.0892903,14.18,2010,8,34,4,0,329139.73,341400.72,336378.38,346373.3175,345490.9825
38,0,83.12,3.087,126.1019355,14.18,2010,9,35,4,0,322868.56,329139.73,378574.44,342995.8625,341047.9558333333
38,1,83.63,3.044,126.1145806,14.18,2010,9,36,4,0,377096.55,322868.56,341400.72,342626.39,342903.6141666667
38,0,82.45,3.028,126.1454667,14.18,2010,9,37,4,0,336227.69,377096.55,329139.73,341333.1325,342948.2675
38,0,81.77,2.939,126.1900333,14.18,2010,9,38,4,0,336253.19,336227.69,322868.56,343111.4975,344132.13666666666
38,0,85.2,3.001,126.2346,14.313,2010,10,39,4,0,330604.9,336253.19,377096.55,345045.5825,341584.0883333333
38,0,71.82,3.013,126.2791667,14.313,2010,10,40,4,0,360256.58,330604.9,336227.69,340835.59,342951.27499999997
38,0,75.0,2.976,126.3266774,14.313,2010,10,41,4,0,351271.36,360256.58,336253.19,344596.5075,344034.07916666666
38,0,68.85,3.014,126.3815484,14.313,2010,10,42,4,0,337743.26,351271.36,330604.9,344969.025,344817.94666666666
38,0,61.09,3.016,126.4364194,14.313,2010,10,43,4,0,339042.18,337743.26,360256.58,347078.34500000003,345039.93
38,0,65.49,3.129,126.4912903,14.313,2010,11,44,4,0,341219.63,339042.18,351271.36,342319.10750000004,341927.0291666667
38,0,57.79,3.13,126.5461613,14.313,2010,11,45,4,0,380870.09,341219.63,337743.26,349718.79,345216.1433333333
38,0,58.18,3.161,126.6072,14.313,2010,11,46,4,0,340147.2,380870.09,339042.18,350319.775,346133.43250000005
38,1,47.66,3.162,126.6692667,14.313,2010,11,47,4,0,348593.99,340147.2,341219.63,352707.72750000004,348277.2183333333
38,0,43.33,3.041,126.7313333,14.313,2010,12,48,4,0,360857.98,348593.99,380870.09,357617.31500000006,346924.00416666665
38,0,50.01,3.203,126.7934,14.313,2010,12,49,4,0,351925.36,360857.98,340147.2,350381.1325,348232.1433333333
38,0,52.77,3.236,126.8794839,14.313,2010,12,50,4,0,355965.23,351925.36,348593.99,354335.64,349874.8133333333
38,0,52.02,3.236,126.9835806,14.313,2010,12,51,4,0,334441.15,355965.23,360857.98,350797.42999999993,350194.5008333333
38,1,45.64,3.148,127.0876774,14.313,2010,12,52,4,0,369106.72,334441.15,351925.36,352859.615,350932.0125
38,0,37.64,3.287,127.1917742,14.021,2011,1,1,4,0,303908.81,369106.72,355965.23,340855.47750000004,346985.13333333336
38,0,43.15,3.312,127.3009355,14.021,2011,1,2,4,0,386344.54,303908.81,334441.15,348450.305,351035.24
38,0,53.53,3.223,127.4404839,14.021,2011,1,3,4,0,356138.79,386344.54,369106.72,353874.71499999997,352459.9575
38,0,50.74,3.342,127.5800323,14.021,2011,1,4,4,0,341098.08,356138.79,303908.81,346872.555,352449.8283333333
38,0,45.14,3.348,127.7195806,14.021,2011,2,5,4,0,357557.16,341098.08,386344.54,360284.64249999996,350507.08416666667
38,1,51.3,3.381,127.859129,14.021,2011,2,6,4,0,402341.76,357557.16,356138.79,364283.94749999995,355689.9641666666
38,0,53.35,3.43,127.99525,14.021,2011,2,7,4,0,377672.46,402341.76,341098.08,369667.365,358113.17
38,0,48.45,3.53,128.13,14.021,2011,2,8,4,0,364606.7,377672.46,357557.16,375544.52,358425.5633333333
38,0,51.72,3.674,128.26475,14.021,2011,3,9,4,0,354232.34,364606.7,402341.76,374713.31500000006,358617.8116666667
38,0,57.75,3.818,128.3995,14.021,2011,3,10,4,0,405429.43,354232.34,377672.46,375485.23250000004,362739.82833333337
38,0,64.21,3.692,128.5121935,14.021,2011,3,11,4,0,357897.18,405429.43,364606.7,370541.41250000003,364694.4975
38,0,54.4,3.909,128.6160645,14.021,2011,3,12,4,0,349459.95,357897.18,354232.34,366754.725,363057.26666666666
38,0,63.63,3.772,128.7199355,13.736,2011,4,13,4,0,351541.62,349459.95,405429.43,366082.04500000004,367026.6675
38,0,64.47,4.003,128.8238065,13.736,2011,4,14,4,0,382098.13,351541.62,357897.18,360249.22,366672.8
38,0,57.63,3.868,128.9107333,13.736,2011,4,15,4,0,392152.3,382098.13,349459.95,368813.0,369673.92583333334
38,0,72.12,4.134,128.9553,13.736,2011,4,16,4,0,362758.94,392152.3,351541.62,372137.7475,371478.9975
38,0,68.27,4.151,128.9998667,13.736,2011,4,17,4,0,362952.34,362758.94,382098.13,374990.4275,371928.5958333334
38,0,68.4,4.193,129.0444333,13.736,2011,5,18,4,0,344225.99,362952.34,392152.3,365522.3925,367085.615
38,0,70.93,4.202,129.089,13.736,2011,5,19,4,0,422186.65,344225.99,362758.94,373030.98,370795.13083333336
38,0,66.59,4.169,129.0756774,13.736,2011,5,20,4,0,366977.79,422186.65,362952.34,374085.6925,370992.7216666667
38,0,76.67,4.087,129.0623548,13.736,2011,5,21,4,0,365730.76,366977.79,344225.99,374780.2975,371950.92333333334
38,0,71.81,4.031,129.0490323,13.736,2011,6,22,4,0,356886.1,365730.76,422186.65,377945.325,367905.6458333333
38,0,78.72,3.981,129.0357097,13.736,2011,6,23,4,0,396826.06,356886.1,366977.79,371605.1775,371149.7191666667
38,0,86.84,3.935,129.0432,13.736,2011,6,24,4,0,381763.02,396826.06,365730.76,375301.485,373841.64166666666
38,0,88.95,3.898,129.0663,13.736,2011,6,25,4,0,356797.0,381763.02,356886.1,373068.04500000004,374279.59
38,0,89.85,3.842,129.0894,13.503,2011,7,26,4,0,354078.95,356797.0,396826.06,372366.2575,371944.6583333334
38,0,89.9,3.705,129.1125,13.503,2011,7,27,4,0,387334.04,354078.95,381763.02,369993.25250000006,371543.1366666667
38,0,88.1,3.692,129.1338387,13.503,2011,7,28,4,0,399699.17,387334.04,356797.0,374477.29000000004,374621.4891666667
38,0,91.17,3.794,129.1507742,13.503,2011,7,29,4,0,367181.71,399699.17,354078.95,377073.4675,374973.9366666667
38,0,93.29,3.805,129.1677097,13.503,2011,7,30,4,0,365562.67,367181.71,387334.04,379944.39749999996,376751.99333333335
38,0,90.61,3.803,129.1846452,13.503,2011,8,31,4,0,355131.33,365562.67,399699.17,371893.72,371164.05
38,0,91.04,3.701,129.2015806,13.503,2011,8,32,4,0,437631.44,355131.33,367181.71,381376.7875,377051.8541666667
38,0,91.74,3.743,129.2405806,13.503,2011,8,33,4,0,387844.05,437631.44,365562.67,386542.3725,378894.62833333336
38,0,94.61,3.74,129.2832581,13.503,2011,8,34,4,0,362224.7,387844.05,355131.33,385707.88,379339.51166666666
38,0,93.66,3.798,129.3259355,13.503,2011,9,35,4,0,365672.55,362224.7,437631.44,388343.185,376743.3858333333
38,1,88.0,3.913,129.3686129,13.503,2011,9,36,4,0,416953.51,365672.55,387844.05,383173.7025,379675.9266666667
38,0,76.36,3.918,129.4306,13.503,2011,9,37,4,0,397771.68,416953.51,362224.7,385655.61,383090.48333333334
38,0,82.95,3.789,129.5183333,13.503,2011,9,38,4,0,408188.88,397771.68,365672.55,397146.655,387599.6441666666
38,0,83.26,3.877,129.6060667,13.503,2011,9,39,4,0,394665.28,408188.88,416953.51,404394.8375,388210.5808333333
38,0,70.44,3.827,129.6938,12.89,2011,10,40,4,0,366819.84,394665.28,397771.68,391861.42000000004,385470.63666666666
38,0,67.31,3.805,129.7706452,12.89,2011,10,41,4,0,449516.29,366819.84,408188.88,404797.5725,392331.8516666666
38,0,73.05,3.842,129.7821613,12.89,2011,10,42,4,0,400430.78,449516.29,394665.28,402858.0475,395237.5275
38,0,67.41,3.727,129.7936774,12.89,2011,10,43,4,0,402709.17,400430.78,366819.84,404869.02,399202.3475
38,0,59.77,3.828,129.8051935,12.89,2011,11,44,4,0,378539.17,402709.17,449516.29,407798.85250000004,394277.9916666667
38,0,48.76,3.824,129.8167097,12.89,2011,11,45,4,0,436970.1,378539.17,400430.78,404662.305,398371.82916666666
38,0,54.2,3.813,129.8268333,12.89,2011,11,46,4,0,411116.95,436970.1,402709.17,407333.84750000003,402446.18333333335
38,1,53.25,3.622,129.8364,12.89,2011,11,47,4,0,392003.13,411116.95,378539.17,404657.3375,404640.3983333334
38,0,52.5,3.701,129.8459667,12.89,2011,12,48,4,0,393715.71,392003.13,436970.1,408451.4725,402703.915
38,0,42.17,3.644,129.8555333,12.89,2011,12,49,4,0,411252.02,393715.71,411116.95,402021.9525,403827.2766666667
38,0,43.29,3.6,129.8980645,12.89,2011,12,50,4,0,435401.64,411252.02,392003.13,408093.125,406095.00666666665
38,0,45.4,3.541,129.9845484,12.89,2011,12,51,4,0,404283.84,435401.64,393715.71,411163.3025,406896.5533333333
38,1,44.64,3.428,130.0710323,12.89,2011,12,52,4,0,419717.41,404283.84,411252.02,417663.72750000004,411304.68416666664
38,0,50.43,3.599,130.1575161,12.187,2012,1,1,4,0,342667.35,419717.41,435401.64,400517.56,402400.6058333333
38,0,48.07,3.657,130.244,12.187,2012,1,2,4,0,478483.2,342667.35,404283.84,411287.94999999995,408904.9741666666
38,0,46.2,3.66,130.2792258,12.187,2012,1,3,4,0,423260.82,478483.2,419717.41,416032.195,410617.61166666663
38,0,50.43,3.675,130.3144516,12.187,2012,1,4,4,0,405215.91,423260.82,342667.35,412406.81999999995,412840.67333333334
38,0,50.58,3.702,130.3496774,12.187,2012,2,5,4,0,412882.31,405215.91,478483.2,429960.56,410833.3575
38,1,52.27,3.722,130.3849032,12.187,2012,2,6,4,0,457711.68,412882.31,423260.82,424767.68000000005,414716.25166666665
38,0,51.8,3.781,130.4546207,12.187,2012,2,7,4,0,469787.38,457711.68,405215.91,436399.32,421198.2725
38,0,53.13,3.95,130.5502069,12.187,2012,2,8,4,0,415513.97,469787.38,412882.31,438973.835,423014.7941666667
38,0,52.27,4.178,130.6457931,12.187,2012,3,9,4,0,409411.61,415513.97,457711.68,438106.16000000003,422861.4266666666
38,0,54.54,4.25,130.7413793,12.187,2012,3,10,4,0,471115.38,409411.61,469787.38,441457.08499999996,425837.5716666667
38,0,64.44,4.273,130.8261935,12.187,2012,3,11,4,0,452792.53,471115.38,415513.97,437208.3725,429879.96249999997
38,0,56.26,4.038,130.8966452,12.187,2012,3,12,4,0,428465.11,452792.53,409411.61,440446.1575,430608.9375
38,0,64.36,4.294,130.9670968,12.187,2012,3,13,4,0,412456.48,428465.11,471115.38,441207.375,436424.6983333334
38,0,64.05,4.121,131.0375484,11.627,2012,4,14,4,0,408679.36,412456.48,452792.53,425598.37,430607.71166666667
38,0,64.28,4.254,131.108,11.627,2012,4,15,4,0,499267.66,408679.36,428465.11,437217.15249999997,436941.615
38,0,66.73,4.222,131.1173333,11.627,2012,4,16,4,0,435790.74,499267.66,412456.48,439048.56,439489.5175
38,0,77.99,4.193,131.1266667,11.627,2012,4,17,4,0,401615.8,435790.74,408679.36,436338.38999999996,438550.64166666666
38,0,76.03,4.171,131.136,11.627,2012,5,18,4,0,419964.77,401615.8,499267.66,439159.7425,435405.06583333324
38,0,77.27,4.186,131.1453333,11.627,2012,5,19,4,0,491755.69,419964.77,435790.74,437281.75,437235.7583333333
38,0,84.51,4.11,131.0983226,11.627,2012,5,20,4,0,429914.6,491755.69,401615.8,435812.715,438435.8108333333
38,0,83.84,4.293,131.0287742,11.627,2012,5,21,4,0,412314.71,429914.6,419964.77,438487.4425,438677.7358333333
38,0,78.11,4.277,130.9592258,11.627,2012,6,22,4,0,422810.12,412314.71,491755.69,439198.78,434652.2974999999
38,0,84.83,4.103,130.8896774,11.627,2012,6,23,4,0,435579.7,422810.12,429914.6,425154.78250000003,433217.895
38,0,85.94,4.144,130.8295333,11.627,2012,6,24,4,0,448110.25,435579.7,412314.71,429703.695,434854.99
38,0,91.61,4.014,130.7929,11.627,2012,6,25,4,0,430222.07,448110.25,422810.12,434180.53500000003,436335.45583333337
38,0,90.47,3.875,130.7562667,11.627,2012,6,26,4,0,405938.35,430222.07,435579.7,429962.59249999997,436107.03833333333
38,0,89.13,3.765,130.7196333,10.926,2012,7,27,4,0,404634.36,405938.35,448110.25,422226.25749999995,428220.93
38,0,95.61,3.723,130.683,10.926,2012,7,28,4,0,471086.22,404634.36,430222.07,427970.25,431162.22
38,0,85.53,3.726,130.7012903,10.926,2012,7,29,4,0,416036.75,471086.22,405938.35,424423.92000000004,432363.9658333333
38,0,93.47,3.769,130.7195806,10.926,2012,7,30,4,0,441683.74,416036.75,404634.36,433360.26749999996,434173.88000000006
38,0,88.16,3.76,130.737871,10.926,2012,8,31,4,0,407186.47,441683.74,471086.22,433998.29500000004,427126.445
39,0,70.03,2.78,209.170772,8.464,2010,4,17,4,0,1280231.85,1242874.98,1463942.62,1328521.1800000002,1271451.2841666667
39,0,74.86,2.835,209.1215867,8.464,2010,5,18,4,0,1263836.59,1280231.85,1327035.27,1278494.6725,1274221.2666666668
39,0,77.49,2.854,209.118536,8.464,2010,5,19,4,0,1355704.21,1263836.59,1242874.98,1285661.9075,1281677.5283333333
39,0,76.67,2.826,209.3922937,8.464,2010,5,20,4,0,1226997.7,1355704.21,1280231.85,1281692.5875,1281378.0058333334
39,0,80.22,2.759,209.6660514,8.464,2010,5,21,4,0,1350673.98,1226997.7,1263836.59,1299303.12,1296552.3358333332
39,0,79.83,2.705,209.9398091,8.464,2010,6,22,4,0,1365541.59,1350673.98,1355704.21,1324729.37,1304826.2841666667
39,0,81.78,2.668,210.2135668,8.464,2010,6,23,4,0,1512207.95,1365541.59,1226997.7,1363855.3050000002,1327144.2941666667
39,0,83.96,2.637,210.2108417,8.464,2010,6,24,4,0,1371405.33,1512207.95,1350673.98,1399957.2125,1332962.2275
39,0,83.24,2.653,210.0975233,8.464,2010,6,25,4,0,1368312.45,1371405.33,1365541.59,1404366.8299999998,1344063.71
39,0,81.35,2.669,209.984205,8.36,2010,7,26,4,0,1280414.8,1368312.45,1512207.95,1383085.1324999998,1328769.725
39,0,81.1,2.642,209.8708867,8.36,2010,7,27,4,0,1352547.7,1280414.8,1371405.33,1343170.07,1330895.7608333332
39,0,83.86,2.623,209.8630532,8.36,2010,7,28,4,0,1330473.47,1352547.7,1368312.45,1332937.105,1338195.635
39,0,82.2,2.608,209.9958663,8.36,2010,7,29,4,0,1339811.68,1330473.47,1280414.8,1325811.9124999999,1343160.6208333333
39,0,80.99,2.64,210.1286794,8.36,2010,7,30,4,0,1314651.83,1339811.68,1352547.7,1334371.17,1347395.2241666666
39,0,84.92,2.627,210.2614925,8.36,2010,8,31,4,0,1308222.24,1314651.83,1330473.47,1323289.805,1343438.3933333333
39,0,85.66,2.692,210.3943056,8.36,2010,8,32,4,0,1409989.67,1308222.24,1339811.68,1343168.855,1358687.7241666666
39,0,85.73,2.664,210.3617581,8.36,2010,8,33,4,0,1371465.66,1409989.67,1314651.83,1351082.35,1360420.3641666668
39,0,84.31,2.619,210.3292106,8.36,2010,8,34,4,0,1471816.52,1371465.66,1308222.24,1390373.5225,1369276.6083333334
39,0,82.13,2.577,210.2966631,8.36,2010,9,35,4,0,1417515.93,1471816.52,1409989.67,1417696.9449999998,1361385.6066666667
39,1,79.94,2.565,210.2641156,8.36,2010,9,36,4,0,1345167.61,1417515.93,1371465.66,1401491.43,1359199.13
39,0,81.83,2.582,210.2924504,8.36,2010,9,37,4,0,1279666.47,1345167.61,1471816.52,1378541.6324999998,1351811.965
39,0,78.5,2.624,210.3664469,8.36,2010,9,38,4,0,1252915.43,1279666.47,1417515.93,1323816.36,1349520.3508333333
39,0,72.74,2.603,210.4404433,8.476,2010,10,39,4,0,1199449.54,1252915.43,1345167.61,1269299.7625,1336762.1708333334
39,0,64.8,2.633,210.5144398,8.476,2010,10,40,4,0,1219583.91,1199449.54,1279666.47,1237903.8375,1327521.3741666665
39,0,69.96,2.72,210.5805944,8.476,2010,10,41,4,0,1286598.59,1219583.91,1252915.43,1239636.8675,1323086.95
39,0,71.73,2.725,210.6271444,8.476,2010,10,42,4,0,1238742.0,1286598.59,1199449.54,1236093.51,1316761.1308333334
39,0,75.14,2.716,210.6736944,8.476,2010,10,43,4,0,1261109.01,1238742.0,1219583.91,1251508.3775,1312835.0283333333
39,0,61.62,2.689,210.7202444,8.476,2010,11,44,4,0,1294769.08,1261109.01,1286598.59,1270304.67,1303233.3125
39,0,62.21,2.728,210.7667944,8.476,2010,11,45,4,0,1293707.19,1294769.08,1238742.0,1272081.82,1296753.44
39,0,55.5,2.771,210.65429,8.476,2010,11,46,4,0,1291398.71,1293707.19,1261109.01,1285245.9975,1281718.6224999998
39,1,67.75,2.735,210.5152765,8.476,2010,11,47,4,0,1370659.54,1291398.71,1294769.08,1312633.63,1277813.9233333333
39,0,53.55,2.708,210.376263,8.476,2010,12,48,4,0,2149355.2,1370659.54,1293707.19,1526280.1600000001,1344829.5558333334
39,0,50.81,2.843,210.2372494,8.476,2010,12,49,4,0,1431910.98,2149355.2,1291398.71,1560831.1075000002,1357516.5983333334
39,0,55.31,2.869,210.1787224,8.476,2010,12,50,4,0,1630564.48,1431910.98,1370659.54,1645622.5500000003,1388987.3525
39,0,58.86,2.886,210.1805602,8.476,2010,12,51,4,0,1842172.46,1630564.48,2149355.2,1763500.7799999998,1442547.5958333332
39,1,52.45,2.943,210.182398,8.476,2010,12,52,4,0,2495489.25,1842172.46,1431910.98,1850034.2925,1548873.0408333333
39,0,52.74,2.976,210.1842358,8.395,2011,1,1,4,0,1230012.16,2495489.25,1630564.48,1799559.5875,1544157.505
39,0,41.74,2.983,210.2379731,8.395,2011,1,2,4,0,1224475.12,1230012.16,1842172.46,1698037.2474999998,1542968.5983333334
39,0,50.25,3.016,210.6031072,8.395,2011,1,3,4,0,1193199.39,1224475.12,2495489.25,1535793.98,1537309.4633333336
39,0,47.94,3.01,210.9682412,8.395,2011,1,4,4,0,1243370.74,1193199.39,1230012.16,1222764.3525,1533026.2683333333
39,0,45.96,2.989,211.3333753,8.395,2011,2,5,4,0,1158698.44,1243370.74,1224475.12,1204935.9224999999,1521775.5391666668
39,1,40.34,3.022,211.6985093,8.395,2011,2,6,4,0,1343773.94,1158698.44,1193199.39,1234760.6275,1526140.1416666666
39,0,58.2,3.045,212.0063522,8.395,2011,2,7,4,0,1227893.89,1343773.94,1243370.74,1243434.2525,1514243.0041666664
39,0,67.77,3.065,212.2912786,8.395,2011,2,8,4,0,1335233.74,1227893.89,1158698.44,1266400.0025,1446399.5491666666
39,0,63.56,3.288,212.576205,8.395,2011,3,9,4,0,1240921.19,1335233.74,1343773.94,1286955.69,1430483.7333333334
39,0,58.35,3.459,212.8611313,8.395,2011,3,10,4,0,1316385.43,1240921.19,1227893.89,1280108.5625,1404302.1458333333
39,0,65.28,3.488,213.1096787,8.395,2011,3,11,4,0,1283716.81,1316385.43,1335233.74,1294064.2925,1357764.1749999998
39,0,71.17,3.473,213.3436744,8.395,2011,3,12,4,0,1348410.05,1283716.81,1240921.19,1297358.3699999999,1262174.2416666665
39,0,66.57,3.524,213.5776701,8.3,2011,4,13,4,0,1284334.79,1348410.05,1316385.43,1308211.77,1266701.1275000002
39,0,69.45,3.622,213.8116658,8.3,2011,4,14,4,0,1316849.36,1284334.79,1283716.81,1308327.7525,1274398.9808333332
39,0,73.19,3.743,214.026217,8.3,2011,4,15,4,0,1350646.16,1316849.36,1348410.05,1325060.09,1287519.545
39,0,74.98,3.807,214.1921572,8.3,2011,4,16,4,0,1348031.55,1350646.16,1284334.79,1324965.465,1296241.2791666668
39,0,76.47,3.81,214.3580974,8.3,2011,4,17,4,0,1563140.85,1348031.55,1316849.36,1394666.98,1329944.8133333332
39,0,68.75,3.906,214.5240376,8.3,2011,5,18,4,0,1379651.87,1563140.85,1350646.16,1410367.6075,1332934.6408333334
39,0,77.39,3.899,214.6899778,8.3,2011,5,19,4,0,1370920.87,1379651.87,1348031.55,1415436.2850000001,1344853.5558333334
39,0,73.31,3.907,214.465412,8.3,2011,5,20,4,0,1325022.77,1370920.87,1563140.85,1409684.09,1344002.6416666668
39,0,82.1,3.786,214.2408462,8.3,2011,5,21,4,0,1373907.21,1325022.77,1379651.87,1362375.6800000002,1355084.8099999998
39,0,83.59,3.699,214.0162805,8.3,2011,6,22,4,0,1406124.14,1373907.21,1370920.87,1368993.7475,1362563.0358333334
39,0,82.75,3.648,213.7917147,8.3,2011,6,23,4,0,1541745.59,1406124.14,1325022.77,1411699.9275,1384065.4341666668
39,0,85.21,3.637,213.7481256,8.3,2011,6,24,4,0,1442092.08,1541745.59,1373907.21,1440967.255,1391872.27
39,0,84.06,3.594,213.8402689,8.3,2011,6,25,4,0,1451392.67,1442092.08,1406124.14,1460338.62,1405793.76
39,0,84.93,3.524,213.9324122,8.177,2011,7,26,4,0,1363167.95,1451392.67,1541745.59,1449599.5725,1409653.6425
39,0,84.33,3.48,214.0245556,8.177,2011,7,27,4,0,1429829.36,1363167.95,1442092.08,1421620.5150000001,1416252.2425
39,0,85.96,3.575,214.1083654,8.177,2011,7,28,4,0,1414564.53,1429829.36,1451392.67,1414738.6275,1421796.6575
39,0,84.6,3.651,214.1713416,8.177,2011,7,29,4,0,1380257.12,1414564.53,1363167.95,1396954.74,1406556.3466666667
39,0,86.24,3.682,214.2343177,8.177,2011,7,30,4,0,1416005.59,1380257.12,1429829.36,1410164.15,1409585.8233333335
39,0,87.73,3.684,214.2972939,8.177,2011,8,31,4,0,1426418.53,1416005.59,1414564.53,1409311.4425000001,1414210.6283333332
39,0,88.27,3.638,214.3602701,8.177,2011,8,32,4,0,1518790.89,1426418.53,1380257.12,1435368.0325000002,1430357.9716666667
39,0,87.93,3.554,214.4239935,8.177,2011,8,33,4,0,1514055.97,1518790.89,1416005.59,1468817.745,1442037.035
39,0,86.49,3.523,214.4878416,8.177,2011,8,34,4,0,1629066.9,1514055.97,1426418.53,1522083.0725,1460615.5983333334
39,0,88.65,3.533,214.5516896,8.177,2011,9,35,4,0,1573898.63,1629066.9,1518790.89,1558953.0975,1463295.0183333333
39,1,79.15,3.546,214.6155376,8.177,2011,9,36,4,0,1465089.85,1573898.63,1514055.97,1545527.8375000001,1465211.4991666668
39,0,83.11,3.526,214.7934111,8.177,2011,9,37,4,0,1429345.86,1465089.85,1629066.9,1524350.31,1463374.265
39,0,78.75,3.467,215.1233185,8.177,2011,9,38,4,0,1372500.63,1429345.86,1573898.63,1460208.7425000002,1464151.9883333333
39,0,81.51,3.355,215.4532259,8.177,2011,9,39,4,0,1338657.95,1372500.63,1465089.85,1401398.5725,1456554.3708333333
39,0,71.68,3.285,215.7831333,7.716,2011,10,40,4,0,1311775.83,1338657.95,1429345.86,1363070.0675,1447988.6458333333
39,0,73.79,3.274,216.0885258,7.716,2011,10,41,4,0,1443884.39,1311775.83,1372500.63,1366704.7,1453290.9183333332
39,0,67.65,3.353,216.2468287,7.716,2011,10,42,4,0,1384721.84,1443884.39,1338657.95,1369760.0025,1450683.9391666667
39,0,71.05,3.372,216.4051315,7.716,2011,10,43,4,0,1465283.29,1384721.84,1311775.83,1401416.3375,1453922.6691666667
39,0,58.04,3.332,216.5634344,7.716,2011,11,44,4,0,1472663.1,1465283.29,1443884.39,1441638.155,1450078.6866666665
39,0,63.11,3.297,216.7217373,7.716,2011,11,45,4,0,1553629.59,1472663.1,1384721.84,1469074.455,1453376.4883333333
39,0,66.09,3.308,216.9395861,7.716,2011,11,46,4,0,1456957.38,1553629.59,1465283.29,1487133.34,1439034.0283333333
39,1,66.36,3.236,217.1812533,7.716,2011,11,47,4,0,1510397.27,1456957.38,1472663.1,1498411.835,1433742.2483333333
39,0,53.14,3.172,217.4229206,7.716,2011,12,48,4,0,2338832.4,1510397.27,1553629.59,1714954.16,1506554.1275000002
39,0,49.36,3.158,217.6645878,7.716,2011,12,49,4,0,1632894.58,2338832.4,1456957.38,1734770.4075,1523516.5208333333
39,0,58.58,3.159,217.8781339,7.716,2011,12,50,4,0,1781528.77,1632894.58,1510397.27,1815913.255,1557602.1991666665
39,0,54.62,3.112,218.0541851,7.716,2011,12,51,4,0,1991824.05,1781528.77,2338832.4,1936269.9500000002,1612032.7074999998
39,1,47.6,3.129,218.2302364,7.716,2011,12,52,4,0,2554482.84,1991824.05,1632894.58,1990182.56,1715591.625
39,0,55.83,3.157,218.4062876,7.244,2012,1,1,4,0,1537139.56,2554482.84,1781528.77,1966243.8050000002,1723362.889166667
39,0,54.66,3.261,218.5823389,7.244,2012,1,2,4,0,1478537.93,1537139.56,1991824.05,1890496.0950000002,1731180.8966666667
39,0,58.04,3.268,218.6755292,7.244,2012,1,3,4,0,1369125.37,1478537.93,2554482.84,1734821.425,1723167.7366666666
39,0,60.65,3.29,218.7687195,7.244,2012,1,4,4,0,1394841.03,1369125.37,1537139.56,1444910.9725000001,1716682.5641666667
39,0,60.69,3.36,218.8619099,7.244,2012,2,5,4,0,1320301.61,1394841.03,1478537.93,1390701.4849999999,1697238.5658333332
39,1,52.89,3.409,218.9551002,7.244,2012,2,6,4,0,1396150.15,1320301.61,1369125.37,1370104.54,1692171.2966666669
39,0,52.75,3.51,219.1148297,7.244,2012,2,7,4,0,1442988.44,1396150.15,1394841.03,1388570.3074999999,1686553.8941666668
39,0,61.1,3.555,219.3244636,7.244,2012,2,8,4,0,1511041.69,1442988.44,1320301.61,1417620.4725,1617571.335
39,0,64.05,3.63,219.5340975,7.244,2012,3,9,4,0,1412065.04,1511041.69,1396150.15,1440561.3299999998,1599168.8733333333
39,0,61.64,3.669,219.7437314,7.244,2012,3,10,4,0,1453047.02,1412065.04,1442988.44,1454785.5475,1571795.3941666668
39,0,65.81,3.734,219.8956335,7.244,2012,3,11,4,0,1470764.35,1453047.02,1511041.69,1461729.525,1528373.7525000002
39,0,67.91,3.787,219.9705599,7.244,2012,3,12,4,0,1522421.07,1470764.35,1412065.04,1464574.37,1442368.6050000002
39,0,69.11,3.845,220.0454862,7.244,2012,3,13,4,0,1469593.37,1522421.07,1453047.02,1478956.4525000001,1436739.7558333334
39,0,73.49,3.891,220.1204125,6.989,2012,4,14,4,0,1499727.02,1469593.37,1470764.35,1490626.4525000001,1438505.5133333334
39,0,71.59,3.891,220.1953389,6.989,2012,4,15,4,0,1764847.94,1499727.02,1522421.07,1564147.35,1471482.3941666668
39,0,70.04,3.877,220.2483937,6.989,2012,4,16,4,0,1580732.73,1764847.94,1469593.37,1578725.2650000001,1486973.3691666666
39,0,69.11,3.814,220.3014485,6.989,2012,4,17,4,0,1433391.04,1580732.73,1499727.02,1569674.6825,1496397.4883333333
39,0,77.15,3.749,220.3545033,6.989,2012,5,18,4,0,1456997.2,1433391.04,1764847.94,1558992.2275,1501468.0758333334
39,0,75.52,3.688,220.4075581,6.989,2012,5,19,4,0,1512227.34,1456997.2,1580732.73,1495837.0775000001,1507237.9841666666
39,0,72.36,3.63,220.4252149,6.989,2012,5,20,4,0,1470792.41,1512227.34,1433391.04,1468351.9974999998,1503883.8775000002
39,0,78.31,3.561,220.4287124,6.989,2012,5,21,4,0,1522978.54,1470792.41,1456997.2,1490748.8724999998,1513126.6691666667
39,0,80.33,3.501,220.4322099,6.989,2012,6,22,4,0,1596036.66,1522978.54,1512227.34,1525508.7375,1525042.4725
39,0,81.12,3.452,220.4357073,6.989,2012,6,23,4,0,1640476.77,1596036.66,1470792.41,1557571.0949999997,1539185.174166667
39,0,81.33,3.393,220.4494148,6.989,2012,6,24,4,0,1623442.24,1640476.77,1522978.54,1595733.5525,1547603.6050000002
39,0,79.84,3.346,220.4886472,6.989,2012,6,25,4,0,1587499.82,1623442.24,1596036.66,1611863.8725,1557429.1425
39,0,85.72,3.286,220.5278796,6.989,2012,6,26,4,0,1532316.79,1587499.82,1640476.77,1595933.905,1560144.9566666668
39,0,81.05,3.227,220.567112,6.623,2012,7,27,4,0,1492388.98,1532316.79,1623442.24,1558911.9575,1537440.0433333332
39,0,78.16,3.256,220.6063444,6.623,2012,7,28,4,0,1659221.99,1492388.98,1587499.82,1567856.895,1543980.8149999997
39,0,80.32,3.311,220.6148749,6.623,2012,7,29,4,0,1471261.76,1659221.99,1532316.79,1538797.38,1547136.7083333333
39,0,82.89,3.407,220.6234054,6.623,2012,7,30,4,0,1582168.27,1471261.76,1492388.98,1551260.25,1557567.6308333334
39,0,84.05,3.417,220.6319358,6.623,2012,8,31,4,0,1487797.54,1582168.27,1659221.99,1550112.39,1555531.8141666667
40,0,46.5,2.935,132.0644333,5.435,2010,4,17,4,0,844958.49,882636.96,1041202.13,922159.1924999999,923654.1691666666
40,0,60.05,2.981,132.1062,5.435,2010,5,18,4,0,816838.31,844958.49,919839.19,866068.2375,908228.7116666668
40,0,45.5,2.983,132.152129,5.435,2010,5,19,4,0,1009797.06,816838.31,882636.96,888557.7050000001,912766.9424999999
40,0,56.75,2.961,132.2230323,5.435,2010,5,20,4,0,907262.47,1009797.06,844958.49,894714.0825,912014.715
40,0,67.88,2.906,132.2939355,5.435,2010,5,21,4,0,885613.91,907262.47,816838.31,904877.9375,913822.7566666667
40,0,65.7,2.857,132.3648387,5.435,2010,6,22,4,0,1008483.07,885613.91,1009797.06,952789.1275000001,915350.3225000001
40,0,59.42,2.83,132.4357419,5.435,2010,6,23,4,0,1052429.03,1008483.07,907262.47,963447.1200000001,928106.7083333334
40,0,60.97,2.805,132.4733333,5.435,2010,6,24,4,0,1007574.67,1052429.03,885613.91,988525.17,937499.1558333333
40,0,69.72,2.81,132.4976,5.435,2010,6,25,4,0,973105.3,1007574.67,1008483.07,1010398.0175,945811.7158333333
40,0,65.47,2.815,132.5218667,5.326,2010,7,26,4,0,940405.03,973105.3,1052429.03,993378.5075000001,937411.9575
40,0,76.67,2.806,132.5461333,5.326,2010,7,27,4,0,1087578.78,940405.03,1007574.67,1002165.945,951390.2566666667
40,0,74.25,2.796,132.5667742,5.326,2010,7,28,4,0,1058250.91,1087578.78,973105.3,1014835.0049999999,966024.7525000001
40,0,71.79,2.784,132.5825806,5.326,2010,7,29,4,0,959229.09,1058250.91,940405.03,1011365.9525,975547.3025000001
40,0,71.35,2.792,132.5983871,5.326,2010,7,30,4,0,922341.82,959229.09,1087578.78,1006850.1499999999,984339.2616666667
40,0,69.16,2.792,132.6141935,5.326,2010,8,31,4,0,953393.02,922341.82,1058250.91,973303.71,979638.9250000002
40,0,67.47,2.81,132.63,5.326,2010,8,32,4,0,1057295.87,953393.02,959229.09,973064.95,992141.7083333334
40,0,67.05,2.796,132.6616129,5.326,2010,8,33,4,0,924011.76,1057295.87,922341.82,964260.6174999999,995341.5291666667
40,0,62.57,2.77,132.6932258,5.326,2010,8,34,4,0,932397.0,924011.76,953393.02,966774.4125000001,989001.0233333333
40,0,70.66,2.735,132.7248387,5.326,2010,9,35,4,0,922328.02,932397.0,1057295.87,959008.1625000001,978159.2725000001
40,1,62.75,2.717,132.7564516,5.326,2010,9,36,4,0,976453.34,922328.02,924011.76,938797.53,975565.8283333335
40,0,55.34,2.716,132.7670667,5.326,2010,9,37,4,0,967310.82,976453.34,932397.0,949622.295,975082.9550000001
40,0,55.63,2.718,132.7619333,5.326,2010,9,38,4,0,855046.95,967310.82,922328.02,930284.7825,967969.7816666667
40,0,62.01,2.717,132.7568,5.287,2010,10,39,4,0,844373.31,855046.95,976453.34,910796.105,947702.6591666667
40,0,52.02,2.776,132.7516667,5.287,2010,10,40,4,0,891152.33,844373.31,967310.82,889470.8524999999,933777.7775
40,0,44.56,2.878,132.7633548,5.287,2010,10,41,4,0,972405.38,891152.33,855046.95,890744.4924999999,934875.8016666666
40,0,41.25,2.919,132.8170968,5.287,2010,10,42,4,0,917883.17,972405.38,844373.31,906453.5475,934504.2475
40,0,47.1,2.938,132.8708387,5.287,2010,10,43,4,0,882180.91,917883.17,891152.33,915905.4475,928569.9049999999
40,0,36.45,2.938,132.9245806,5.287,2010,11,44,4,0,875038.84,882180.91,972405.38,911877.0750000001,913381.8191666667
40,0,38.5,2.961,132.9783226,5.287,2010,11,45,4,0,968270.66,875038.84,917883.17,910843.395,917070.0608333334
40,0,40.52,3.03,132.9172,5.287,2010,11,46,4,0,935481.32,968270.66,882180.91,915242.9325,917327.0875
40,1,32.94,3.07,132.8369333,5.287,2010,11,47,4,0,852452.93,935481.32,875038.84,907810.9375,911504.1633333332
40,0,33.6,3.065,132.7566667,5.287,2010,12,48,4,0,1166142.85,852452.93,968270.66,980586.94,927311.6224999999
40,0,21.64,3.132,132.6764,5.287,2010,12,49,4,0,1000582.06,1166142.85,935481.32,988664.79,930084.2258333332
40,0,23.01,3.139,132.6804516,5.287,2010,12,50,4,0,1111215.72,1000582.06,852452.93,1032598.39,951431.6233333334
40,0,24.18,3.15,132.7477419,5.287,2010,12,51,4,0,1179036.3,1111215.72,1166142.85,1114244.2325,979320.2058333332
40,1,19.29,3.177,132.8150323,5.287,2010,12,52,4,0,1648829.18,1179036.3,1000582.06,1234915.815,1042459.9433333334
40,0,24.05,3.193,132.8823226,5.114,2011,1,1,4,0,811318.3,1648829.18,1111215.72,1187599.875,1029036.02
40,0,18.55,3.215,132.9510645,5.114,2011,1,2,4,0,894280.19,811318.3,1179036.3,1133365.9925,1027069.105
40,0,14.64,3.232,133.0285161,5.114,2011,1,3,4,0,771315.62,894280.19,1648829.18,1031435.8225,1017830.3308333334
40,0,9.51,3.243,133.1059677,5.114,2011,1,4,4,0,764014.75,771315.62,811318.3,810232.215,1008578.3233333334
40,0,13.29,3.24,133.1834194,5.114,2011,2,5,4,0,775910.43,764014.75,894280.19,801380.2474999999,992548.3041666667
40,1,16.87,3.255,133.260871,5.114,2011,2,6,4,0,904261.65,775910.43,771315.62,803875.6124999999,989946.665
40,0,21.82,3.263,133.3701429,5.114,2011,2,7,4,0,931939.52,904261.65,764014.75,844031.5875,996570.5475
40,0,16.5,3.281,133.4921429,5.114,2011,2,8,4,0,968694.45,931939.52,775910.43,895201.5125000001,980116.5141666667
40,0,18.49,3.437,133.6141429,5.114,2011,3,9,4,0,888869.27,968694.45,904261.65,923441.2225,970807.1150000001
40,0,30.53,3.6,133.7361429,5.114,2011,3,10,4,0,977070.62,888869.27,931939.52,941643.4650000001,959628.3566666666
40,0,35.76,3.634,133.8492258,5.114,2011,3,11,4,0,860255.58,977070.62,968694.45,923722.48,933063.2966666667
40,0,28.89,3.624,133.9587419,5.114,2011,3,12,4,0,871024.26,860255.58,888869.27,899304.9325,868246.2199999999
40,0,28.6,3.638,134.0682581,4.781,2011,4,13,4,0,834621.39,871024.26,977070.62,885742.9624999999,870188.1441666667
40,0,34.77,3.72,134.1777742,4.781,2011,4,14,4,0,841889.08,834621.39,860255.58,851947.5774999999,865822.2183333334
40,0,43.69,3.823,134.2784667,4.781,2011,4,15,4,0,947753.32,841889.08,871024.26,873822.0125,880525.36
40,0,39.32,3.919,134.3571,4.781,2011,4,16,4,0,874446.32,947753.32,834621.39,874677.5275,889727.9908333332
40,0,52.68,3.988,134.4357333,4.781,2011,4,17,4,0,965056.4,874446.32,841889.08,907286.2799999999,905490.1549999999
40,0,50.81,4.078,134.5143667,4.781,2011,5,18,4,0,847246.5,965056.4,947753.32,908625.635,900738.8925
40,0,54.09,4.095,134.593,4.781,2011,5,19,4,0,1016752.55,847246.5,874446.32,925875.4424999999,907806.645
40,0,56.38,4.101,134.6803871,4.781,2011,5,20,4,0,903864.02,1016752.55,965056.4,933229.8674999999,902404.1091666667
40,0,63.11,4.034,134.7677742,4.781,2011,5,21,4,0,907110.83,903864.02,847246.5,918743.475,903924.2391666666
40,0,66.16,3.973,134.8551613,4.781,2011,6,22,4,0,972373.81,907110.83,1016752.55,950025.3025,903532.8383333334
40,0,64.19,3.924,134.9425484,4.781,2011,6,23,4,0,1075687.74,972373.81,903864.02,964759.1000000001,921485.5183333334
40,0,59.16,3.873,135.0837333,4.781,2011,6,24,4,0,984336.04,1075687.74,907110.83,984877.105,930928.1666666666
40,0,62.59,3.851,135.2652667,4.781,2011,6,25,4,0,971422.67,984336.04,972373.81,1000955.0650000001,942328.2733333333
40,0,65.25,3.815,135.4468,4.584,2011,7,26,4,0,977103.64,971422.67,1075687.74,1002137.5225000001,953596.1533333333
40,0,67.86,3.784,135.6283333,4.584,2011,7,27,4,0,1048866.3,977103.64,984336.04,995432.1625000001,962022.235
40,0,68.9,3.827,135.7837419,4.584,2011,7,28,4,0,1107366.06,1048866.3,971422.67,1026189.6675,981432.2133333334
40,0,73.34,3.882,135.8738387,4.584,2011,7,29,4,0,953252.14,1107366.06,977103.64,1021647.035,980448.525
40,0,67.45,3.898,135.9639355,4.584,2011,7,30,4,0,980642.1,953252.14,1048866.3,1022531.65,991564.8250000001
40,0,68.1,3.903,136.0540323,4.584,2011,8,31,4,0,929096.9,980642.1,1107366.06,992589.2999999999,984260.1875
40,0,68.3,3.88,136.144129,4.584,2011,8,32,4,0,1063818.2,929096.9,953252.14,981702.335,997589.7025
40,0,64.05,3.82,136.183129,4.584,2011,8,33,4,0,955506.95,1063818.2,980642.1,982266.0375000001,1001622.7125
40,0,65.01,3.796,136.2136129,4.584,2011,8,34,4,0,943237.12,955506.95,929096.9,972914.7925,999194.6549999999
40,0,63.79,3.784,136.2440968,4.584,2011,9,35,4,0,969611.3,943237.12,1063818.2,983043.3925000001,990354.9516666667
40,1,64.83,3.809,136.2745806,4.584,2011,9,36,4,0,957298.26,969611.3,955506.95,956413.4075,988101.8033333333
40,0,58.28,3.809,136.3145,4.584,2011,9,37,4,0,1021391.99,957298.26,943237.12,972884.6675,992265.9133333334
40,0,54.09,3.758,136.367,4.584,2011,9,38,4,0,890661.79,1021391.99,969611.3,959740.8350000001,985062.4258333333
40,0,63.45,3.684,136.4195,4.584,2011,9,39,4,0,876583.98,890661.79,957298.26,936484.005,970705.5658333333
40,0,50.21,3.633,136.472,4.42,2011,10,40,4,0,912857.1,876583.98,1021391.99,925373.7150000001,954496.4858333333
40,0,53.9,3.583,136.5150968,4.42,2011,10,41,4,0,1070389.98,912857.1,890661.79,937623.2124999999,964257.9725
40,0,51.61,3.618,136.5017742,4.42,2011,10,42,4,0,936751.68,1070389.98,876583.98,949145.6849999999,960600.4375
40,0,42.09,3.604,136.4884516,4.42,2011,10,43,4,0,942319.65,936751.68,912857.1,965579.6025,961702.3333333334
40,0,35.4,3.586,136.475129,4.42,2011,11,44,4,0,941675.95,942319.65,1070389.98,972784.3150000001,951523.8125
40,0,40.75,3.57,136.4618065,4.42,2011,11,45,4,0,1011321.18,941675.95,936751.68,958017.1150000001,956174.9983333334
40,0,41.85,3.571,136.4666667,4.42,2011,11,46,4,0,1037687.07,1011321.18,942319.65,983250.9625,964045.8275
40,1,32.76,3.536,136.4788,4.42,2011,11,47,4,0,905399.99,1037687.07,941675.95,974021.0475000001,958694.8849999999
40,0,38.51,3.501,136.4909333,4.42,2011,12,48,4,0,1230011.95,905399.99,1011321.18,1046105.0475,981421.0258333334
40,0,34.48,3.47,136.5030667,4.42,2011,12,49,4,0,1059676.62,1230011.95,1037687.07,1058193.9075,984611.4116666666
40,0,29.53,3.445,136.5335161,4.42,2011,12,50,4,0,1158708.98,1059676.62,905399.99,1088449.385,1006948.6775000001
40,0,24.46,3.413,136.5883871,4.42,2011,12,51,4,0,1198670.19,1158708.98,1230011.95,1161766.935,1033789.195
40,1,18.75,3.402,136.6432581,4.42,2011,12,52,4,0,1601585.7,1198670.19,1059676.62,1254660.3725,1091183.245
40,0,23.29,3.439,136.698129,4.261,2012,1,1,4,0,908853.15,1601585.7,1158708.98,1216954.505,1077721.8425
40,0,25.9,3.523,136.753,4.261,2012,1,2,4,0,954576.86,908853.15,1198670.19,1165921.475,1079207.2741666667
40,0,14.02,3.542,136.8564194,4.261,2012,1,3,4,0,780607.52,954576.86,1601585.7,1061405.8075,1065731.2633333334
40,0,22.91,3.568,136.9598387,4.261,2012,1,4,4,0,811365.42,780607.52,908853.15,863850.7374999999,1054872.0525
40,0,27.86,3.633,137.0632581,4.261,2012,2,5,4,0,770157.29,811365.42,954576.86,829176.7725,1034775.0616666666
40,1,23.92,3.655,137.1666774,4.261,2012,2,6,4,0,979552.34,770157.29,780607.52,835420.6425000001,1029930.5008333335
40,0,25.56,3.703,137.2583103,4.261,2012,2,7,4,0,999785.48,979552.34,811365.42,890215.1325000001,1037795.9583333334
40,0,29.88,3.751,137.3411034,4.261,2012,2,8,4,0,975500.87,999785.48,770157.29,931248.995,1016586.7016666667
40,0,23.79,3.827,137.4238966,4.261,2012,3,9,4,0,919301.81,975500.87,979552.34,968535.125,1004888.8008333334
40,0,30.58,3.876,137.5066897,4.261,2012,3,10,4,0,927732.02,919301.81,999785.48,955580.045,985640.7208333333
40,0,37.13,3.867,137.5843871,4.261,2012,3,11,4,0,954233.87,927732.02,975500.87,944192.1425000001,965271.0275
40,0,52.27,3.889,137.6552903,4.261,2012,3,12,4,0,891154.18,954233.87,919301.81,923105.4700000001,906068.4008333333
40,0,36.25,3.921,137.7261935,4.261,2012,3,13,4,0,844490.86,891154.18,927732.02,904402.7325,900704.8766666668
40,0,36.54,3.957,137.7970968,4.125,2012,4,14,4,0,871945.64,844490.86,954233.87,890456.1375000001,893818.9416666665
40,0,40.65,4.025,137.868,4.125,2012,4,15,4,0,1132064.23,871945.64,891154.18,934913.7275,923107.0008333334
40,0,55.3,4.046,137.9230667,4.125,2012,4,16,4,0,857811.17,1132064.23,844490.86,926577.975,926977.48
40,0,47.51,4.023,137.9781333,4.125,2012,4,17,4,0,896979.93,857811.17,871945.64,939700.2425,937546.0333333332
40,0,44.47,3.991,138.0332,4.125,2012,5,18,4,0,875372.91,896979.93,1132064.23,940557.06,928864.4141666666
40,0,52.06,3.947,138.0882667,4.125,2012,5,19,4,0,993311.59,875372.91,857811.17,905868.9,928324.9233333335
40,0,57.59,3.899,138.1065806,4.125,2012,5,20,4,0,967729.35,993311.59,896979.93,933348.4450000001,927677.2966666667
40,0,65.25,3.85,138.1101935,4.125,2012,5,21,4,0,896295.41,967729.35,875372.91,933177.315,925760.0966666667
40,0,64.75,3.798,138.1138065,4.125,2012,6,22,4,0,991054.49,896295.41,993311.59,962097.71,931036.9691666666
40,0,55.78,3.746,138.1174194,4.125,2012,6,23,4,0,1037464.27,991054.49,967729.35,973135.88,937972.8358333334
40,0,63.39,3.683,138.1295333,4.125,2012,6,24,4,0,1079386.88,1037464.27,896295.41,1001050.2625,953658.8941666667
40,0,69.32,3.629,138.1629,4.125,2012,6,25,4,0,977950.28,1079386.88,991054.49,1021463.98,964780.5125000001
40,0,64.42,3.577,138.1962667,4.125,2012,6,26,4,0,1033552.18,977950.28,1037464.27,1032088.4025,978247.7241666667
40,0,69.08,3.538,138.2296333,4.156,2012,7,27,4,0,988764.84,1033552.18,1079386.88,1019913.5449999999,966306.1083333334
40,0,67.48,3.561,138.263,4.156,2012,7,28,4,0,1182901.56,988764.84,977950.28,1045792.2150000001,993396.9741666667
40,0,70.45,3.61,138.2331935,4.156,2012,7,29,4,0,979848.71,1182901.56,1033552.18,1046266.8225,1000302.7058333334
40,0,67.88,3.701,138.2033871,4.156,2012,7,30,4,0,968502.38,979848.71,988764.84,1030004.3725,1008063.4950000001
40,0,70.15,3.698,138.1735806,4.156,2012,8,31,4,0,954396.85,968502.38,1182901.56,1021412.375,1004820.6000000001
41,0,40.2,2.766,189.575127,7.363,2010,4,17,4,0,1067340.74,1043388.79,1168826.39,1090428.5325,1056435.7891666668
41,0,41.5,2.771,189.5312483,7.363,2010,5,18,4,0,1063960.11,1067340.74,1082158.21,1064211.9625000001,1054554.7
41,0,40.23,2.788,189.4904116,7.363,2010,5,19,4,0,1175738.22,1063960.11,1043388.79,1087606.965,1062894.8566666667
41,0,50.59,2.776,189.467827,7.363,2010,5,20,4,0,1116439.02,1175738.22,1067340.74,1105869.5225,1068261.88
41,0,56.97,2.737,189.4452425,7.363,2010,5,21,4,0,1163234.33,1116439.02,1063960.11,1129842.92,1082536.2633333334
41,0,60.13,2.7,189.422658,7.363,2010,6,22,4,0,1246654.24,1163234.33,1175738.22,1175516.4525,1097794.3258333334
41,0,63.36,2.684,189.4000734,7.363,2010,6,23,4,0,1305068.1,1246654.24,1116439.02,1207848.9225,1121216.8583333332
41,0,54.9,2.674,189.4185259,7.363,2010,6,24,4,0,1217199.39,1305068.1,1163234.33,1233039.0150000001,1138767.0
41,0,66.0,2.715,189.4533931,7.363,2010,6,25,4,0,1202963.06,1217199.39,1246654.24,1242971.1975,1154414.2166666668
41,0,69.39,2.728,189.4882603,7.335,2010,7,26,4,0,1174209.52,1202963.06,1305068.1,1224860.0175,1154862.8108333333
41,0,60.93,2.711,189.5231276,7.335,2010,7,27,4,0,1273279.79,1174209.52,1217199.39,1216912.94,1170789.6091666666
41,0,69.06,2.699,189.6125456,7.335,2010,7,28,4,0,1176079.59,1273279.79,1202963.06,1206632.99,1181847.1758333333
41,0,70.77,2.691,189.774698,7.335,2010,7,29,4,0,1179788.38,1176079.59,1174209.52,1200839.32,1191217.8125
41,0,70.07,2.69,189.9368504,7.335,2010,7,30,4,0,1192213.87,1179788.38,1273279.79,1205340.4075,1201905.6258333335
41,0,69.21,2.69,190.0990028,7.335,2010,8,31,4,0,1211136.63,1192213.87,1176079.59,1189804.6175,1204855.4933333334
41,0,70.24,2.723,190.2611552,7.335,2010,8,32,4,0,1338132.72,1211136.63,1179788.38,1230317.9,1223329.9683333335
41,0,66.19,2.732,190.2948237,7.335,2010,8,33,4,0,1285976.53,1338132.72,1192213.87,1256864.9375,1233558.485
41,0,70.59,2.731,190.3284922,7.335,2010,8,34,4,0,1353838.39,1285976.53,1211136.63,1297271.0675,1242490.4975
41,0,64.13,2.773,190.3621607,7.335,2010,9,35,4,0,1173131.63,1353838.39,1338132.72,1287769.8175,1231495.7916666667
41,1,63.3,2.78,190.3958293,7.335,2010,9,36,4,0,1223355.5,1173131.63,1285976.53,1259075.5125,1232008.8008333333
41,0,62.4,2.8,190.4688287,7.335,2010,9,37,4,0,1172672.27,1223355.5,1353838.39,1230749.4474999998,1229484.5683333331
41,0,60.11,2.793,190.5713264,7.335,2010,9,38,4,0,1111170.91,1172672.27,1173131.63,1170082.5775,1224231.3508333333
41,0,62.67,2.759,190.6738241,7.508,2010,10,39,4,0,1110941.78,1111170.91,1223355.5,1154535.115,1210703.1833333333
41,0,57.1,2.745,190.7763218,7.508,2010,10,40,4,0,1109216.35,1110941.78,1172672.27,1126000.3275000001,1205131.2466666666
41,0,49.91,2.762,190.8623087,7.508,2010,10,41,4,0,1162042.24,1109216.35,1111170.91,1123342.82,1203652.4016666666
41,0,48.09,2.762,190.9070184,7.508,2010,10,42,4,0,1133913.33,1162042.24,1110941.78,1129028.425,1198794.0233333332
41,0,42.16,2.748,190.951728,7.508,2010,10,43,4,0,1156003.7,1133913.33,1109216.35,1140293.905,1194199.6125
41,0,46.74,2.729,190.9964377,7.508,2010,11,44,4,0,1144854.56,1156003.7,1162042.24,1149203.4575,1178093.0991666666
41,0,38.99,2.737,191.0411474,7.508,2010,11,45,4,0,1163878.49,1144854.56,1133913.33,1149662.52,1167918.2625
41,0,31.34,2.758,191.0312172,7.508,2010,11,46,4,0,1175326.23,1163878.49,1156003.7,1160015.7449999999,1153042.2491666665
41,1,25.3,2.742,191.0121805,7.508,2010,11,47,4,0,1172155.28,1175326.23,1144854.56,1164053.6400000001,1152960.8866666667
41,0,33.0,2.712,190.9931437,7.508,2010,12,48,4,0,1866681.57,1172155.28,1163878.49,1344510.3925,1206571.3925
41,0,33.9,2.728,190.9741069,7.508,2010,12,49,4,0,1220115.75,1866681.57,1175326.23,1358569.7075,1210525.0158333334
41,0,31.51,2.778,191.0303376,7.508,2010,12,50,4,0,1434908.13,1220115.75,1172155.28,1423465.1825,1237503.1175
41,0,29.81,2.781,191.1430189,7.508,2010,12,51,4,0,1627904.68,1434908.13,1866681.57,1537402.5325,1280583.3591666666
41,1,25.19,2.829,191.2557002,7.508,2010,12,52,4,0,2225016.73,1627904.68,1220115.75,1626986.3224999998,1373566.7241666666
41,0,23.76,2.882,191.3683815,7.241,2011,1,1,4,0,1001790.16,2225016.73,1434908.13,1572404.9249999998,1360212.3841666665
41,0,22.44,2.911,191.4784939,7.241,2011,1,2,4,0,1153596.53,1001790.16,1627904.68,1502077.025,1361852.6508333331
41,0,32.7,2.973,191.5731924,7.241,2011,1,3,4,0,1052609.16,1153596.53,2225016.73,1358253.145,1353236.4391666667
41,0,32.23,3.008,191.667891,7.241,2011,1,4,4,0,1088025.8,1052609.16,1001790.16,1074005.4125,1348500.7091666667
41,0,14.56,3.011,191.7625895,7.241,2011,2,5,4,0,1026439.93,1088025.8,1153596.53,1080167.855,1337047.4958333333
41,1,16.81,3.037,191.8572881,7.241,2011,2,6,4,0,1179420.5,1026439.93,1052609.16,1086623.8475000001,1337388.6849999998
41,0,39.39,3.051,191.9178331,7.241,2011,2,7,4,0,1150003.36,1179420.5,1088025.8,1110972.3975,1335542.6916666667
41,0,26.1,3.101,191.9647167,7.241,2011,2,8,4,0,1203399.64,1150003.36,1026439.93,1139815.8575,1280269.1975
41,0,34.99,3.232,192.0116004,7.241,2011,3,9,4,0,1099714.93,1203399.64,1179420.5,1158134.6075,1270235.7958333332
41,0,31.6,3.372,192.058484,7.241,2011,3,10,4,0,1229257.7,1099714.93,1150003.36,1170593.9075,1253098.26
41,0,40.19,3.406,192.1237981,7.241,2011,3,11,4,0,1159089.6,1229257.7,1203399.64,1172865.4674999998,1214030.3366666667
41,0,41.11,3.414,192.1964844,7.241,2011,3,12,4,0,1115504.26,1159089.6,1099714.93,1150891.6225,1121570.9641666666
41,0,38.16,3.461,192.2691707,6.934,2011,4,13,4,0,1140578.16,1115504.26,1229257.7,1161107.4300000002,1133136.6308333334
41,0,42.87,3.532,192.3418571,6.934,2011,4,14,4,0,1179125.48,1140578.16,1159089.6,1148574.375,1135264.0433333332
41,0,39.94,3.611,192.4225954,6.934,2011,4,15,4,0,1206252.12,1179125.48,1115504.26,1160365.005,1148067.6233333333
41,0,42.86,3.636,192.5234638,6.934,2011,4,16,4,0,1192982.07,1206252.12,1140578.16,1179734.4575,1156813.9791666667
41,0,39.81,3.663,192.6243322,6.934,2011,4,17,4,0,1304481.75,1192982.07,1179125.48,1220710.355,1179984.1308333334
41,0,41.2,3.735,192.7252006,6.934,2011,5,18,4,0,1178841.05,1304481.75,1206252.12,1220639.2475,1179935.8433333335
41,0,50.29,3.767,192.826069,6.934,2011,5,19,4,0,1244956.91,1178841.05,1192982.07,1230315.445,1187848.6391666667
41,0,41.11,3.828,192.831317,6.934,2011,5,20,4,0,1270025.74,1244956.91,1304481.75,1249576.3624999998,1193400.8141666667
41,0,50.56,3.795,192.8365651,6.934,2011,5,21,4,0,1244542.33,1270025.74,1178841.05,1234591.5074999998,1205469.7641666667
41,0,54.81,3.763,192.8418131,6.934,2011,6,22,4,0,1278304.33,1244542.33,1244956.91,1259457.3275000001,1209556.9833333332
41,0,61.1,3.735,192.8470612,6.934,2011,6,23,4,0,1297584.95,1278304.33,1270025.74,1272614.3375,1221098.2625
41,0,62.3,3.697,192.9034759,6.934,2011,6,24,4,0,1311690.11,1297584.95,1244542.33,1283030.4300000002,1237447.0833333333
41,0,59.54,3.661,192.9982655,6.934,2011,6,25,4,0,1289151.84,1311690.11,1278304.33,1294182.8075,1249828.2233333334
41,0,67.01,3.597,193.0930552,6.901,2011,7,26,4,0,1244381.98,1289151.84,1297584.95,1285702.22,1255266.265
41,0,68.49,3.54,193.1878448,6.901,2011,7,27,4,0,1333347.78,1244381.98,1311690.11,1294642.9275,1265857.57
41,0,68.18,3.532,193.3125484,6.901,2011,7,28,4,0,1338862.58,1333347.78,1289151.84,1301436.045,1278014.2791666666
41,0,74.11,3.545,193.5120367,6.901,2011,7,29,4,0,1245772.7,1338862.58,1244381.98,1290591.26,1273121.8583333334
41,0,71.3,3.547,193.711525,6.901,2011,7,30,4,0,1292830.93,1245772.7,1333347.78,1302703.4975,1282621.015
41,0,72.19,3.554,193.9110133,6.901,2011,8,31,4,0,1248330.1,1292830.93,1338862.58,1281449.0775000001,1282902.1141666668
41,0,67.65,3.542,194.1105017,6.901,2011,8,32,4,0,1402233.69,1248330.1,1245772.7,1297291.855,1293919.4433333334
41,0,70.55,3.499,194.2500634,6.901,2011,8,33,4,0,1356689.88,1402233.69,1292830.93,1325021.15,1303265.0725
41,0,71.61,3.485,194.3796374,6.901,2011,8,34,4,0,1412959.97,1356689.88,1248330.1,1355053.41,1314486.3758333332
41,0,70.37,3.511,194.5092113,6.901,2011,9,35,4,0,1328740.71,1412959.97,1402233.69,1375156.0625,1317082.6891666667
41,1,58.31,3.566,194.6387853,6.901,2011,9,36,4,0,1283849.38,1328740.71,1356689.88,1345559.9849999999,1314762.6283333332
41,0,54.82,3.596,194.7419707,6.901,2011,9,37,4,0,1280958.97,1283849.38,1412959.97,1326627.2574999998,1314079.8891666667
41,0,55.06,3.581,194.8099713,6.901,2011,9,38,4,0,1197019.39,1280958.97,1328740.71,1272642.1125,1310133.0066666666
41,0,61.77,3.538,194.8779718,6.901,2011,9,39,4,0,1173059.79,1197019.39,1283849.38,1233721.8825,1296775.6741666666
41,0,58.74,3.498,194.9459724,6.759,2011,10,40,4,0,1160619.61,1173059.79,1280958.97,1202914.44,1281922.0933333335
41,0,47.43,3.491,195.0261012,6.759,2011,10,41,4,0,1277882.77,1160619.61,1197019.39,1202145.3900000001,1284597.9324999999
41,0,45.62,3.548,195.1789994,6.759,2011,10,42,4,0,1247130.22,1277882.77,1173059.79,1214673.0975000001,1280789.5399999998
41,0,37.02,3.55,195.3318977,6.759,2011,10,43,4,0,1214944.29,1247130.22,1160619.61,1225144.2225000001,1278007.3891666667
41,0,35.04,3.527,195.4847959,6.759,2011,11,44,4,0,1274463.02,1214944.29,1277882.77,1253605.075,1267359.8333333333
41,0,32.87,3.505,195.6376941,6.759,2011,11,45,4,0,1315684.86,1274463.02,1247130.22,1263055.5975000001,1263942.7483333333
41,0,36.64,3.479,195.7184713,6.759,2011,11,46,4,0,1302499.23,1315684.86,1214944.29,1276897.85,1254737.6866666668
41,1,36.37,3.424,195.7704,6.759,2011,11,47,4,0,1230118.02,1302499.23,1274463.02,1280691.2825000002,1246519.1291666667
41,0,34.53,3.378,195.8223287,6.759,2011,12,48,4,0,1906713.35,1230118.02,1315684.86,1438753.865,1298424.4600000002
41,0,17.05,3.331,195.8742575,6.759,2011,12,49,4,0,1292436.23,1906713.35,1302499.23,1432941.7075,1299380.8983333334
41,0,25.01,3.266,195.9841685,6.759,2011,12,50,4,0,1548661.45,1292436.23,1230118.02,1494482.2625,1328684.4033333333
41,0,25.59,3.173,196.1713893,6.759,2011,12,51,4,0,1682368.32,1548661.45,1906713.35,1607544.8375,1371126.7808333335
41,1,34.12,3.119,196.3586101,6.759,2011,12,52,4,0,2263722.68,1682368.32,1292436.23,1696797.17,1463052.0366666669
41,0,37.21,3.095,196.5458309,6.589,2012,1,1,4,0,1264014.16,2263722.68,1548661.45,1689691.6524999999,1461896.3191666666
41,0,27.49,3.077,196.7330517,6.589,2012,1,2,4,0,1208191.61,1264014.16,1682368.32,1604574.1925000001,1458651.4350000003
41,0,31.56,3.055,196.7796652,6.589,2012,1,3,4,0,1134767.28,1208191.61,2263722.68,1467673.9325,1451970.0175
41,0,33.15,3.038,196.8262786,6.589,2012,1,4,4,0,1116295.24,1134767.28,1264014.16,1180817.0725,1438789.3691666666
41,0,31.65,3.031,196.8728921,6.589,2012,2,5,4,0,1079398.81,1116295.24,1208191.61,1134663.2349999999,1419098.8650000002
41,1,22.0,3.103,196.9195056,6.589,2012,2,6,4,0,1208825.6,1079398.81,1134767.28,1134821.7325,1411292.7291666667
41,0,22.52,3.113,196.9432711,6.589,2012,2,7,4,0,1238844.56,1208825.6,1116295.24,1160841.0525,1412019.9408333336
41,0,27.89,3.129,196.9499007,6.589,2012,2,8,4,0,1330451.46,1238844.56,1079398.81,1214380.1075,1363998.1166666667
41,0,27.39,3.191,196.9565303,6.589,2012,3,9,4,0,1224915.66,1330451.46,1208825.6,1250759.32,1358371.4025
41,0,35.3,3.286,196.9631599,6.589,2012,3,10,4,0,1239813.26,1224915.66,1238844.56,1258506.2349999999,1332634.0533333335
41,0,47.76,3.486,197.0457208,6.589,2012,3,11,4,0,1243814.77,1239813.26,1330451.46,1259748.7875,1296087.9241666666
41,0,44.04,3.664,197.2295234,6.589,2012,3,12,4,0,1201511.62,1243814.77,1224915.66,1227513.8275000001,1207570.3358333334
41,0,51.56,3.75,197.4133259,6.589,2012,3,13,4,0,1215354.38,1201511.62,1239813.26,1225123.5074999998,1203515.3541666667
41,0,48.48,3.854,197.5971285,6.547,2012,4,14,4,0,1239423.19,1215354.38,1243814.77,1225025.99,1206117.9858333333
41,0,46.84,3.901,197.780931,6.547,2012,4,15,4,0,1460234.31,1239423.19,1201511.62,1279130.875,1233240.2383333333
41,0,43.57,3.936,197.7227385,6.547,2012,4,16,4,0,1323004.73,1460234.31,1215354.38,1309504.1524999999,1250466.0291666668
41,0,57.66,3.927,197.664546,6.547,2012,4,17,4,0,1220815.33,1323004.73,1239423.19,1310869.3900000001,1262250.7391666668
41,0,52.86,3.903,197.6063534,6.547,2012,5,18,4,0,1248950.65,1220815.33,1460234.31,1313251.255,1265594.4933333332
41,0,50.22,3.87,197.5481609,6.547,2012,5,19,4,0,1359770.73,1248950.65,1323004.73,1288135.3599999999,1275671.6741666666
41,0,55.24,3.837,197.5553137,6.547,2012,5,20,4,0,1353285.1,1359770.73,1220815.33,1295705.4525000001,1277574.4775
41,0,54.89,3.804,197.5886046,6.547,2012,5,21,4,0,1331514.44,1353285.1,1248950.65,1323380.23,1286457.7091666667
41,0,57.29,3.764,197.6218954,6.547,2012,6,22,4,0,1424500.47,1331514.44,1359770.73,1367267.685,1301848.3099999998
41,0,65.11,3.741,197.6551863,6.547,2012,6,23,4,0,1374891.36,1424500.47,1353285.1,1371047.8425,1312771.3591666666
41,0,64.92,3.723,197.692292,6.547,2012,6,24,4,0,1436383.84,1374891.36,1331514.44,1391822.5275,1332344.0441666667
41,0,66.88,3.735,197.7389345,6.547,2012,6,25,4,0,1384584.59,1436383.84,1424500.47,1405090.065,1346446.5616666668
41,0,76.54,3.693,197.785577,6.547,2012,6,26,4,0,1386407.17,1384584.59,1374891.36,1395566.74,1358695.2266666668
41,0,74.47,3.646,197.8322195,6.432,2012,7,27,4,0,1355600.01,1386407.17,1436383.84,1390743.9024999999,1349975.7016666667
41,0,67.24,3.613,197.8788621,6.432,2012,7,28,4,0,1456300.89,1355600.01,1384584.59,1395723.165,1361083.715
41,0,74.06,3.585,197.9290378,6.432,2012,7,29,4,0,1332594.07,1456300.89,1386407.17,1382725.535,1370398.61
41,0,73.31,3.57,197.9792136,6.432,2012,7,30,4,0,1347175.93,1332594.07,1355600.01,1372917.725,1378584.05
41,0,73.16,3.528,198.0293893,6.432,2012,8,31,4,0,1344723.97,1347175.93,1456300.89,1370198.715,1377330.1533333333
42,0,69.76,3.105,126.3805667,9.524,2010,4,17,4,0,492364.77,549528.16,505907.41,532588.15,532585.3200000001
42,0,71.06,3.127,126.2898,9.524,2010,5,18,4,0,477615.87,492364.77,582552.26,525515.265,527104.6416666667
42,0,73.88,3.145,126.2085484,9.524,2010,5,19,4,0,582846.22,477615.87,549528.16,525588.755,527699.33
42,0,78.32,3.12,126.1843871,9.524,2010,5,20,4,0,564345.55,582846.22,492364.77,529293.1025,532328.5533333333
42,0,76.67,3.058,126.1602258,9.524,2010,5,21,4,0,504403.16,564345.55,477615.87,532302.7,533402.9349999999
42,0,82.82,2.941,126.1360645,9.524,2010,6,22,4,0,484097.03,504403.16,582846.22,533922.99,527496.6525
42,0,89.67,3.057,126.1119032,9.524,2010,6,23,4,0,556046.12,484097.03,564345.55,527222.9650000001,524803.5275
42,0,83.49,2.935,126.114,9.524,2010,6,24,4,0,607218.6,556046.12,504403.16,537941.2274999999,532078.9025
42,0,90.32,3.084,126.1266,9.524,2010,6,25,4,0,529418.64,607218.6,484097.03,544195.0974999999,536361.9825
42,0,92.89,2.978,126.1392,9.199,2010,7,26,4,0,484327.56,529418.64,556046.12,544252.73,534563.6616666667
42,0,91.03,3.1,126.1518,9.199,2010,7,27,4,0,507168.8,484327.56,607218.6,532033.4,528281.7066666667
42,0,91.8,2.971,126.1498065,9.199,2010,7,28,4,0,570069.48,507168.8,529418.64,522746.12,529993.4833333333
42,0,88.44,3.112,126.1283548,9.199,2010,7,29,4,0,558837.27,570069.48,484327.56,530100.7775,535532.8583333333
42,0,85.03,3.017,126.1069032,9.199,2010,7,30,4,0,491115.86,558837.27,507168.8,531797.8525,536657.8574999999
42,0,86.13,3.123,126.0854516,9.199,2010,8,31,4,0,469598.57,491115.86,570069.48,522405.29500000004,527220.5533333333
42,0,88.37,3.049,126.064,9.199,2010,8,32,4,0,579544.21,469598.57,558837.27,524773.9775,528487.1083333333
42,0,89.88,3.041,126.0766452,9.199,2010,8,33,4,0,583079.97,579544.21,491115.86,530834.6525000001,535043.5091666667
42,0,84.99,3.022,126.0892903,9.199,2010,8,34,4,0,500945.63,583079.97,469598.57,533292.095,536447.5591666667
42,0,83.8,3.087,126.1019355,9.199,2010,9,35,4,0,465993.51,500945.63,579544.21,532390.83,528943.1749999999
42,1,84.04,2.961,126.1145806,9.199,2010,9,36,4,0,524658.06,465993.51,583079.97,518669.2925,522063.12999999995
42,0,85.52,3.028,126.1454667,9.199,2010,9,37,4,0,589091.04,524658.06,500945.63,520172.06000000006,527035.83
42,0,85.75,2.939,126.1900333,9.199,2010,9,38,4,0,536871.58,589091.04,465993.51,529153.5475000001,531414.4983333333
42,0,86.01,3.001,126.2346,9.003,2010,10,39,4,0,492262.96,536871.58,524658.06,535720.91,530172.345
42,0,77.04,2.924,126.2791667,9.003,2010,10,40,4,0,481523.93,492262.96,589091.04,524937.3775,522793.54916666675
42,0,75.48,3.08,126.3266774,9.003,2010,10,41,4,0,599759.45,481523.93,536871.58,527604.48,526203.7308333333
42,0,68.12,3.014,126.3815484,9.003,2010,10,42,4,0,559285.35,599759.45,492262.96,533207.9225,531884.5216666667
42,0,68.76,3.13,126.4364194,9.003,2010,10,43,4,0,522467.51,559285.35,481523.93,540759.06,536290.2666666667
42,0,71.04,3.009,126.4912903,9.003,2010,11,44,4,0,476967.65,522467.51,599759.45,539619.99,527742.2200000001
42,0,61.24,3.13,126.5461613,9.003,2010,11,45,4,0,565390.4,476967.65,559285.35,531027.7275,526268.0891666666
42,0,58.83,3.047,126.6072,9.003,2010,11,46,4,0,588592.61,565390.4,522467.51,538354.5425,533572.0041666667
42,1,55.33,3.162,126.6692667,9.003,2010,11,47,4,0,524316.21,588592.61,476967.65,538816.7175,538432.2291666666
42,0,51.17,3.041,126.7313333,9.003,2010,12,48,4,0,522296.71,524316.21,565390.4,550148.9825,538235.4500000001
42,0,60.51,3.091,126.7934,9.003,2010,12,49,4,0,500250.8,522296.71,588592.61,533864.0825,530832.0966666667
42,0,59.15,3.125,126.8794839,9.003,2010,12,50,4,0,585175.24,500250.8,524316.21,533009.74,534857.4016666667
42,0,57.06,3.236,126.9835806,9.003,2010,12,51,4,0,537455.65,585175.24,522296.71,536294.6000000001,538623.4591666666
42,1,49.67,3.148,127.0876774,9.003,2010,12,52,4,0,555075.27,537455.65,500250.8,544489.24,544752.7374999999
42,0,43.43,3.287,127.1917742,8.744,2011,1,1,4,0,428953.6,555075.27,585175.24,526664.9400000001,530518.9166666666
42,0,49.98,3.312,127.3009355,8.744,2011,1,2,4,0,592947.75,428953.6,537455.65,528608.0675,533324.1166666666
42,0,56.75,3.336,127.4404839,8.744,2011,1,3,4,0,613899.15,592947.75,555075.27,547718.9425,540943.42
42,0,53.03,3.231,127.5800323,8.744,2011,1,4,4,0,533414.62,613899.15,428953.6,542303.78,545647.3341666666
42,0,44.88,3.348,127.7195806,8.744,2011,2,5,4,0,499081.79,533414.62,592947.75,559835.8275,540121.6166666667
42,1,51.51,3.381,127.859129,8.744,2011,2,6,4,0,586886.16,499081.79,613899.15,558320.4299999999,539979.4125
42,0,61.77,3.43,127.99525,8.744,2011,2,7,4,0,628063.88,586886.16,533414.62,561861.6125,548625.0516666666
42,0,53.59,3.398,128.13,8.744,2011,2,8,4,0,556485.1,628063.88,499081.79,567629.2324999999,551474.0841666666
42,0,56.96,3.674,128.26475,8.744,2011,3,9,4,0,526904.08,556485.1,586886.16,574584.805,553695.1908333333
42,0,64.22,3.63,128.3995,8.744,2011,3,10,4,0,570879.04,526904.08,628063.88,570583.025,552503.8408333333
42,0,70.12,3.892,128.5121935,8.744,2011,3,11,4,0,607294.56,570879.04,556485.1,565390.6950000001,558323.75
42,0,62.53,3.716,128.6160645,8.744,2011,3,12,4,0,558239.32,607294.56,526904.08,565829.25,558587.4208333333
42,0,67.64,3.772,128.7199355,8.494,2011,4,13,4,0,522673.62,558239.32,570879.04,564771.635,566397.4225
42,0,73.03,3.818,128.8238065,8.494,2011,4,14,4,0,508432.17,522673.62,607294.56,549159.9175,559354.4575
42,0,61.05,4.089,128.9107333,8.494,2011,4,15,4,0,620087.35,508432.17,558239.32,552358.115,559870.1408333333
42,0,75.93,3.917,128.9553,8.494,2011,4,16,4,0,597644.02,620087.35,522673.62,562209.29,565222.5908333333
42,0,73.38,4.151,128.9998667,8.494,2011,4,17,4,0,534597.69,597644.02,508432.17,565190.3074999999,568182.2491666666
42,0,73.56,4.193,129.0444333,8.494,2011,5,18,4,0,496010.17,534597.69,620087.35,562084.8075,560609.25
42,0,74.04,4.202,129.089,8.494,2011,5,19,4,0,612337.35,496010.17,597644.02,560147.3075,559298.7058333333
42,0,72.62,3.99,129.0756774,8.494,2011,5,20,4,0,603024.75,612337.35,534597.69,561492.49,563177.01
42,0,78.62,3.933,129.0623548,8.494,2011,5,21,4,0,524559.95,603024.75,496010.17,558983.0549999999,562981.6658333334
42,0,81.87,3.893,129.0490323,8.494,2011,6,22,4,0,503295.29,524559.95,612337.35,560804.335,557349.6866666666
42,0,84.57,3.981,129.0357097,8.494,2011,6,23,4,0,545109.3,503295.29,603024.75,543997.3225,552167.5816666667
42,0,87.96,3.935,129.0432,8.494,2011,6,24,4,0,616701.99,545109.3,524559.95,547416.6325000001,557039.4708333333
42,0,90.69,3.807,129.0663,8.494,2011,6,25,4,0,546675.65,616701.99,503295.29,552945.5575,559039.64
42,0,95.36,3.842,129.0894,8.257,2011,7,26,4,0,501780.66,546675.65,545109.3,552566.9,558485.3475
42,0,88.57,3.793,129.1125,8.257,2011,7,27,4,0,506343.83,501780.66,616701.99,542875.5325,549006.7208333333
42,0,86.01,3.779,129.1338387,8.257,2011,7,28,4,0,593234.27,506343.83,546675.65,537008.6025,548639.2416666667
42,0,88.59,3.697,129.1507742,8.257,2011,7,29,4,0,591703.82,593234.27,501780.66,548265.645,553398.0858333333
42,0,86.75,3.694,129.1677097,8.257,2011,7,30,4,0,511316.29,591703.82,506343.83,550649.5525,554673.5958333333
42,0,89.8,3.803,129.1846452,8.257,2011,8,31,4,0,479256.8,511316.29,593234.27,543877.7949999999,543583.5499999999
42,0,85.61,3.794,129.2015806,8.257,2011,8,32,4,0,572603.33,479256.8,591703.82,538720.0599999999,541048.4316666666
42,0,87.4,3.743,129.2405806,8.257,2011,8,33,4,0,603147.26,572603.33,511316.29,541580.9199999999,547597.3741666666
42,0,91.59,3.663,129.2832581,8.257,2011,8,34,4,0,526641.23,603147.26,479256.8,545412.155,549542.8691666666
42,0,91.61,3.798,129.3259355,8.257,2011,9,35,4,0,503720.98,526641.23,572603.33,551528.2,546093.8424999999
42,1,89.06,3.771,129.3686129,8.257,2011,9,36,4,0,537124.76,503720.98,603147.26,542658.5575,539462.4066666666
42,0,77.49,3.784,129.4306,8.257,2011,9,37,4,0,608390.94,537124.76,526641.23,543969.4775,544605.3475
42,0,82.51,3.789,129.5183333,8.257,2011,9,38,4,0,576837.09,608390.94,503720.98,556518.4425,550860.0499999999
42,0,82.27,3.877,129.6060667,8.257,2011,9,39,4,0,528486.45,576837.09,537124.76,562709.8099999999,552705.2683333333
42,0,75.01,3.827,129.6938,7.874,2011,10,40,4,0,510243.79,528486.45,608390.94,555989.5675,545789.3949999999
42,0,70.27,3.698,129.7706452,7.874,2011,10,41,4,0,649111.23,510243.79,576837.09,566169.6399999999,550573.3458333333
42,0,77.91,3.842,129.7821613,7.874,2011,10,42,4,0,613531.11,649111.23,528486.45,575343.145,559091.2474999999
42,0,72.79,3.843,129.7936774,7.874,2011,10,43,4,0,537276.41,613531.11,510243.79,577540.635,563926.215
42,0,68.57,3.828,129.8051935,7.874,2011,11,44,4,0,515599.7,537276.41,649111.23,578879.6125,559175.9125
42,0,55.28,3.677,129.8167097,7.874,2011,11,45,4,0,597667.21,515599.7,613531.11,566018.6074999999,558719.2416666666
42,0,58.97,3.669,129.8268333,7.874,2011,11,46,4,0,643125.29,597667.21,537276.41,573417.1525000001,568426.2466666667
42,1,60.68,3.76,129.8364,7.874,2011,11,47,4,0,567673.87,643125.29,515599.7,581016.5175,573755.6541666667
42,0,57.29,3.701,129.8459667,7.874,2011,12,48,4,0,577698.37,567673.87,597667.21,596541.185,577136.7883333332
42,0,42.58,3.644,129.8555333,7.874,2011,12,49,4,0,511883.36,577698.37,643125.29,575095.2225,569094.49
42,0,50.53,3.489,129.8980645,7.874,2011,12,50,4,0,619133.48,511883.36,567673.87,569097.27,572619.1891666667
42,0,48.36,3.541,129.9845484,7.874,2011,12,51,4,0,598437.98,619133.48,577698.37,576788.2975,578448.4833333333
42,1,48.92,3.428,130.0710323,7.874,2011,12,52,4,0,575676.13,598437.98,511883.36,576282.7375,583901.1783333333
42,0,59.85,3.443,130.1575161,7.545,2012,1,1,4,0,454412.28,575676.13,619133.48,561914.9675,567676.2658333334
42,0,51.0,3.477,130.244,7.545,2012,1,2,4,0,636372.37,454412.28,598437.98,566224.6900000001,569579.7041666667
42,0,54.51,3.66,130.2792258,7.545,2012,1,3,4,0,664348.2,636372.37,575676.13,582702.245,580169.02
42,0,53.59,3.675,130.3144516,7.545,2012,1,4,4,0,579499.93,664348.2,454412.28,583658.1950000001,585494.0391666667
42,0,56.85,3.543,130.3496774,7.545,2012,2,5,4,0,538978.67,579499.93,636372.37,604799.7925,580603.3275
42,1,55.73,3.722,130.3849032,7.545,2012,2,6,4,0,588448.21,538978.67,664348.2,592818.7525,576046.9041666667
42,0,54.12,3.781,130.4546207,7.545,2012,2,7,4,0,674919.45,588448.21,579499.93,595461.5650000001,584984.0358333333
42,0,56.02,3.95,130.5502069,7.545,2012,2,8,4,0,606671.5,674919.45,538978.67,602254.4575,587398.4633333334
42,0,57.62,3.882,130.6457931,7.545,2012,3,9,4,0,564304.15,606671.5,588448.21,608585.8275,591766.8624999999
42,0,57.65,3.963,130.7413793,7.545,2012,3,10,4,0,585895.34,564304.15,674919.45,607947.61,588997.0175
42,0,62.11,4.273,130.8261935,7.545,2012,3,11,4,0,659816.15,585895.34,606671.5,604171.7849999999,594111.865
42,0,56.54,4.288,130.8966452,7.545,2012,3,12,4,0,618767.26,659816.15,564304.15,607195.725,597702.7925
42,0,67.92,4.294,130.9670968,7.545,2012,3,13,4,0,561226.38,618767.26,585895.34,606426.2825,606603.9675
42,0,65.99,4.282,131.0375484,7.382,2012,4,14,4,0,544408.14,561226.38,659816.15,596054.4825,598940.2816666666
42,0,70.28,4.254,131.108,7.382,2012,4,15,4,0,652312.11,544408.14,618767.26,594178.4725,597937.2741666667
42,0,67.75,4.111,131.1173333,7.382,2012,4,16,4,0,639123.45,652312.11,561226.38,599267.52,602905.9008333333
42,0,80.11,4.088,131.1266667,7.382,2012,4,17,4,0,552529.23,639123.45,544408.14,597093.2325,604035.1141666666
42,0,77.02,4.058,131.136,7.382,2012,5,18,4,0,526625.49,552529.23,652312.11,592647.57,598883.2208333333
42,0,76.03,4.186,131.1453333,7.382,2012,5,19,4,0,609274.89,526625.49,639123.45,581888.265,593412.8408333333
42,0,85.19,4.308,131.0983226,7.382,2012,5,20,4,0,643603.69,609274.89,552529.23,583008.325,596490.5233333333
42,0,86.03,4.127,131.0287742,7.382,2012,5,21,4,0,590636.38,643603.69,526625.49,592535.1124999999,598684.8758333334
42,0,80.06,4.277,130.9592258,7.382,2012,6,22,4,0,535764.58,590636.38,609274.89,594819.885,594507.3125
42,0,86.87,4.103,130.8896774,7.382,2012,6,23,4,0,521953.78,535764.58,643603.69,572989.6074999999,583018.7816666666
42,0,88.58,4.144,130.8295333,7.382,2012,6,24,4,0,642671.48,521953.78,590636.38,572756.5549999999,585010.7999999999
42,0,89.92,4.014,130.7929,7.382,2012,6,25,4,0,606309.13,642671.48,535764.58,576674.7425,588767.6958333333
42,0,91.36,3.875,130.7562667,7.382,2012,6,26,4,0,540031.29,606309.13,521953.78,577741.42,588402.9583333334
42,0,86.87,3.666,130.7196333,7.17,2012,7,27,4,0,507403.77,540031.29,642671.48,574103.9175,576327.2633333333
42,0,89.8,3.723,130.683,7.17,2012,7,28,4,0,618702.09,507403.77,606309.13,568111.5700000001,574625.4833333334
42,0,84.45,3.589,130.7012903,7.17,2012,7,29,4,0,628099.08,618702.09,540031.29,573559.0575,580922.9708333333
42,0,83.98,3.769,130.7195806,7.17,2012,7,30,4,0,530318.39,628099.08,507403.77,571130.8325,581230.7125
42,0,84.76,3.595,130.737871,7.17,2012,8,31,4,0,516352.21,530318.39,618702.09,573367.9425,573487.1558333334
43,0,66.91,2.78,202.4312238,9.593,2010,4,17,4,0,638957.35,675282.2,650102.8,664350.1725,655019.3925000001
43,0,67.16,2.835,202.3792571,9.593,2010,5,18,4,0,630740.11,638957.35,693058.34,659509.5,653661.9616666667
43,0,72.14,2.854,202.3705092,9.593,2010,5,19,4,0,691498.6,630740.11,675282.2,659119.565,654376.9291666667
43,0,74.74,2.826,202.6210737,9.593,2010,5,20,4,0,690851.59,691498.6,638957.35,663011.9125,657031.4325
43,0,78.59,2.759,202.8716382,9.593,2010,5,21,4,0,672062.08,690851.59,630740.11,671288.095,661478.04
43,0,82.76,2.705,203.1222028,9.593,2010,6,22,4,0,630315.76,672062.08,691498.6,671182.0075000001,659121.0158333334
43,0,88.12,2.668,203.3727673,9.593,2010,6,23,4,0,682012.53,630315.76,690851.59,668810.49,662173.1483333333
43,0,84.9,2.637,203.370619,9.593,2010,6,24,4,0,684023.95,682012.53,672062.08,667103.5800000001,663500.2699999999
43,0,88.48,2.653,203.2673857,9.593,2010,6,25,4,0,700009.77,684023.95,630315.76,674090.5025,669909.59
43,0,80.17,2.669,203.1641524,9.816,2010,7,26,4,0,625196.14,700009.77,682012.53,672810.5975,667834.035
43,0,81.52,2.642,203.060919,9.816,2010,7,27,4,0,667353.79,625196.14,684023.95,669145.9125,665691.9891666666
43,0,84.17,2.623,203.0538548,9.816,2010,7,28,4,0,718748.33,667353.79,700009.77,677827.0075000001,669314.1666666666
43,0,86.6,2.608,203.1750161,9.816,2010,7,29,4,0,696844.36,718748.33,625196.14,677035.655,674138.0841666667
43,0,79.79,2.64,203.2961774,9.816,2010,7,30,4,0,649035.55,696844.36,667353.79,682995.5075,675662.7041666667
43,0,84.66,2.627,203.4173387,9.816,2010,8,31,4,0,622112.23,649035.55,718748.33,671685.1174999999,669880.5066666666
43,0,86.31,2.692,203.5385,9.816,2010,8,32,4,0,698536.06,622112.23,696844.36,666632.05,670520.8791666667
43,0,85.26,2.664,203.5092419,9.816,2010,8,33,4,0,713479.91,698536.06,649035.55,670790.9375,673972.3650000001
43,0,80.32,2.619,203.4799839,9.816,2010,8,34,4,0,712869.09,713479.91,622112.23,686749.3225,680851.8091666667
43,0,80.43,2.577,203.4507258,9.816,2010,9,35,4,0,655284.69,712869.09,698536.06,695042.4375,678624.4891666666
43,1,81.32,2.565,203.4214677,9.816,2010,9,36,4,0,689326.91,655284.69,713479.91,692740.1499999999,679066.4025
43,0,78.86,2.582,203.4499286,9.816,2010,9,37,4,0,722120.04,689326.91,712869.09,694900.1825,680908.9249999999
43,0,77.42,2.624,203.5216786,9.816,2010,9,38,4,0,725043.04,722120.04,655284.69,697943.67,689229.5
43,0,77.93,2.603,203.5934286,10.21,2010,10,39,4,0,650263.95,725043.04,689326.91,696688.4850000001,687805.3466666667
43,0,72.81,2.633,203.6651786,10.21,2010,10,40,4,0,657108.77,650263.95,722120.04,688633.95,682668.7166666667
43,0,68.78,2.72,203.7299032,10.21,2010,10,41,4,0,713332.54,657108.77,725043.04,686437.075,684042.7316666666
43,0,69.46,2.725,203.7770645,10.21,2010,10,42,4,0,699852.68,713332.54,650263.95,680139.485,688277.4925
43,0,65.88,2.716,203.8242258,10.21,2010,10,43,4,0,680943.03,699852.68,657108.77,687809.255,693180.0591666667
43,0,62.52,2.689,203.8713871,10.21,2010,11,44,4,0,610076.32,680943.03,713332.54,676051.1425000001,685808.4141666667
43,0,59.98,2.728,203.9185484,10.21,2010,11,45,4,0,605960.2,610076.32,699852.68,649208.0575,676848.4383333334
43,0,54.96,2.771,203.8191286,10.21,2010,11,46,4,0,595421.23,605960.2,680943.03,623100.195,667061.1166666667
43,1,54.76,2.735,203.6952786,10.21,2010,11,47,4,0,589467.35,595421.23,610076.32,600231.275,661576.3383333334
43,0,44.56,2.708,203.5714286,10.21,2010,12,48,4,0,633520.34,589467.35,605960.2,606092.28,656925.7908333334
43,0,52.52,2.843,203.4475786,10.21,2010,12,49,4,0,557543.62,633520.34,595421.23,593988.135,643211.0891666667
43,0,56.51,2.869,203.3996521,10.21,2010,12,50,4,0,598679.02,557543.62,589467.35,594802.5825,632680.7541666667
43,0,57.15,2.886,203.4086682,10.21,2010,12,51,4,0,615761.77,598679.02,633520.34,601376.1875,629805.5725
43,1,48.61,2.943,203.4176843,10.21,2010,12,52,4,0,656637.63,615761.77,557543.62,607155.51,629766.3108333333
43,0,40.47,2.976,203.4267005,10.398,2011,1,1,4,0,534740.3,656637.63,598679.02,601454.6799999999,614883.6241666666
43,0,43.45,2.983,203.4840645,10.398,2011,1,2,4,0,611796.61,534740.3,615761.77,604734.0775,607545.6183333333
43,0,53.05,3.016,203.8315161,10.398,2011,1,3,4,0,614940.07,611796.61,656637.63,604528.6525,602045.3716666666
43,0,44.98,3.01,204.1789677,10.398,2011,1,4,4,0,601004.79,614940.07,534740.3,590620.4425,601289.4108333333
43,0,33.21,2.989,204.5264194,10.398,2011,2,5,4,0,562558.27,601004.79,611796.61,597574.935,597672.5833333334
43,1,40.65,3.022,204.873871,10.398,2011,2,6,4,0,651521.77,562558.27,614940.07,607506.2250000001,602347.6283333333
43,0,59.15,3.045,205.1683214,10.398,2011,2,7,4,0,635650.98,651521.77,601004.79,612683.9525,606196.2641666667
43,0,58.37,3.065,205.4415714,10.398,2011,2,8,4,0,626627.77,635650.98,562558.27,619089.6975,605621.8833333333
43,0,60.26,3.288,205.7148214,10.398,2011,3,9,4,0,592340.01,626627.77,651521.77,626535.1325000001,608521.5825
43,0,60.24,3.459,205.9880714,10.398,2011,3,10,4,0,616345.25,592340.01,635650.98,617741.0025,609993.7683333334
43,0,68.98,3.488,206.225924,10.398,2011,3,11,4,0,629026.75,616345.25,626627.77,616084.9450000001,611099.1833333333
43,0,65.53,3.473,206.4496175,10.398,2011,3,12,4,0,635171.05,629026.75,592340.01,618220.765,609310.3016666666
43,0,67.79,3.524,206.6733111,10.581,2011,4,13,4,0,585989.1,635171.05,616345.25,616633.0375,613581.035
43,0,70.35,3.622,206.8970046,10.581,2011,4,14,4,0,611585.54,585989.1,629026.75,615443.11,613563.4458333333
43,0,65.01,3.743,207.1015429,10.581,2011,4,15,4,0,650418.75,611585.54,635171.05,620791.11,616520.0025
43,0,74.49,3.807,207.2581929,10.581,2011,4,16,4,0,635758.03,650418.75,585989.1,620937.855,619416.1058333333
43,0,71.34,3.81,207.4148429,10.581,2011,4,17,4,0,638280.67,635758.03,611585.54,634010.7475,625726.3058333333
43,0,66.77,3.906,207.5714929,10.581,2011,5,18,4,0,611464.21,638280.67,650418.75,633980.415,622388.1758333334
43,0,76.03,3.899,207.7281429,10.581,2011,5,19,4,0,649148.74,611464.21,635758.03,633662.9125,623512.9891666666
43,0,74.21,3.907,207.5200622,10.581,2011,5,20,4,0,684655.91,649148.74,638280.67,645887.3825000001,628348.6675
43,0,80.89,3.786,207.3119816,10.581,2011,5,21,4,0,648330.18,684655.91,611464.21,648399.76,633014.515
43,0,83.49,3.699,207.1039009,10.581,2011,6,22,4,0,578209.63,648330.18,649148.74,640086.115,629836.5466666666
43,0,85.81,3.648,206.8958203,10.581,2011,6,23,4,0,630972.15,578209.63,684655.91,635541.9675,629998.6633333333
43,0,88.49,3.637,206.8560238,10.581,2011,6,24,4,0,643041.71,630972.15,648330.18,625138.4175,630654.5516666666
43,0,88.3,3.594,206.9424405,10.581,2011,6,25,4,0,665781.74,643041.71,578209.63,629501.3075,637303.9383333334
43,0,91.36,3.524,207.0288571,10.641,2011,7,26,4,0,604925.08,665781.74,630972.15,636180.17,636748.9
43,0,87.02,3.48,207.1152738,10.641,2011,7,27,4,0,586781.78,604925.08,643041.71,625132.5775,631445.8191666667
43,0,84.67,3.575,207.1940691,10.641,2011,7,28,4,0,651147.83,586781.78,665781.74,627159.1074999999,632728.3025
43,0,88.58,3.651,207.2538111,10.641,2011,7,29,4,0,631827.38,651147.83,604925.08,618670.5175,632190.5283333333
43,0,83.43,3.682,207.313553,10.641,2011,7,30,4,0,597354.39,631827.38,586781.78,616777.845,631014.7100000001
43,0,87.47,3.684,207.3732949,10.641,2011,8,31,4,0,533917.52,597354.39,651147.83,603561.78,621412.1083333333
43,0,86.64,3.638,207.4330369,10.641,2011,8,32,4,0,605956.59,533917.52,631827.38,592263.97,614853.8316666667
43,0,82.08,3.554,207.4953088,10.641,2011,8,33,4,0,595626.56,605956.59,597354.39,583213.765,610461.8633333334
43,0,87.43,3.523,207.5580023,10.641,2011,8,34,4,0,663396.32,595626.56,533917.52,599724.2475,617560.7541666668
43,0,87.84,3.533,207.6206959,10.641,2011,9,35,4,0,561573.08,663396.32,605956.59,606638.1375,611777.4983333333
43,1,79.29,3.546,207.6833894,10.641,2011,9,36,4,0,594224.9,561573.08,595626.56,603705.2150000001,607709.4308333333
43,0,77.17,3.526,207.8527143,10.641,2011,9,37,4,0,649128.23,594224.9,663396.32,617080.6325000001,606321.6383333333
43,0,78.98,3.467,208.1642143,10.641,2011,9,38,4,0,618877.13,649128.23,561573.08,605950.835,607484.3091666667
43,0,78.97,3.355,208.4757143,10.641,2011,9,39,4,0,586108.13,618877.13,594224.9,612084.5974999999,607428.1716666667
43,0,74.17,3.285,208.7872143,10.148,2011,10,40,4,0,555183.72,586108.13,649128.23,602324.3025,599431.1625
43,0,68.09,3.274,209.0752166,10.148,2011,10,41,4,0,642828.62,555183.72,618877.13,600749.4,600347.9325
43,0,70.3,3.353,209.2222327,10.148,2011,10,42,4,0,590984.56,642828.62,586108.13,593776.2575000001,599817.1133333333
43,0,66.82,3.372,209.3692488,10.148,2011,10,43,4,0,594625.96,590984.56,555183.72,595905.715,604876.15
43,0,59.08,3.332,209.516265,10.148,2011,11,44,4,0,572516.57,594625.96,642828.62,600238.9275,602089.4816666667
43,0,51.26,3.297,209.6632811,10.148,2011,11,45,4,0,641905.37,572516.57,590984.56,600008.115,605946.0491666667
43,0,57.75,3.308,209.8651071,10.148,2011,11,46,4,0,615975.5,641905.37,594625.96,606255.85,601994.3141666666
43,1,55.7,3.236,210.0888571,10.148,2011,11,47,4,0,628115.61,615975.5,572516.57,614628.2625,607539.525
43,0,47.49,3.172,210.3126071,10.148,2011,12,48,4,0,669965.22,628115.61,641905.37,638990.425,613851.2183333334
43,0,34.23,3.158,210.5363571,10.148,2011,12,49,4,0,585028.26,669965.22,615975.5,624771.1475,608509.5541666667
43,0,43.78,3.159,210.7365392,10.148,2011,12,50,4,0,617898.07,585028.26,628115.61,625251.7899999999,608427.9658333333
43,0,42.63,3.112,210.9052972,10.148,2011,12,51,4,0,665007.08,617898.07,669965.22,634474.6575,615002.8783333333
43,1,41.83,3.129,211.0740553,10.148,2011,12,52,4,0,676290.46,665007.08,585028.26,636055.9675,625095.1066666666
43,0,47.59,3.157,211.2428134,9.653,2012,1,1,4,0,505405.85,676290.46,617898.07,616150.365,613643.2091666666
43,0,43.68,3.261,211.4115714,9.653,2012,1,2,4,0,670993.01,505405.85,665007.08,629424.1,620310.58
43,0,52.72,3.268,211.4997811,9.653,2012,1,3,4,0,663529.64,670993.01,676290.46,629054.74,626052.5533333333
43,0,52.1,3.29,211.5879908,9.653,2012,1,4,4,0,619225.65,663529.64,505405.85,614788.5375,629944.9766666667
43,0,51.92,3.36,211.6762005,9.653,2012,2,5,4,0,587685.38,619225.65,670993.01,635358.4199999999,625426.6441666667
43,1,46.54,3.409,211.7644101,9.653,2012,2,6,4,0,629176.71,587685.38,663529.64,624904.345,626526.745
43,0,49.38,3.51,211.916835,9.653,2012,2,7,4,0,662198.65,629176.71,619225.65,624571.5975,629366.9983333334
43,0,53.53,3.555,212.1174212,9.653,2012,2,8,4,0,660632.05,662198.65,587685.38,634923.1975,628589.2341666666
43,0,56.43,3.63,212.3180074,9.653,2012,3,9,4,0,613042.97,660632.05,629176.71,641262.595,630923.7933333333
43,0,54.52,3.669,212.5185936,9.653,2012,3,10,4,0,693249.98,613042.97,662198.65,657280.9125,637203.1191666666
43,0,57.88,3.734,212.6651567,9.653,2012,3,11,4,0,636677.67,693249.98,660632.05,650900.6675,634842.335
43,0,56.28,3.787,212.7396889,9.653,2012,3,12,4,0,661707.02,636677.67,613042.97,651169.4099999999,633627.0483333333
43,0,69.88,3.845,212.8142212,9.653,2012,3,13,4,0,610940.94,661707.02,693249.98,650643.9025000001,642421.6391666667
43,0,64.7,3.891,212.8887535,9.575,2012,4,14,4,0,623258.4,610940.94,636677.67,633146.0075000001,638443.755
43,0,70.18,3.891,212.9632857,9.575,2012,4,15,4,0,658468.27,623258.4,661707.02,638593.6575,638021.9741666666
43,0,67.28,3.877,213.0130524,9.575,2012,4,16,4,0,665687.92,658468.27,610940.94,639588.8825000001,641893.83
43,0,78.27,3.814,213.062819,9.575,2012,4,17,4,0,638144.98,665687.92,623258.4,646389.8925000001,646098.7966666667
43,0,77.47,3.749,213.1125857,9.575,2012,5,18,4,0,593138.59,638144.98,658468.27,638859.9400000001,643095.62
43,0,67.59,3.688,213.1623524,9.575,2012,5,19,4,0,637964.2,593138.59,665687.92,633733.9225,641076.0825
43,0,72.06,3.63,213.1753618,9.575,2012,5,20,4,0,640159.04,637964.2,638144.98,627351.7025,639369.9983333334
43,0,82.41,3.561,213.1736682,9.575,2012,5,21,4,0,648541.81,640159.04,593138.59,629950.91,642328.235
43,0,80.89,3.501,213.1719747,9.575,2012,6,22,4,0,597406.39,648541.81,637964.2,631017.8600000001,634341.2691666667
43,0,85.73,3.452,213.1702811,9.575,2012,6,23,4,0,605078.62,597406.39,640159.04,622796.465,631708.015
43,0,87.75,3.393,213.1786952,9.575,2012,6,24,4,0,643032.51,605078.62,648541.81,623514.8325,630151.8058333334
43,0,87.51,3.346,213.2123786,9.575,2012,6,25,4,0,634815.1,643032.51,597406.39,620083.155,632141.3191666667
43,0,89.85,3.286,213.2460619,9.575,2012,6,26,4,0,613270.79,634815.1,605078.62,624049.255,631309.0183333333
43,0,82.68,3.227,213.2797452,9.285,2012,7,27,4,0,593128.13,613270.79,643032.51,621061.6325,625864.0066666667
43,0,78.82,3.256,213.3134286,9.285,2012,7,28,4,0,645618.59,593128.13,634815.1,621708.1525000001,624191.5625
43,0,83.83,3.311,213.3219124,9.285,2012,7,29,4,0,627634.04,645618.59,613270.79,619912.8875,623315.6508333333
43,0,82.01,3.407,213.3303963,9.285,2012,7,30,4,0,596554.05,627634.04,593128.13,615733.7025,623600.2725
43,0,85.06,3.417,213.3388802,9.285,2012,8,31,4,0,572447.52,596554.05,645618.59,610563.55,618140.5491666667
44,0,48.33,2.941,126.3805667,7.972,2010,4,17,4,0,278287.04,280048.74,286197.5,275473.645,276132.48500000004
44,0,44.42,2.948,126.2898,7.972,2010,5,18,4,0,272997.65,278287.04,257361.3,272173.6825,275458.04333333333
44,0,50.15,2.962,126.2085484,7.972,2010,5,19,4,0,285379.86,272997.65,280048.74,279178.3225,275334.9375
44,0,57.71,2.95,126.1843871,7.972,2010,5,20,4,0,286515.92,285379.86,278287.04,280795.1175,276881.5725
44,0,53.11,2.908,126.1602258,7.972,2010,5,21,4,0,267065.35,286515.92,272997.65,277989.69499999995,276380.42916666664
44,0,59.85,2.871,126.1360645,7.972,2010,6,22,4,0,291891.01,267065.35,285379.86,282713.03500000003,276986.57416666666
44,0,65.24,2.841,126.1119032,7.972,2010,6,23,4,0,282351.82,291891.01,286515.92,281956.02499999997,277833.3233333333
44,0,58.41,2.819,126.114,7.972,2010,6,24,4,0,296818.2,282351.82,267065.35,284531.595,280099.49
44,0,71.83,2.82,126.1266,7.972,2010,6,25,4,0,293481.36,296818.2,291891.01,291135.59750000003,281532.9791666667
44,0,78.82,2.814,126.1392,7.804,2010,7,26,4,0,288247.24,293481.36,282351.82,290224.655,281703.79083333333
44,0,71.33,2.802,126.1518,7.804,2010,7,27,4,0,300628.19,288247.24,296818.2,294793.7475,285309.365
44,0,77.79,2.791,126.1498065,7.804,2010,7,28,4,0,280472.78,300628.19,293481.36,290707.3925,285344.70166666666
44,0,82.27,2.797,126.1283548,7.804,2010,7,29,4,0,297099.95,280472.78,288247.24,291612.04000000004,286912.44416666665
44,0,78.94,2.797,126.1069032,7.804,2010,7,30,4,0,292680.16,297099.95,300628.19,292720.27,288552.6533333333
44,0,81.24,2.802,126.0854516,7.804,2010,8,31,4,0,275020.96,292680.16,280472.78,286318.4625,287689.4116666667
44,0,74.93,2.837,126.064,7.804,2010,8,32,4,0,296804.49,275020.96,297099.95,290401.39,288546.79250000004
44,0,76.34,2.85,126.0766452,7.804,2010,8,33,4,0,291028.09,296804.49,292680.16,288883.425,290543.6875
44,0,75.31,2.854,126.0892903,7.804,2010,8,34,4,0,284740.5,291028.09,275020.96,286898.51,289947.8116666667
44,0,65.71,2.868,126.1019355,7.804,2010,9,35,4,0,293155.08,284740.5,296804.49,291432.04000000004,290848.0833333333
44,1,65.74,2.87,126.1145806,7.804,2010,9,36,4,0,295880.12,293155.08,291028.09,291200.9475,290769.91
44,0,66.84,2.875,126.1454667,7.804,2010,9,37,4,0,283455.13,295880.12,284740.5,289307.7075,289934.3908333333
44,0,68.22,2.872,126.1900333,7.804,2010,9,38,4,0,279364.13,283455.13,293155.08,287963.615,289194.13166666665
44,0,68.74,2.853,126.2346,7.61,2010,10,39,4,0,281313.78,279364.13,295880.12,285003.29000000004,287584.59750000003
44,0,63.03,2.841,126.2791667,7.61,2010,10,40,4,0,300152.45,281313.78,283455.13,286071.3725,289224.57
44,0,54.12,2.845,126.3266774,7.61,2010,10,41,4,0,279524.44,300152.45,279364.13,285088.7,287759.94416666665
44,0,56.89,2.849,126.3815484,7.61,2010,10,42,4,0,268708.43,279524.44,281313.78,282424.775,285762.3
44,0,45.12,2.841,126.4364194,7.61,2010,10,43,4,0,270110.3,268708.43,300152.45,279623.905,285353.07833333337
44,0,49.96,2.831,126.4912903,7.61,2010,11,44,4,0,286497.49,270110.3,279524.44,276210.16500000004,284494.1616666667
44,0,42.55,2.831,126.5461613,7.61,2010,11,45,4,0,270516.84,286497.49,268708.43,273958.265,282784.8908333333
44,0,42.0,2.842,126.6072,7.61,2010,11,46,4,0,281909.79,270516.84,270110.3,277258.605,282548.99833333335
44,1,28.22,2.83,126.6692667,7.61,2010,11,47,4,0,284322.52,281909.79,286497.49,280811.66000000003,281812.95166666666
44,0,25.8,2.812,126.7313333,7.61,2010,12,48,4,0,307646.5,284322.52,270516.84,286098.9125,282793.48333333334
44,0,36.78,2.817,126.7934,7.61,2010,12,49,4,0,264214.12,307646.5,281909.79,284523.2325,281190.06583333336
44,0,35.21,2.842,126.8794839,7.61,2010,12,50,4,0,278253.28,264214.12,284322.52,283609.105,281097.49500000005
44,0,34.9,2.846,126.9835806,7.61,2010,12,51,4,0,278646.35,278253.28,307646.5,282190.0625,280875.20916666667
44,1,26.79,2.868,127.0876774,7.61,2010,12,52,4,0,365098.24,278646.35,264214.12,296552.9975,286287.35833333334
44,0,16.94,2.891,127.1917742,7.224,2011,1,1,4,0,241937.11,365098.24,278253.28,290983.745,283155.08083333337
44,0,20.6,2.903,127.3009355,7.224,2011,1,2,4,0,288320.38,241937.11,278646.35,293500.52,284789.41
44,0,34.8,2.934,127.4404839,7.224,2011,1,3,4,0,292859.36,288320.38,365098.24,297053.77249999996,286685.16500000004
44,0,31.64,2.96,127.5800323,7.224,2011,1,4,4,0,276157.8,292859.36,241937.11,274818.6625,285823.52416666667
44,0,23.35,2.974,127.7195806,7.224,2011,2,5,4,0,276011.4,276157.8,288320.38,283337.235,286281.4041666667
44,1,30.83,3.034,127.859129,7.224,2011,2,6,4,0,293953.08,276011.4,292859.36,284745.41000000003,287285.01166666666
44,0,40.85,3.062,127.99525,7.224,2011,2,7,4,0,307486.73,293953.08,276157.8,288402.2525,289215.3625
44,0,33.17,3.12,128.13,7.224,2011,2,8,4,0,280785.76,307486.73,276011.4,289559.2425,286976.9675
44,0,34.23,3.23,128.26475,7.224,2011,3,9,4,0,279427.93,280785.76,293953.08,290413.375,288244.785
44,0,41.28,3.346,128.3995,7.224,2011,3,10,4,0,293984.54,279427.93,307486.73,290421.24,289555.7233333333
44,0,44.69,3.407,128.5121935,7.224,2011,3,11,4,0,284496.14,293984.54,280785.76,284673.5925,290043.20583333337
44,0,42.38,3.435,128.6160645,7.224,2011,3,12,4,0,281699.68,284496.14,279427.93,284902.0725,283093.3258333333
44,0,42.49,3.487,128.7199355,6.906,2011,4,13,4,0,285031.81,281699.68,293984.54,286303.0425,286684.55083333334
44,0,42.75,3.547,128.8238065,6.906,2011,4,14,4,0,281514.26,285031.81,284496.14,283185.47250000003,286117.3741666667
44,0,41.72,3.616,128.9107333,6.906,2011,4,15,4,0,292498.61,281514.26,281699.68,285186.08999999997,286087.31166666665
44,0,47.55,3.655,128.9553,6.906,2011,4,16,4,0,289667.55,292498.61,285031.81,287178.0575,287213.12416666665
44,0,43.85,3.683,128.9998667,6.906,2011,4,17,4,0,280357.3,289667.55,281514.26,286009.43,287575.28250000003
44,0,47.75,3.744,129.0444333,6.906,2011,5,18,4,0,281247.97,280357.3,292498.61,285942.8575,286516.5233333333
44,0,52.4,3.77,129.089,6.906,2011,5,19,4,0,299354.67,281247.97,289667.55,287656.8725,285838.8516666666
44,0,52.12,3.802,129.0756774,6.906,2011,5,20,4,0,307095.31,299354.67,280357.3,292013.8125,288031.31416666665
44,0,54.62,3.778,129.0623548,6.906,2011,5,21,4,0,303559.23,307095.31,281247.97,297814.295,290042.2558333333
44,0,52.76,3.752,129.0490323,6.906,2011,6,22,4,0,308442.49,303559.23,299354.67,304612.925,291247.085
44,0,61.39,3.732,129.0357097,6.906,2011,6,23,4,0,308950.04,308442.49,307095.31,307011.7675,293284.91
44,0,63.35,3.704,129.0432,6.906,2011,6,24,4,0,308770.42,308950.04,303559.23,307430.545,295540.805
44,0,66.38,3.668,129.0663,6.906,2011,6,25,4,0,300255.87,308770.42,308442.49,306604.70499999996,296809.4766666666
44,0,74.29,3.613,129.0894,6.56,2011,7,26,4,0,296765.59,300255.87,308950.04,303685.48,298080.42083333334
44,0,77.3,3.563,129.1125,6.56,2011,7,27,4,0,315273.08,296765.59,308770.42,305266.24,299978.29333333333
44,0,75.59,3.553,129.1338387,6.56,2011,7,28,4,0,295339.01,315273.08,300255.87,301908.3875,300450.915
44,0,78.5,3.563,129.1507742,6.56,2011,7,29,4,0,289201.21,295339.01,296765.59,299144.72250000003,301187.9075
44,0,77.62,3.574,129.1677097,6.56,2011,7,30,4,0,303108.81,289201.21,315273.08,300730.52749999997,303009.64416666667
44,0,75.56,3.595,129.1846452,6.56,2011,8,31,4,0,279677.0,303108.81,295339.01,291831.5075,301369.8383333333
44,0,75.95,3.606,129.2015806,6.56,2011,8,32,4,0,298080.45,279677.0,289201.21,292516.8675,300618.60000000003
44,0,76.68,3.578,129.2405806,6.56,2011,8,33,4,0,290399.66,298080.45,303108.81,292816.48,299521.9691666667
44,0,81.53,3.57,129.2832581,6.56,2011,8,34,4,0,290909.69,290399.66,279677.0,289766.7,298060.9025
44,0,77.0,3.58,129.3259355,6.56,2011,9,35,4,0,324174.79,290909.69,298080.45,300891.14749999996,299329.63166666665
44,1,70.19,3.619,129.3686129,6.56,2011,9,36,4,0,309543.52,324174.79,290399.66,303756.91500000004,299394.05666666664
44,0,67.54,3.641,129.4306,6.56,2011,9,37,4,0,295811.25,309543.52,290909.69,305109.8125,299023.67166666663
44,0,63.6,3.648,129.5183333,6.56,2011,9,38,4,0,303974.28,295811.25,324174.79,308375.96,299624.3958333333
44,0,68.28,3.623,129.6060667,6.56,2011,9,39,4,0,307409.13,303974.28,309543.52,304184.54500000004,298969.06666666665
44,0,60.62,3.592,129.6938,6.078,2011,10,40,4,0,299757.75,307409.13,295811.25,301738.10250000004,299337.295
44,0,51.74,3.567,129.7706452,6.078,2011,10,41,4,0,312577.36,299757.75,303974.28,305929.63,301285.30750000005
44,0,54.66,3.579,129.7821613,6.078,2011,10,42,4,0,293031.78,312577.36,307409.13,303194.005,300445.555
44,0,47.41,3.567,129.7936774,6.078,2011,10,43,4,0,305969.81,293031.78,299757.75,302834.175,302636.6225
44,0,43.51,3.538,129.8051935,6.078,2011,11,44,4,0,306336.07,305969.81,312577.36,304478.755,303324.5908333333
44,0,33.8,3.513,129.8167097,6.078,2011,11,45,4,0,307126.34,306336.07,293031.78,303116.0,304718.48083333333
44,0,40.65,3.489,129.8268333,6.078,2011,11,46,4,0,312233.56,307126.34,305969.81,307916.445,306495.47
44,1,38.89,3.445,129.8364,6.078,2011,11,47,4,0,310531.04,312233.56,306336.07,309056.7525,305358.4908333333
44,0,33.94,3.389,129.8459667,6.078,2011,12,48,4,0,309129.01,310531.04,307126.34,309754.9875,305323.94833333336
44,0,24.82,3.341,129.8555333,6.078,2011,12,49,4,0,284309.34,309129.01,312233.56,304050.7375,304365.4558333333
44,0,27.85,3.282,129.8980645,6.078,2011,12,50,4,0,304300.91,284309.34,310531.04,302067.575,304392.675
44,0,24.76,3.186,129.9845484,6.078,2011,12,51,4,0,311144.16,304300.91,309129.01,302220.855,304703.9275
44,1,31.53,3.119,130.0710323,6.078,2011,12,52,4,0,376233.89,311144.16,284309.34,318997.07499999995,311076.93916666665
44,0,33.8,3.08,130.1575161,5.774,2012,1,1,4,0,263917.85,376233.89,304300.91,313899.2025,307021.98000000004
44,0,25.61,3.056,130.244,5.774,2012,1,2,4,0,325327.93,263917.85,311144.16,319155.9575,309713.32583333337
44,0,32.71,3.047,130.2792258,5.774,2012,1,3,4,0,312361.88,325327.93,376233.89,319460.3875,310245.99833333335
44,0,34.32,3.058,130.3144516,5.774,2012,1,4,4,0,316948.39,312361.88,263917.85,304639.0125,311130.35833333334
44,0,31.39,3.077,130.3496774,5.774,2012,2,5,4,0,308295.38,316948.39,325327.93,315733.395,311227.7783333333
44,1,33.73,3.116,130.3849032,5.774,2012,2,6,4,0,325986.05,308295.38,312361.88,315897.92500000005,312373.81916666665
44,0,36.57,3.119,130.4546207,5.774,2012,2,7,4,0,325377.97,325986.05,316948.39,319151.9475,313611.06333333335
44,0,35.38,3.145,130.5502069,5.774,2012,2,8,4,0,320691.21,325377.97,308295.38,320087.6525,314574.58
44,0,32.36,3.242,130.6457931,5.774,2012,3,9,4,0,315641.8,320691.21,325986.05,321924.25749999995,317185.61833333335
44,0,38.24,3.38,130.7413793,5.774,2012,3,10,4,0,316687.22,315641.8,325377.97,319599.55,318217.81083333335
44,0,52.5,3.529,130.8261935,5.774,2012,3,11,4,0,303438.24,316687.22,320691.21,314114.6175,317575.6508333333
44,0,47.83,3.671,130.8966452,5.774,2012,3,12,4,0,331965.95,303438.24,315641.8,316933.3025,313886.6558333333
44,0,53.2,3.734,130.9670968,5.774,2012,3,13,4,0,296947.06,331965.95,316687.22,312259.6175,316639.09
44,0,48.85,3.793,131.0375484,5.621,2012,4,14,4,0,310027.29,296947.06,303438.24,310594.635,315364.0366666667
44,0,51.7,3.833,131.108,5.621,2012,4,15,4,0,320021.1,310027.29,331965.95,314740.35,316002.305
44,0,50.24,3.845,131.1173333,5.621,2012,4,16,4,0,311390.22,320021.1,296947.06,309596.4175,315539.12416666665
44,0,64.8,3.842,131.1266667,5.621,2012,4,17,4,0,323233.8,311390.22,310027.29,316168.1025,316783.9925
44,0,54.41,3.831,131.136,5.621,2012,5,18,4,0,330338.36,323233.8,320021.1,321245.87,317146.685
44,0,56.47,3.809,131.1453333,5.621,2012,5,19,4,0,326053.28,330338.36,311390.22,322753.91500000004,317202.9608333333
44,0,65.17,3.808,131.0983226,5.621,2012,5,20,4,0,341381.08,326053.28,323233.8,330251.63,318927.11666666664
44,0,62.39,3.801,131.0287742,5.621,2012,5,21,4,0,334042.43,341381.08,330338.36,332953.7875,320460.5025
44,0,61.11,3.788,130.9592258,5.621,2012,6,22,4,0,343268.29,334042.43,326053.28,336186.27,322675.5916666666
44,0,68.4,3.776,130.8896774,5.621,2012,6,23,4,0,323410.94,343268.29,341381.08,335525.685,324339.98333333334
44,0,65.97,3.756,130.8295333,5.621,2012,6,24,4,0,340238.38,323410.94,334042.43,335240.01,325029.3525
44,0,72.89,3.737,130.7929,5.621,2012,6,25,4,0,338400.82,340238.38,343268.29,336329.6075,328483.83249999996
44,0,82.0,3.681,130.7562667,5.621,2012,6,26,4,0,336241.0,338400.82,323410.94,334572.785,330668.3083333333
44,0,79.23,3.63,130.7196333,5.407,2012,7,27,4,0,338386.08,336241.0,340238.38,338316.57,332198.7233333333
44,0,83.68,3.595,130.683,5.407,2012,7,28,4,0,358461.58,338386.08,338400.82,342872.37,336121.33666666667
44,0,75.69,3.556,130.7012903,5.407,2012,7,29,4,0,336479.49,358461.58,336241.0,342392.0375,337225.14416666667
44,0,80.42,3.537,130.7195806,5.407,2012,7,30,4,0,337819.16,336479.49,338386.08,342786.5775,337848.5441666667
44,0,81.99,3.512,130.737871,5.407,2012,8,31,4,0,319855.26,337819.16,358461.58,338153.8725,337332.0425
45,0,53.15,2.921,181.6620359,8.899,2010,4,17,4,0,749779.1,782221.96,877235.96,810754.9299999999,789489.5891666667
45,0,70.75,2.966,181.6468154,8.899,2010,5,18,4,0,737265.57,749779.1,833782.7,775762.3324999999,776704.2608333332
45,0,54.26,2.982,181.6612792,8.899,2010,5,19,4,0,812190.76,737265.57,782221.96,770364.3475,789637.7708333334
45,0,62.62,2.958,181.8538486,8.899,2010,5,20,4,0,758182.2,812190.76,749779.1,764354.4075,782714.2841666667
45,0,69.27,2.899,182.0464181,8.899,2010,5,21,4,0,747888.25,758182.2,737265.57,763881.695,783214.0008333334
45,0,75.93,2.847,182.2389876,8.899,2010,6,22,4,0,801098.43,747888.25,812190.76,779839.91,785142.9349999999
45,0,69.71,2.809,182.4315571,8.899,2010,6,23,4,0,837548.62,801098.43,758182.2,786179.375,791131.3683333332
45,0,72.62,2.78,182.4424199,8.899,2010,6,24,4,0,794698.77,837548.62,747888.25,795308.5175000001,792871.3083333335
45,0,79.32,2.808,182.3806,8.899,2010,6,25,4,0,815130.5,794698.77,801098.43,812119.0800000001,795585.235
45,0,76.61,2.815,182.3187801,8.743,2010,7,26,4,0,792299.15,815130.5,837548.62,809919.26,788507.1675
45,0,82.45,2.793,182.2569603,8.743,2010,7,27,4,0,800147.84,792299.15,794698.77,800569.065,785704.2625000001
45,0,77.84,2.783,182.2604411,8.743,2010,7,28,4,0,787062.0,800147.84,815130.5,798659.8724999999,786107.5991666667
45,0,81.46,2.771,182.3509895,8.743,2010,7,29,4,0,723708.99,787062.0,792299.15,775804.495,783935.0899999999
45,0,79.78,2.781,182.4415378,8.743,2010,7,30,4,0,714601.11,723708.99,800147.84,756379.985,782046.3850000001
45,0,77.17,2.784,182.5320862,8.743,2010,8,31,4,0,716859.27,714601.11,787062.0,735557.8425,774102.0941666666
45,0,78.44,2.805,182.6226346,8.743,2010,8,32,4,0,746517.32,716859.27,723708.99,725421.6725,773130.0208333334
45,0,76.01,2.779,182.6165205,8.743,2010,8,33,4,0,722262.21,746517.32,714601.11,725059.9774999999,770994.5175
45,0,71.36,2.755,182.6104063,8.743,2010,8,34,4,0,708568.29,722262.21,716859.27,723551.7725,763283.6725
45,0,78.37,2.715,182.6042922,8.743,2010,9,35,4,0,721744.33,708568.29,746517.32,724773.0375,753633.315
45,1,70.87,2.699,182.598178,8.743,2010,9,36,4,0,790144.7,721744.33,722262.21,735679.8825000001,753253.8091666667
45,0,66.55,2.706,182.622509,8.743,2010,9,37,4,0,721460.22,790144.7,708568.29,735479.385,745447.9525
45,0,68.59,2.713,182.6696737,8.743,2010,9,38,4,0,716987.58,721460.22,721744.33,737584.2075,739171.9883333333
45,0,70.58,2.707,182.7168385,8.724,2010,10,39,4,0,678228.58,716987.58,790144.7,726705.27,729012.0499999999
45,0,56.49,2.764,182.7640032,8.724,2010,10,40,4,0,690007.76,678228.58,721460.22,701671.0349999999,720924.1966666667
45,0,58.61,2.868,182.8106203,8.724,2010,10,41,4,0,745782.1,690007.76,716987.58,707751.505,722763.6224999999
45,0,53.15,2.917,182.8558685,8.724,2010,10,42,4,0,715263.3,745782.1,678228.58,707320.4349999999,722818.805
45,0,61.3,2.921,182.9011166,8.724,2010,10,43,4,0,730899.37,715263.3,690007.76,720488.1325000001,723988.8133333334
45,0,45.65,2.917,182.9463648,8.724,2010,11,44,4,0,732859.76,730899.37,745782.1,731201.1325000001,722850.6833333332
45,0,46.14,2.931,182.9916129,8.724,2010,11,45,4,0,764014.06,732859.76,715263.3,735759.1225,726330.0041666665
45,0,50.02,3.0,182.8989385,8.724,2010,11,46,4,0,765648.93,764014.06,730899.37,748355.53,731086.7241666666
45,1,46.15,3.039,182.7832769,8.724,2010,11,47,4,0,723987.85,765648.93,732859.76,746627.65,731273.6841666666
45,0,40.93,3.046,182.6676154,8.724,2010,12,48,4,0,1182500.16,723987.85,764014.06,859037.75,763969.9725
45,0,30.54,3.109,182.5519538,8.724,2010,12,49,4,0,879244.9,1182500.16,765648.93,887845.4600000001,777118.6958333333
45,0,30.51,3.14,182.517732,8.724,2010,12,50,4,0,1002364.34,879244.9,723987.85,947024.3125,800900.0924999999
45,0,30.59,3.141,182.54459,8.724,2010,12,51,4,0,1123282.85,1002364.34,1182500.16,1046848.0625,837987.9483333332
45,1,29.67,3.179,182.5714479,8.724,2010,12,52,4,0,1682862.03,1123282.85,879244.9,1171938.53,920725.8041666667
45,0,34.32,3.193,182.5983058,8.549,2011,1,1,4,0,679156.2,1682862.03,1002364.34,1121916.355,915173.6458333334
45,0,24.78,3.205,182.6585782,8.549,2011,1,2,4,0,680254.35,679156.2,1123282.85,1041388.8575,912256.2333333333
45,0,30.55,3.229,182.9193368,8.549,2011,1,3,4,0,654018.95,680254.35,1682862.03,924072.8825,905849.5316666667
45,0,24.05,3.237,183.1800955,8.549,2011,1,4,4,0,644285.33,654018.95,679156.2,664428.7075,898468.3291666667
45,0,28.73,3.231,183.4408542,8.549,2011,2,5,4,0,617207.58,644285.33,680254.35,648941.5525,886234.4558333334
45,1,30.3,3.239,183.7016129,8.549,2011,2,6,4,0,759442.33,617207.58,654018.95,668738.5474999999,885717.2391666668
45,0,40.7,3.245,183.9371353,8.549,2011,2,7,4,0,766456.0,759442.33,644285.33,696847.81,889256.2516666666
45,0,35.78,3.274,184.1625632,8.549,2011,2,8,4,0,802253.41,766456.0,617207.58,736339.83,857569.0225
45,0,38.65,3.433,184.3879911,8.549,2011,3,9,4,0,733716.78,802253.41,759442.33,765467.13,845441.6791666667
45,0,45.01,3.582,184.613419,8.549,2011,3,10,4,0,761880.36,733716.78,766456.0,766076.6375000001,825401.3475
45,0,46.66,3.631,184.809719,8.549,2011,3,11,4,0,714014.73,761880.36,802253.41,752966.32,791295.6708333334
45,0,41.76,3.625,184.9943679,8.549,2011,3,12,4,0,733564.77,714014.73,733716.78,735794.16,712187.5658333333
45,0,37.27,3.638,185.1790167,8.521,2011,4,13,4,0,719737.25,733564.77,761880.36,732299.2775,715569.32
45,0,48.71,3.72,185.3636656,8.521,2011,4,14,4,0,712425.76,719737.25,714014.73,719935.6275,718250.2708333334
45,0,53.69,3.821,185.5339821,8.521,2011,4,15,4,0,750182.71,712425.76,733564.77,728977.6225,726263.9175
45,0,53.04,3.892,185.6684673,8.521,2011,4,16,4,0,765270.02,750182.71,719737.25,736903.935,736345.975
45,0,66.18,3.962,185.8029526,8.521,2011,4,17,4,0,813630.44,765270.02,712425.76,760377.2324999999,752714.5466666667
45,0,58.21,4.046,185.9374378,8.521,2011,5,18,4,0,786561.61,813630.44,750182.71,778911.1950000001,754974.4866666667
45,0,60.38,4.066,186.0719231,8.521,2011,5,19,4,0,810150.64,786561.61,765270.02,793903.1775,758615.7066666667
45,0,62.28,4.062,185.9661154,8.521,2011,5,20,4,0,793889.1,810150.64,813630.44,801057.9474999999,757918.6808333333
45,0,69.7,3.985,185.8603077,8.521,2011,5,21,4,0,727163.67,793889.1,786561.61,779441.2549999999,757372.5883333333
45,0,76.38,3.922,185.7545,8.521,2011,6,22,4,0,817653.25,727163.67,810150.64,787214.165,762020.3291666666
45,0,73.88,3.881,185.6486923,8.521,2011,6,23,4,0,877423.45,817653.25,793889.1,804032.3675,775637.7225
45,0,69.32,3.842,185.6719333,8.521,2011,6,24,4,0,814395.17,877423.45,727163.67,809158.885,782373.5891666667
45,0,74.85,3.804,185.7919609,8.521,2011,6,25,4,0,811153.67,814395.17,817653.25,830156.385,789991.6241666666
45,0,74.04,3.748,185.9119885,8.625,2011,7,26,4,0,762861.78,811153.67,877423.45,816458.5175000001,794194.6258333334
45,0,77.49,3.711,186.032016,8.625,2011,7,27,4,0,791495.25,762861.78,814395.17,794976.4675,797637.3374999999
45,0,78.47,3.76,186.1399808,8.625,2011,7,28,4,0,768718.11,791495.25,811153.67,783557.2025,797924.6783333333
45,0,82.33,3.811,186.2177885,8.625,2011,7,29,4,0,748435.2,768718.11,762861.78,767877.585,792491.7416666667
45,0,81.31,3.829,186.2955962,8.625,2011,7,30,4,0,741625.25,748435.2,791495.25,762568.4525,788747.0449999999
45,0,78.22,3.842,186.3734038,8.625,2011,8,31,4,0,704680.97,741625.25,768718.11,740864.8825,779957.9058333334
45,0,77.0,3.812,186.4512115,8.625,2011,8,32,4,0,765996.92,704680.97,748435.2,740184.585,777633.5575000001
45,0,72.98,3.747,186.5093071,8.625,2011,8,33,4,0,724180.89,765996.92,741625.25,734121.0075,777384.9924999998
45,0,72.55,3.704,186.5641172,8.625,2011,8,34,4,0,712362.72,724180.89,704680.97,726805.375,768610.7816666667
45,0,70.63,3.703,186.6189274,8.625,2011,9,35,4,0,833979.01,712362.72,765996.92,759129.885,764990.4116666666
45,1,71.48,3.738,186.6737376,8.625,2011,9,36,4,0,726482.39,833979.01,724180.89,749251.2525000001,757664.3466666667
45,0,69.17,3.742,186.8024,8.625,2011,9,37,4,0,746129.56,726482.39,712362.72,754738.42,752245.6708333334
45,0,63.75,3.711,187.0295321,8.625,2011,9,38,4,0,711367.56,746129.56,833979.01,754489.63,747954.4858333333
45,0,70.66,3.645,187.2566641,8.625,2011,9,39,4,0,714106.42,711367.56,726482.39,724521.4825,741505.4166666666
45,0,55.82,3.583,187.4837962,8.523,2011,10,40,4,0,698986.34,714106.42,746129.56,717647.47,735694.4358333334
45,0,63.82,3.541,187.6917481,8.523,2011,10,41,4,0,753447.05,698986.34,711367.56,719476.8425,736112.09
45,0,59.6,3.57,187.7846197,8.523,2011,10,42,4,0,720946.99,753447.05,714106.42,721871.7,734388.9016666667
45,0,51.78,3.569,187.8774913,8.523,2011,10,43,4,0,771686.4,720946.99,698986.34,736266.6950000001,739972.6875
45,0,43.92,3.551,187.9703629,8.523,2011,11,44,4,0,781694.57,771686.4,753447.05,756943.7525000001,741280.8250000001
45,0,47.65,3.53,188.0632345,8.523,2011,11,45,4,0,833429.22,781694.57,720946.99,776939.2949999999,750384.8525
45,0,51.34,3.53,188.1983654,8.523,2011,11,46,4,0,808624.82,833429.22,771686.4,798858.7525,758406.6941666667
45,1,48.71,3.492,188.3504,8.523,2011,11,47,4,0,773603.77,808624.82,781694.57,799338.095,753375.4241666667
45,0,50.19,3.452,188.5024346,8.523,2011,12,48,4,0,1170672.94,773603.77,833429.22,896582.6875,790391.3033333333
45,0,46.57,3.415,188.6544692,8.523,2011,12,49,4,0,875699.81,1170672.94,808624.82,907150.3350000001,801188.8241666666
45,0,39.93,3.413,188.7979349,8.523,2011,12,50,4,0,957155.31,875699.81,773603.77,944282.9575,821671.1366666667
45,0,42.27,3.389,188.9299752,8.523,2011,12,51,4,0,1078905.68,957155.31,1170672.94,1020608.435,852071.0750000001
45,1,37.79,3.389,189.0620155,8.523,2011,12,52,4,0,1521957.99,1078905.68,875699.81,1108429.6975,920652.0458333333
45,0,35.88,3.422,189.1940558,8.424,2012,1,1,4,0,869403.63,1521957.99,957155.31,1106855.6525,930315.0941666667
45,0,41.18,3.513,189.3260962,8.424,2012,1,2,4,0,714081.05,869403.63,1078905.68,1046087.0875,929742.9325
45,0,31.85,3.533,189.4214733,8.424,2012,1,3,4,0,676615.53,714081.05,1521957.99,945514.5499999999,921820.36
45,0,37.93,3.567,189.5168505,8.424,2012,1,4,4,0,700392.21,676615.53,869403.63,740123.105,915045.1633333332
45,0,42.96,3.617,189.6122277,8.424,2012,2,5,4,0,624081.64,700392.21,714081.05,678792.6075,897599.5316666667
45,1,37.0,3.64,189.7076048,8.424,2012,2,6,4,0,757330.95,624081.64,676615.53,689605.0825,893325.0425
45,0,36.85,3.695,189.8424834,8.424,2012,2,7,4,0,803657.12,757330.95,700392.21,721365.48,895829.4883333334
45,0,42.86,3.739,190.0069881,8.424,2012,2,8,4,0,858853.75,803657.12,624081.64,760980.865,869844.5558333335
45,0,41.55,3.816,190.1714927,8.424,2012,3,9,4,0,753060.78,858853.75,757330.95,793225.65,859624.6366666667
45,0,45.52,3.848,190.3359973,8.424,2012,3,10,4,0,782796.01,753060.78,803657.12,799591.915,845094.695
45,0,50.56,3.862,190.4618964,8.424,2012,3,11,4,0,776968.87,782796.01,858853.75,792919.8525,819933.2941666668
45,0,59.45,3.9,190.5363213,8.424,2012,3,12,4,0,788340.23,776968.87,753060.78,775291.4725,758798.4808333333
45,0,50.04,3.953,190.6107463,8.424,2012,3,13,4,0,791835.37,788340.23,782796.01,784985.12,752334.4591666666
45,0,49.73,3.996,190.6851712,8.567,2012,4,14,4,0,777254.06,791835.37,776968.87,783599.6325000001,757598.8766666666
45,0,51.83,4.044,190.7595962,8.567,2012,4,15,4,0,899479.43,777254.06,788340.23,814227.2725,776170.8683333333
45,0,63.13,4.027,190.8138013,8.567,2012,4,16,4,0,781970.6,899479.43,791835.37,812634.865,782969.0675
45,0,53.2,4.004,190.8680064,8.567,2012,4,17,4,0,776661.74,781970.6,777254.06,808841.4575,795684.0758333333
45,0,55.21,3.951,190.9222115,8.567,2012,5,18,4,0,711571.88,776661.74,899479.43,792420.9125,791870.82
45,0,61.24,3.889,190.9764167,8.567,2012,5,19,4,0,782300.68,711571.88,781970.6,763126.225,790091.1166666666
45,0,66.3,3.848,190.9964479,8.567,2012,5,20,4,0,770487.37,782300.68,776661.74,760255.4175,782727.2516666666
45,0,67.21,3.798,191.0028096,8.567,2012,5,21,4,0,800842.28,770487.37,711571.88,766300.5525,786709.0433333333
45,0,74.48,3.742,191.0091712,8.567,2012,6,22,4,0,817741.17,800842.28,782300.68,792842.875,789621.14
45,0,64.3,3.689,191.0155329,8.567,2012,6,23,4,0,837144.63,817741.17,770487.37,806553.8625,794635.7866666666
45,0,71.93,3.62,191.0299731,8.567,2012,6,24,4,0,795133.0,837144.63,800842.28,812715.27,795201.8508333334
45,0,74.22,3.564,191.0646096,8.567,2012,6,25,4,0,821498.18,795133.0,817741.17,817879.245,797673.7516666666
45,0,75.22,3.506,191.0992462,8.567,2012,6,26,4,0,822569.16,821498.18,837144.63,819086.2425,801450.0100000001
45,0,82.99,3.475,191.1338827,8.684,2012,7,27,4,0,773367.71,822569.16,795133.0,803142.0125,790940.6999999998
45,0,79.97,3.523,191.1685192,8.684,2012,7,28,4,0,843361.1,773367.71,821498.18,815199.0375,796056.5750000001
45,0,78.89,3.567,191.1670428,8.684,2012,7,29,4,0,749817.08,843361.1,822569.16,797278.7625,793819.52
45,0,77.2,3.647,191.1655664,8.684,2012,7,30,4,0,737613.65,749817.08,773367.71,776039.885,795989.6675
45,0,76.58,3.654,191.16409,8.684,2012,8,31,4,0,711671.58,737613.65,843361.1,760615.8525,790103.9091666667
